--
-- PostgreSQL database dump
--

SET statement_timeout = 0;
SET lock_timeout = 0;
SET client_encoding = 'UTF8';
SET standard_conforming_strings = on;
SET check_function_bodies = false;
SET client_min_messages = warning;

--
-- Name: plpgsql; Type: EXTENSION; Schema: -; Owner: 
--

CREATE EXTENSION IF NOT EXISTS plpgsql WITH SCHEMA pg_catalog;


--
-- Name: EXTENSION plpgsql; Type: COMMENT; Schema: -; Owner: 
--

COMMENT ON EXTENSION plpgsql IS 'PL/pgSQL procedural language';


SET search_path = public, pg_catalog;

SET default_tablespace = '';

SET default_with_oids = false;

--
-- Name: auth_group; Type: TABLE; Schema: public; Owner: kd_admin; Tablespace: 
--

CREATE TABLE auth_group (
    id integer NOT NULL,
    name character varying(80) NOT NULL
);


ALTER TABLE public.auth_group OWNER TO kd_admin;

--
-- Name: auth_group_id_seq; Type: SEQUENCE; Schema: public; Owner: kd_admin
--

CREATE SEQUENCE auth_group_id_seq
    START WITH 1
    INCREMENT BY 1
    NO MINVALUE
    NO MAXVALUE
    CACHE 1;


ALTER TABLE public.auth_group_id_seq OWNER TO kd_admin;

--
-- Name: auth_group_id_seq; Type: SEQUENCE OWNED BY; Schema: public; Owner: kd_admin
--

ALTER SEQUENCE auth_group_id_seq OWNED BY auth_group.id;


--
-- Name: auth_group_permissions; Type: TABLE; Schema: public; Owner: kd_admin; Tablespace: 
--

CREATE TABLE auth_group_permissions (
    id integer NOT NULL,
    group_id integer NOT NULL,
    permission_id integer NOT NULL
);


ALTER TABLE public.auth_group_permissions OWNER TO kd_admin;

--
-- Name: auth_group_permissions_id_seq; Type: SEQUENCE; Schema: public; Owner: kd_admin
--

CREATE SEQUENCE auth_group_permissions_id_seq
    START WITH 1
    INCREMENT BY 1
    NO MINVALUE
    NO MAXVALUE
    CACHE 1;


ALTER TABLE public.auth_group_permissions_id_seq OWNER TO kd_admin;

--
-- Name: auth_group_permissions_id_seq; Type: SEQUENCE OWNED BY; Schema: public; Owner: kd_admin
--

ALTER SEQUENCE auth_group_permissions_id_seq OWNED BY auth_group_permissions.id;


--
-- Name: auth_permission; Type: TABLE; Schema: public; Owner: kd_admin; Tablespace: 
--

CREATE TABLE auth_permission (
    id integer NOT NULL,
    name character varying(255) NOT NULL,
    content_type_id integer NOT NULL,
    codename character varying(100) NOT NULL
);


ALTER TABLE public.auth_permission OWNER TO kd_admin;

--
-- Name: auth_permission_id_seq; Type: SEQUENCE; Schema: public; Owner: kd_admin
--

CREATE SEQUENCE auth_permission_id_seq
    START WITH 1
    INCREMENT BY 1
    NO MINVALUE
    NO MAXVALUE
    CACHE 1;


ALTER TABLE public.auth_permission_id_seq OWNER TO kd_admin;

--
-- Name: auth_permission_id_seq; Type: SEQUENCE OWNED BY; Schema: public; Owner: kd_admin
--

ALTER SEQUENCE auth_permission_id_seq OWNED BY auth_permission.id;


--
-- Name: auth_user; Type: TABLE; Schema: public; Owner: kd_admin; Tablespace: 
--

CREATE TABLE auth_user (
    id integer NOT NULL,
    password character varying(128) NOT NULL,
    last_login timestamp with time zone,
    is_superuser boolean NOT NULL,
    username character varying(150) NOT NULL,
    first_name character varying(30) NOT NULL,
    last_name character varying(30) NOT NULL,
    email character varying(254) NOT NULL,
    is_staff boolean NOT NULL,
    is_active boolean NOT NULL,
    date_joined timestamp with time zone NOT NULL
);


ALTER TABLE public.auth_user OWNER TO kd_admin;

--
-- Name: auth_user_groups; Type: TABLE; Schema: public; Owner: kd_admin; Tablespace: 
--

CREATE TABLE auth_user_groups (
    id integer NOT NULL,
    user_id integer NOT NULL,
    group_id integer NOT NULL
);


ALTER TABLE public.auth_user_groups OWNER TO kd_admin;

--
-- Name: auth_user_groups_id_seq; Type: SEQUENCE; Schema: public; Owner: kd_admin
--

CREATE SEQUENCE auth_user_groups_id_seq
    START WITH 1
    INCREMENT BY 1
    NO MINVALUE
    NO MAXVALUE
    CACHE 1;


ALTER TABLE public.auth_user_groups_id_seq OWNER TO kd_admin;

--
-- Name: auth_user_groups_id_seq; Type: SEQUENCE OWNED BY; Schema: public; Owner: kd_admin
--

ALTER SEQUENCE auth_user_groups_id_seq OWNED BY auth_user_groups.id;


--
-- Name: auth_user_id_seq; Type: SEQUENCE; Schema: public; Owner: kd_admin
--

CREATE SEQUENCE auth_user_id_seq
    START WITH 1
    INCREMENT BY 1
    NO MINVALUE
    NO MAXVALUE
    CACHE 1;


ALTER TABLE public.auth_user_id_seq OWNER TO kd_admin;

--
-- Name: auth_user_id_seq; Type: SEQUENCE OWNED BY; Schema: public; Owner: kd_admin
--

ALTER SEQUENCE auth_user_id_seq OWNED BY auth_user.id;


--
-- Name: auth_user_user_permissions; Type: TABLE; Schema: public; Owner: kd_admin; Tablespace: 
--

CREATE TABLE auth_user_user_permissions (
    id integer NOT NULL,
    user_id integer NOT NULL,
    permission_id integer NOT NULL
);


ALTER TABLE public.auth_user_user_permissions OWNER TO kd_admin;

--
-- Name: auth_user_user_permissions_id_seq; Type: SEQUENCE; Schema: public; Owner: kd_admin
--

CREATE SEQUENCE auth_user_user_permissions_id_seq
    START WITH 1
    INCREMENT BY 1
    NO MINVALUE
    NO MAXVALUE
    CACHE 1;


ALTER TABLE public.auth_user_user_permissions_id_seq OWNER TO kd_admin;

--
-- Name: auth_user_user_permissions_id_seq; Type: SEQUENCE OWNED BY; Schema: public; Owner: kd_admin
--

ALTER SEQUENCE auth_user_user_permissions_id_seq OWNED BY auth_user_user_permissions.id;


--
-- Name: django_admin_log; Type: TABLE; Schema: public; Owner: kd_admin; Tablespace: 
--

CREATE TABLE django_admin_log (
    id integer NOT NULL,
    action_time timestamp with time zone NOT NULL,
    object_id text,
    object_repr character varying(200) NOT NULL,
    action_flag smallint NOT NULL,
    change_message text NOT NULL,
    content_type_id integer,
    user_id integer NOT NULL,
    CONSTRAINT django_admin_log_action_flag_check CHECK ((action_flag >= 0))
);


ALTER TABLE public.django_admin_log OWNER TO kd_admin;

--
-- Name: django_admin_log_id_seq; Type: SEQUENCE; Schema: public; Owner: kd_admin
--

CREATE SEQUENCE django_admin_log_id_seq
    START WITH 1
    INCREMENT BY 1
    NO MINVALUE
    NO MAXVALUE
    CACHE 1;


ALTER TABLE public.django_admin_log_id_seq OWNER TO kd_admin;

--
-- Name: django_admin_log_id_seq; Type: SEQUENCE OWNED BY; Schema: public; Owner: kd_admin
--

ALTER SEQUENCE django_admin_log_id_seq OWNED BY django_admin_log.id;


--
-- Name: django_content_type; Type: TABLE; Schema: public; Owner: kd_admin; Tablespace: 
--

CREATE TABLE django_content_type (
    id integer NOT NULL,
    app_label character varying(100) NOT NULL,
    model character varying(100) NOT NULL
);


ALTER TABLE public.django_content_type OWNER TO kd_admin;

--
-- Name: django_content_type_id_seq; Type: SEQUENCE; Schema: public; Owner: kd_admin
--

CREATE SEQUENCE django_content_type_id_seq
    START WITH 1
    INCREMENT BY 1
    NO MINVALUE
    NO MAXVALUE
    CACHE 1;


ALTER TABLE public.django_content_type_id_seq OWNER TO kd_admin;

--
-- Name: django_content_type_id_seq; Type: SEQUENCE OWNED BY; Schema: public; Owner: kd_admin
--

ALTER SEQUENCE django_content_type_id_seq OWNED BY django_content_type.id;


--
-- Name: django_migrations; Type: TABLE; Schema: public; Owner: kd_admin; Tablespace: 
--

CREATE TABLE django_migrations (
    id integer NOT NULL,
    app character varying(255) NOT NULL,
    name character varying(255) NOT NULL,
    applied timestamp with time zone NOT NULL
);


ALTER TABLE public.django_migrations OWNER TO kd_admin;

--
-- Name: django_migrations_id_seq; Type: SEQUENCE; Schema: public; Owner: kd_admin
--

CREATE SEQUENCE django_migrations_id_seq
    START WITH 1
    INCREMENT BY 1
    NO MINVALUE
    NO MAXVALUE
    CACHE 1;


ALTER TABLE public.django_migrations_id_seq OWNER TO kd_admin;

--
-- Name: django_migrations_id_seq; Type: SEQUENCE OWNED BY; Schema: public; Owner: kd_admin
--

ALTER SEQUENCE django_migrations_id_seq OWNED BY django_migrations.id;


--
-- Name: django_session; Type: TABLE; Schema: public; Owner: kd_admin; Tablespace: 
--

CREATE TABLE django_session (
    session_key character varying(40) NOT NULL,
    session_data text NOT NULL,
    expire_date timestamp with time zone NOT NULL
);


ALTER TABLE public.django_session OWNER TO kd_admin;

--
-- Name: dvor_project; Type: TABLE; Schema: public; Owner: kd_admin; Tablespace: 
--

CREATE TABLE dvor_project (
    id integer NOT NULL,
    name character varying(25) NOT NULL,
    slug character varying(50) NOT NULL,
    img character varying(100) NOT NULL,
    size character varying(25) NOT NULL,
    description text NOT NULL,
    price integer NOT NULL,
    square smallint NOT NULL,
    tech smallint NOT NULL,
    CONSTRAINT dvor_project_square_check CHECK ((square >= 0)),
    CONSTRAINT dvor_project_tech_check CHECK ((tech >= 0))
);


ALTER TABLE public.dvor_project OWNER TO kd_admin;

--
-- Name: dvor_project_id_seq; Type: SEQUENCE; Schema: public; Owner: kd_admin
--

CREATE SEQUENCE dvor_project_id_seq
    START WITH 1
    INCREMENT BY 1
    NO MINVALUE
    NO MAXVALUE
    CACHE 1;


ALTER TABLE public.dvor_project_id_seq OWNER TO kd_admin;

--
-- Name: dvor_project_id_seq; Type: SEQUENCE OWNED BY; Schema: public; Owner: kd_admin
--

ALTER SEQUENCE dvor_project_id_seq OWNED BY dvor_project.id;


--
-- Name: thumbnail_kvstore; Type: TABLE; Schema: public; Owner: kd_admin; Tablespace: 
--

CREATE TABLE thumbnail_kvstore (
    key character varying(200) NOT NULL,
    value text NOT NULL
);


ALTER TABLE public.thumbnail_kvstore OWNER TO kd_admin;

--
-- Name: id; Type: DEFAULT; Schema: public; Owner: kd_admin
--

ALTER TABLE ONLY auth_group ALTER COLUMN id SET DEFAULT nextval('auth_group_id_seq'::regclass);


--
-- Name: id; Type: DEFAULT; Schema: public; Owner: kd_admin
--

ALTER TABLE ONLY auth_group_permissions ALTER COLUMN id SET DEFAULT nextval('auth_group_permissions_id_seq'::regclass);


--
-- Name: id; Type: DEFAULT; Schema: public; Owner: kd_admin
--

ALTER TABLE ONLY auth_permission ALTER COLUMN id SET DEFAULT nextval('auth_permission_id_seq'::regclass);


--
-- Name: id; Type: DEFAULT; Schema: public; Owner: kd_admin
--

ALTER TABLE ONLY auth_user ALTER COLUMN id SET DEFAULT nextval('auth_user_id_seq'::regclass);


--
-- Name: id; Type: DEFAULT; Schema: public; Owner: kd_admin
--

ALTER TABLE ONLY auth_user_groups ALTER COLUMN id SET DEFAULT nextval('auth_user_groups_id_seq'::regclass);


--
-- Name: id; Type: DEFAULT; Schema: public; Owner: kd_admin
--

ALTER TABLE ONLY auth_user_user_permissions ALTER COLUMN id SET DEFAULT nextval('auth_user_user_permissions_id_seq'::regclass);


--
-- Name: id; Type: DEFAULT; Schema: public; Owner: kd_admin
--

ALTER TABLE ONLY django_admin_log ALTER COLUMN id SET DEFAULT nextval('django_admin_log_id_seq'::regclass);


--
-- Name: id; Type: DEFAULT; Schema: public; Owner: kd_admin
--

ALTER TABLE ONLY django_content_type ALTER COLUMN id SET DEFAULT nextval('django_content_type_id_seq'::regclass);


--
-- Name: id; Type: DEFAULT; Schema: public; Owner: kd_admin
--

ALTER TABLE ONLY django_migrations ALTER COLUMN id SET DEFAULT nextval('django_migrations_id_seq'::regclass);


--
-- Name: id; Type: DEFAULT; Schema: public; Owner: kd_admin
--

ALTER TABLE ONLY dvor_project ALTER COLUMN id SET DEFAULT nextval('dvor_project_id_seq'::regclass);


--
-- Data for Name: auth_group; Type: TABLE DATA; Schema: public; Owner: kd_admin
--

COPY auth_group (id, name) FROM stdin;
\.


--
-- Name: auth_group_id_seq; Type: SEQUENCE SET; Schema: public; Owner: kd_admin
--

SELECT pg_catalog.setval('auth_group_id_seq', 1, false);


--
-- Data for Name: auth_group_permissions; Type: TABLE DATA; Schema: public; Owner: kd_admin
--

COPY auth_group_permissions (id, group_id, permission_id) FROM stdin;
\.


--
-- Name: auth_group_permissions_id_seq; Type: SEQUENCE SET; Schema: public; Owner: kd_admin
--

SELECT pg_catalog.setval('auth_group_permissions_id_seq', 1, false);


--
-- Data for Name: auth_permission; Type: TABLE DATA; Schema: public; Owner: kd_admin
--

COPY auth_permission (id, name, content_type_id, codename) FROM stdin;
1	Can add log entry	1	add_logentry
2	Can change log entry	1	change_logentry
3	Can delete log entry	1	delete_logentry
4	Can add user	2	add_user
5	Can change user	2	change_user
6	Can delete user	2	delete_user
7	Can add group	3	add_group
8	Can change group	3	change_group
9	Can delete group	3	delete_group
10	Can add permission	4	add_permission
11	Can change permission	4	change_permission
12	Can delete permission	4	delete_permission
13	Can add content type	5	add_contenttype
14	Can change content type	5	change_contenttype
15	Can delete content type	5	delete_contenttype
16	Can add session	6	add_session
17	Can change session	6	change_session
18	Can delete session	6	delete_session
19	Can add project	7	add_project
20	Can change project	7	change_project
21	Can delete project	7	delete_project
22	Can add kv store	8	add_kvstore
23	Can change kv store	8	change_kvstore
24	Can delete kv store	8	delete_kvstore
\.


--
-- Name: auth_permission_id_seq; Type: SEQUENCE SET; Schema: public; Owner: kd_admin
--

SELECT pg_catalog.setval('auth_permission_id_seq', 24, true);


--
-- Data for Name: auth_user; Type: TABLE DATA; Schema: public; Owner: kd_admin
--

COPY auth_user (id, password, last_login, is_superuser, username, first_name, last_name, email, is_staff, is_active, date_joined) FROM stdin;
1	pbkdf2_sha256$30000$eFoTZv3MQ7CI$70Y8/tju6DQXGh3pcp9nv9zUtLohR8Ki3TgClB00Q8Q=	2017-01-15 08:14:46.38957+00	t	Polgur			polgur@inbox.ru	t	t	2017-01-15 08:13:55.521197+00
\.


--
-- Data for Name: auth_user_groups; Type: TABLE DATA; Schema: public; Owner: kd_admin
--

COPY auth_user_groups (id, user_id, group_id) FROM stdin;
\.


--
-- Name: auth_user_groups_id_seq; Type: SEQUENCE SET; Schema: public; Owner: kd_admin
--

SELECT pg_catalog.setval('auth_user_groups_id_seq', 1, false);


--
-- Name: auth_user_id_seq; Type: SEQUENCE SET; Schema: public; Owner: kd_admin
--

SELECT pg_catalog.setval('auth_user_id_seq', 1, true);


--
-- Data for Name: auth_user_user_permissions; Type: TABLE DATA; Schema: public; Owner: kd_admin
--

COPY auth_user_user_permissions (id, user_id, permission_id) FROM stdin;
\.


--
-- Name: auth_user_user_permissions_id_seq; Type: SEQUENCE SET; Schema: public; Owner: kd_admin
--

SELECT pg_catalog.setval('auth_user_user_permissions_id_seq', 1, false);


--
-- Data for Name: django_admin_log; Type: TABLE DATA; Schema: public; Owner: kd_admin
--

COPY django_admin_log (id, action_time, object_id, object_repr, action_flag, change_message, content_type_id, user_id) FROM stdin;
1	2017-01-15 08:25:19.232475+00	1	Project object	1	[{"added": {}}]	7	1
2	2017-01-15 09:47:48.620219+00	1	Жевнево	2	[{"changed": {"fields": ["img"]}}]	7	1
3	2017-01-15 10:13:46.35917+00	1	Жевнево	3		7	1
4	2017-01-15 10:14:10.738559+00	2	Жевнево	1	[{"added": {}}]	7	1
5	2017-01-15 10:14:44.509799+00	2	Жевнево	3		7	1
6	2017-01-15 10:15:48.788205+00	3	Жевнево	1	[{"added": {}}]	7	1
7	2017-01-15 14:07:48.129042+00	3	Жевнево	2	[{"changed": {"fields": ["img"]}}]	7	1
8	2017-01-15 14:08:01.535612+00	3	Жевнево	2	[{"changed": {"fields": ["img"]}}]	7	1
9	2017-01-15 14:33:06.050646+00	4	Спасское	1	[{"added": {}}]	7	1
10	2017-01-15 14:34:31.932461+00	5	Саввино	1	[{"added": {}}]	7	1
11	2017-01-15 14:36:16.889976+00	6	Назарово	1	[{"added": {}}]	7	1
12	2017-01-17 15:42:29.633956+00	7	Ивино	1	[{"added": {}}]	7	1
\.


--
-- Name: django_admin_log_id_seq; Type: SEQUENCE SET; Schema: public; Owner: kd_admin
--

SELECT pg_catalog.setval('django_admin_log_id_seq', 12, true);


--
-- Data for Name: django_content_type; Type: TABLE DATA; Schema: public; Owner: kd_admin
--

COPY django_content_type (id, app_label, model) FROM stdin;
1	admin	logentry
2	auth	user
3	auth	group
4	auth	permission
5	contenttypes	contenttype
6	sessions	session
7	dvor	project
8	thumbnail	kvstore
\.


--
-- Name: django_content_type_id_seq; Type: SEQUENCE SET; Schema: public; Owner: kd_admin
--

SELECT pg_catalog.setval('django_content_type_id_seq', 8, true);


--
-- Data for Name: django_migrations; Type: TABLE DATA; Schema: public; Owner: kd_admin
--

COPY django_migrations (id, app, name, applied) FROM stdin;
1	contenttypes	0001_initial	2017-01-15 07:20:33.537969+00
2	auth	0001_initial	2017-01-15 07:20:33.577682+00
3	admin	0001_initial	2017-01-15 07:20:33.598871+00
4	admin	0002_logentry_remove_auto_add	2017-01-15 07:20:33.609482+00
5	contenttypes	0002_remove_content_type_name	2017-01-15 07:20:33.63459+00
6	auth	0002_alter_permission_name_max_length	2017-01-15 07:20:33.644131+00
7	auth	0003_alter_user_email_max_length	2017-01-15 07:20:33.655103+00
8	auth	0004_alter_user_username_opts	2017-01-15 07:20:33.663931+00
9	auth	0005_alter_user_last_login_null	2017-01-15 07:20:33.675631+00
10	auth	0006_require_contenttypes_0002	2017-01-15 07:20:33.677519+00
11	auth	0007_alter_validators_add_error_messages	2017-01-15 07:20:33.697368+00
12	auth	0008_alter_user_username_max_length	2017-01-15 07:20:33.708531+00
13	sessions	0001_initial	2017-01-15 07:20:33.715348+00
14	dvor	0001_initial	2017-01-15 08:14:20.451568+00
15	dvor	0002_auto_20170115_0821	2017-01-15 08:21:55.698793+00
16	dvor	0003_auto_20170115_0824	2017-01-15 08:24:56.904051+00
17	thumbnail	0001_initial	2017-01-15 09:52:46.14644+00
18	dvor	0004_auto_20170115_1015	2017-01-15 10:15:20.983114+00
19	dvor	0005_auto_20170115_1406	2017-01-15 14:06:33.087981+00
\.


--
-- Name: django_migrations_id_seq; Type: SEQUENCE SET; Schema: public; Owner: kd_admin
--

SELECT pg_catalog.setval('django_migrations_id_seq', 19, true);


--
-- Data for Name: django_session; Type: TABLE DATA; Schema: public; Owner: kd_admin
--

COPY django_session (session_key, session_data, expire_date) FROM stdin;
cni2gk1afzy752s7tjkoibtifc3jeotv	ZjZjNGY3ZDJmMmFiNjRiYjkzZTBmYzYzMDQzNGE3MWZkNWNiNTgyYTp7Il9hdXRoX3VzZXJfaGFzaCI6ImQ1MWMzNzM1NDNlZWViMWJhMTUyNDVmNTliMThkNjI2MTc3YzYwMDUiLCJfYXV0aF91c2VyX2lkIjoiMSIsIl9hdXRoX3VzZXJfYmFja2VuZCI6ImRqYW5nby5jb250cmliLmF1dGguYmFja2VuZHMuTW9kZWxCYWNrZW5kIn0=	2017-01-29 08:14:46.392226+00
\.


--
-- Data for Name: dvor_project; Type: TABLE DATA; Schema: public; Owner: kd_admin
--

COPY dvor_project (id, name, slug, img, size, description, price, square, tech) FROM stdin;
3	Жевнево	jevnevo	projects/jevnevo.jpg	7 х 8	Вместительный одноэтажный дом, в котором, несмотря на небольшую площадь, удачно расположились: три полноценные спальни, просторная кухня-гостиная, два с/у и кладовая. Высота потолков 2,8 м добавляет ощущения простора, а чердак с высотой 2 м может выполнять не только технические функции, но, и быть самостоятельным помещением.	1164000	112	1
4	Спасское	spasskoe	projects/spasskoe.jpg	7,5 х 7,5	Описание 2	1250000	112	1
5	Саввино	savvino	projects/savvino.jpg	8 х 7	Описание 3	1135000	115	1
6	Назарово	nazarovo	projects/navarovo.jpg	7.85 х 8.10	Описание 4	1190000	127	1
7	Ивино	ivino	projects/ivino.jpg	7.5 х 10	тест 5	1420000	150	1
\.


--
-- Name: dvor_project_id_seq; Type: SEQUENCE SET; Schema: public; Owner: kd_admin
--

SELECT pg_catalog.setval('dvor_project_id_seq', 7, true);


--
-- Data for Name: thumbnail_kvstore; Type: TABLE DATA; Schema: public; Owner: kd_admin
--

COPY thumbnail_kvstore (key, value) FROM stdin;
sorl-thumbnail||image||537f0225bd83e3ad436b5a693c91ccb4	{"storage": "django.core.files.storage.FileSystemStorage", "name": "projects/jevnevo.jpg", "size": [1024, 576]}
sorl-thumbnail||image||623755a2d3236291125fbeb81b2a1742	{"storage": "django.core.files.storage.FileSystemStorage", "name": "cache/c6/4e/c64e814a80ecdcfbb9a07f8041acbfed.png", "size": [300, 200]}
sorl-thumbnail||thumbnails||537f0225bd83e3ad436b5a693c91ccb4	["623755a2d3236291125fbeb81b2a1742"]
sorl-thumbnail||image||5f1b2d19e2c08bc1520cf39c643cfca5	{"storage": "django.core.files.storage.FileSystemStorage", "name": "projects/spasskoe.jpg", "size": [1024, 576]}
sorl-thumbnail||image||e0eaadc103ed26513a19fa26ff6d2ab6	{"storage": "django.core.files.storage.FileSystemStorage", "name": "cache/6c/a8/6ca8a0cbd4c7a9f2d4cec5e427200d77.png", "size": [300, 200]}
sorl-thumbnail||thumbnails||5f1b2d19e2c08bc1520cf39c643cfca5	["e0eaadc103ed26513a19fa26ff6d2ab6"]
sorl-thumbnail||image||d4af646501a8009eb24c9a8e1359f5fa	{"storage": "django.core.files.storage.FileSystemStorage", "name": "projects/savvino.jpg", "size": [1024, 576]}
sorl-thumbnail||image||c56382fced2cfabbe93fee6349cbac7d	{"storage": "django.core.files.storage.FileSystemStorage", "name": "cache/6a/f3/6af3a76a493d6d9d829954b14637125a.png", "size": [300, 200]}
sorl-thumbnail||thumbnails||d4af646501a8009eb24c9a8e1359f5fa	["c56382fced2cfabbe93fee6349cbac7d"]
sorl-thumbnail||image||f709b4c83b17b757b2f2fe059904ed68	{"storage": "django.core.files.storage.FileSystemStorage", "name": "projects/navarovo.jpg", "size": [1024, 576]}
sorl-thumbnail||image||41c87373e133f59b0f00f03c80ea7674	{"storage": "django.core.files.storage.FileSystemStorage", "name": "cache/72/71/7271807aaf67dcb83832e16aac257747.png", "size": [300, 200]}
sorl-thumbnail||thumbnails||f709b4c83b17b757b2f2fe059904ed68	["41c87373e133f59b0f00f03c80ea7674"]
sorl-thumbnail||image||9b575a0364c0102690dfa071b7619aeb	{"storage": "django.core.files.storage.FileSystemStorage", "name": "projects/ivino.jpg", "size": [949, 534]}
sorl-thumbnail||image||8be45cbfb1d225381fb876a576ea79da	{"storage": "django.core.files.storage.FileSystemStorage", "name": "cache/0a/bd/0abdc11b99d2f51857f6d800f39d35ff.png", "size": [300, 200]}
sorl-thumbnail||thumbnails||9b575a0364c0102690dfa071b7619aeb	["8be45cbfb1d225381fb876a576ea79da"]
\.


--
-- Name: auth_group_name_key; Type: CONSTRAINT; Schema: public; Owner: kd_admin; Tablespace: 
--

ALTER TABLE ONLY auth_group
    ADD CONSTRAINT auth_group_name_key UNIQUE (name);


--
-- Name: auth_group_permissions_group_id_0cd325b0_uniq; Type: CONSTRAINT; Schema: public; Owner: kd_admin; Tablespace: 
--

ALTER TABLE ONLY auth_group_permissions
    ADD CONSTRAINT auth_group_permissions_group_id_0cd325b0_uniq UNIQUE (group_id, permission_id);


--
-- Name: auth_group_permissions_pkey; Type: CONSTRAINT; Schema: public; Owner: kd_admin; Tablespace: 
--

ALTER TABLE ONLY auth_group_permissions
    ADD CONSTRAINT auth_group_permissions_pkey PRIMARY KEY (id);


--
-- Name: auth_group_pkey; Type: CONSTRAINT; Schema: public; Owner: kd_admin; Tablespace: 
--

ALTER TABLE ONLY auth_group
    ADD CONSTRAINT auth_group_pkey PRIMARY KEY (id);


--
-- Name: auth_permission_content_type_id_01ab375a_uniq; Type: CONSTRAINT; Schema: public; Owner: kd_admin; Tablespace: 
--

ALTER TABLE ONLY auth_permission
    ADD CONSTRAINT auth_permission_content_type_id_01ab375a_uniq UNIQUE (content_type_id, codename);


--
-- Name: auth_permission_pkey; Type: CONSTRAINT; Schema: public; Owner: kd_admin; Tablespace: 
--

ALTER TABLE ONLY auth_permission
    ADD CONSTRAINT auth_permission_pkey PRIMARY KEY (id);


--
-- Name: auth_user_groups_pkey; Type: CONSTRAINT; Schema: public; Owner: kd_admin; Tablespace: 
--

ALTER TABLE ONLY auth_user_groups
    ADD CONSTRAINT auth_user_groups_pkey PRIMARY KEY (id);


--
-- Name: auth_user_groups_user_id_94350c0c_uniq; Type: CONSTRAINT; Schema: public; Owner: kd_admin; Tablespace: 
--

ALTER TABLE ONLY auth_user_groups
    ADD CONSTRAINT auth_user_groups_user_id_94350c0c_uniq UNIQUE (user_id, group_id);


--
-- Name: auth_user_pkey; Type: CONSTRAINT; Schema: public; Owner: kd_admin; Tablespace: 
--

ALTER TABLE ONLY auth_user
    ADD CONSTRAINT auth_user_pkey PRIMARY KEY (id);


--
-- Name: auth_user_user_permissions_pkey; Type: CONSTRAINT; Schema: public; Owner: kd_admin; Tablespace: 
--

ALTER TABLE ONLY auth_user_user_permissions
    ADD CONSTRAINT auth_user_user_permissions_pkey PRIMARY KEY (id);


--
-- Name: auth_user_user_permissions_user_id_14a6b632_uniq; Type: CONSTRAINT; Schema: public; Owner: kd_admin; Tablespace: 
--

ALTER TABLE ONLY auth_user_user_permissions
    ADD CONSTRAINT auth_user_user_permissions_user_id_14a6b632_uniq UNIQUE (user_id, permission_id);


--
-- Name: auth_user_username_key; Type: CONSTRAINT; Schema: public; Owner: kd_admin; Tablespace: 
--

ALTER TABLE ONLY auth_user
    ADD CONSTRAINT auth_user_username_key UNIQUE (username);


--
-- Name: django_admin_log_pkey; Type: CONSTRAINT; Schema: public; Owner: kd_admin; Tablespace: 
--

ALTER TABLE ONLY django_admin_log
    ADD CONSTRAINT django_admin_log_pkey PRIMARY KEY (id);


--
-- Name: django_content_type_app_label_76bd3d3b_uniq; Type: CONSTRAINT; Schema: public; Owner: kd_admin; Tablespace: 
--

ALTER TABLE ONLY django_content_type
    ADD CONSTRAINT django_content_type_app_label_76bd3d3b_uniq UNIQUE (app_label, model);


--
-- Name: django_content_type_pkey; Type: CONSTRAINT; Schema: public; Owner: kd_admin; Tablespace: 
--

ALTER TABLE ONLY django_content_type
    ADD CONSTRAINT django_content_type_pkey PRIMARY KEY (id);


--
-- Name: django_migrations_pkey; Type: CONSTRAINT; Schema: public; Owner: kd_admin; Tablespace: 
--

ALTER TABLE ONLY django_migrations
    ADD CONSTRAINT django_migrations_pkey PRIMARY KEY (id);


--
-- Name: django_session_pkey; Type: CONSTRAINT; Schema: public; Owner: kd_admin; Tablespace: 
--

ALTER TABLE ONLY django_session
    ADD CONSTRAINT django_session_pkey PRIMARY KEY (session_key);


--
-- Name: dvor_project_name_key; Type: CONSTRAINT; Schema: public; Owner: kd_admin; Tablespace: 
--

ALTER TABLE ONLY dvor_project
    ADD CONSTRAINT dvor_project_name_key UNIQUE (name);


--
-- Name: dvor_project_pkey; Type: CONSTRAINT; Schema: public; Owner: kd_admin; Tablespace: 
--

ALTER TABLE ONLY dvor_project
    ADD CONSTRAINT dvor_project_pkey PRIMARY KEY (id);


--
-- Name: thumbnail_kvstore_pkey; Type: CONSTRAINT; Schema: public; Owner: kd_admin; Tablespace: 
--

ALTER TABLE ONLY thumbnail_kvstore
    ADD CONSTRAINT thumbnail_kvstore_pkey PRIMARY KEY (key);


--
-- Name: auth_group_name_a6ea08ec_like; Type: INDEX; Schema: public; Owner: kd_admin; Tablespace: 
--

CREATE INDEX auth_group_name_a6ea08ec_like ON auth_group USING btree (name varchar_pattern_ops);


--
-- Name: auth_group_permissions_0e939a4f; Type: INDEX; Schema: public; Owner: kd_admin; Tablespace: 
--

CREATE INDEX auth_group_permissions_0e939a4f ON auth_group_permissions USING btree (group_id);


--
-- Name: auth_group_permissions_8373b171; Type: INDEX; Schema: public; Owner: kd_admin; Tablespace: 
--

CREATE INDEX auth_group_permissions_8373b171 ON auth_group_permissions USING btree (permission_id);


--
-- Name: auth_permission_417f1b1c; Type: INDEX; Schema: public; Owner: kd_admin; Tablespace: 
--

CREATE INDEX auth_permission_417f1b1c ON auth_permission USING btree (content_type_id);


--
-- Name: auth_user_groups_0e939a4f; Type: INDEX; Schema: public; Owner: kd_admin; Tablespace: 
--

CREATE INDEX auth_user_groups_0e939a4f ON auth_user_groups USING btree (group_id);


--
-- Name: auth_user_groups_e8701ad4; Type: INDEX; Schema: public; Owner: kd_admin; Tablespace: 
--

CREATE INDEX auth_user_groups_e8701ad4 ON auth_user_groups USING btree (user_id);


--
-- Name: auth_user_user_permissions_8373b171; Type: INDEX; Schema: public; Owner: kd_admin; Tablespace: 
--

CREATE INDEX auth_user_user_permissions_8373b171 ON auth_user_user_permissions USING btree (permission_id);


--
-- Name: auth_user_user_permissions_e8701ad4; Type: INDEX; Schema: public; Owner: kd_admin; Tablespace: 
--

CREATE INDEX auth_user_user_permissions_e8701ad4 ON auth_user_user_permissions USING btree (user_id);


--
-- Name: auth_user_username_6821ab7c_like; Type: INDEX; Schema: public; Owner: kd_admin; Tablespace: 
--

CREATE INDEX auth_user_username_6821ab7c_like ON auth_user USING btree (username varchar_pattern_ops);


--
-- Name: django_admin_log_417f1b1c; Type: INDEX; Schema: public; Owner: kd_admin; Tablespace: 
--

CREATE INDEX django_admin_log_417f1b1c ON django_admin_log USING btree (content_type_id);


--
-- Name: django_admin_log_e8701ad4; Type: INDEX; Schema: public; Owner: kd_admin; Tablespace: 
--

CREATE INDEX django_admin_log_e8701ad4 ON django_admin_log USING btree (user_id);


--
-- Name: django_session_de54fa62; Type: INDEX; Schema: public; Owner: kd_admin; Tablespace: 
--

CREATE INDEX django_session_de54fa62 ON django_session USING btree (expire_date);


--
-- Name: django_session_session_key_c0390e0f_like; Type: INDEX; Schema: public; Owner: kd_admin; Tablespace: 
--

CREATE INDEX django_session_session_key_c0390e0f_like ON django_session USING btree (session_key varchar_pattern_ops);


--
-- Name: dvor_project_2dbcba41; Type: INDEX; Schema: public; Owner: kd_admin; Tablespace: 
--

CREATE INDEX dvor_project_2dbcba41 ON dvor_project USING btree (slug);


--
-- Name: dvor_project_name_06d80d5c_like; Type: INDEX; Schema: public; Owner: kd_admin; Tablespace: 
--

CREATE INDEX dvor_project_name_06d80d5c_like ON dvor_project USING btree (name varchar_pattern_ops);


--
-- Name: dvor_project_slug_f6d15e4a_like; Type: INDEX; Schema: public; Owner: kd_admin; Tablespace: 
--

CREATE INDEX dvor_project_slug_f6d15e4a_like ON dvor_project USING btree (slug varchar_pattern_ops);


--
-- Name: thumbnail_kvstore_key_3f850178_like; Type: INDEX; Schema: public; Owner: kd_admin; Tablespace: 
--

CREATE INDEX thumbnail_kvstore_key_3f850178_like ON thumbnail_kvstore USING btree (key varchar_pattern_ops);


--
-- Name: auth_group_permiss_permission_id_84c5c92e_fk_auth_permission_id; Type: FK CONSTRAINT; Schema: public; Owner: kd_admin
--

ALTER TABLE ONLY auth_group_permissions
    ADD CONSTRAINT auth_group_permiss_permission_id_84c5c92e_fk_auth_permission_id FOREIGN KEY (permission_id) REFERENCES auth_permission(id) DEFERRABLE INITIALLY DEFERRED;


--
-- Name: auth_group_permissions_group_id_b120cbf9_fk_auth_group_id; Type: FK CONSTRAINT; Schema: public; Owner: kd_admin
--

ALTER TABLE ONLY auth_group_permissions
    ADD CONSTRAINT auth_group_permissions_group_id_b120cbf9_fk_auth_group_id FOREIGN KEY (group_id) REFERENCES auth_group(id) DEFERRABLE INITIALLY DEFERRED;


--
-- Name: auth_permiss_content_type_id_2f476e4b_fk_django_content_type_id; Type: FK CONSTRAINT; Schema: public; Owner: kd_admin
--

ALTER TABLE ONLY auth_permission
    ADD CONSTRAINT auth_permiss_content_type_id_2f476e4b_fk_django_content_type_id FOREIGN KEY (content_type_id) REFERENCES django_content_type(id) DEFERRABLE INITIALLY DEFERRED;


--
-- Name: auth_user_groups_group_id_97559544_fk_auth_group_id; Type: FK CONSTRAINT; Schema: public; Owner: kd_admin
--

ALTER TABLE ONLY auth_user_groups
    ADD CONSTRAINT auth_user_groups_group_id_97559544_fk_auth_group_id FOREIGN KEY (group_id) REFERENCES auth_group(id) DEFERRABLE INITIALLY DEFERRED;


--
-- Name: auth_user_groups_user_id_6a12ed8b_fk_auth_user_id; Type: FK CONSTRAINT; Schema: public; Owner: kd_admin
--

ALTER TABLE ONLY auth_user_groups
    ADD CONSTRAINT auth_user_groups_user_id_6a12ed8b_fk_auth_user_id FOREIGN KEY (user_id) REFERENCES auth_user(id) DEFERRABLE INITIALLY DEFERRED;


--
-- Name: auth_user_user_per_permission_id_1fbb5f2c_fk_auth_permission_id; Type: FK CONSTRAINT; Schema: public; Owner: kd_admin
--

ALTER TABLE ONLY auth_user_user_permissions
    ADD CONSTRAINT auth_user_user_per_permission_id_1fbb5f2c_fk_auth_permission_id FOREIGN KEY (permission_id) REFERENCES auth_permission(id) DEFERRABLE INITIALLY DEFERRED;


--
-- Name: auth_user_user_permissions_user_id_a95ead1b_fk_auth_user_id; Type: FK CONSTRAINT; Schema: public; Owner: kd_admin
--

ALTER TABLE ONLY auth_user_user_permissions
    ADD CONSTRAINT auth_user_user_permissions_user_id_a95ead1b_fk_auth_user_id FOREIGN KEY (user_id) REFERENCES auth_user(id) DEFERRABLE INITIALLY DEFERRED;


--
-- Name: django_admin_content_type_id_c4bce8eb_fk_django_content_type_id; Type: FK CONSTRAINT; Schema: public; Owner: kd_admin
--

ALTER TABLE ONLY django_admin_log
    ADD CONSTRAINT django_admin_content_type_id_c4bce8eb_fk_django_content_type_id FOREIGN KEY (content_type_id) REFERENCES django_content_type(id) DEFERRABLE INITIALLY DEFERRED;


--
-- Name: django_admin_log_user_id_c564eba6_fk_auth_user_id; Type: FK CONSTRAINT; Schema: public; Owner: kd_admin
--

ALTER TABLE ONLY django_admin_log
    ADD CONSTRAINT django_admin_log_user_id_c564eba6_fk_auth_user_id FOREIGN KEY (user_id) REFERENCES auth_user(id) DEFERRABLE INITIALLY DEFERRED;


--
-- Name: public; Type: ACL; Schema: -; Owner: postgres
--

REVOKE ALL ON SCHEMA public FROM PUBLIC;
REVOKE ALL ON SCHEMA public FROM postgres;
GRANT ALL ON SCHEMA public TO postgres;
GRANT ALL ON SCHEMA public TO PUBLIC;


--
-- PostgreSQL database dump complete
--

