--
-- PostgreSQL database dump
--

SET statement_timeout = 0;
SET lock_timeout = 0;
SET client_encoding = 'UTF8';
SET standard_conforming_strings = on;
SET check_function_bodies = false;
SET client_min_messages = warning;

--
-- Name: plpgsql; Type: EXTENSION; Schema: -; Owner: 
--

CREATE EXTENSION IF NOT EXISTS plpgsql WITH SCHEMA pg_catalog;


--
-- Name: EXTENSION plpgsql; Type: COMMENT; Schema: -; Owner: 
--

COMMENT ON EXTENSION plpgsql IS 'PL/pgSQL procedural language';


SET search_path = public, pg_catalog;

SET default_tablespace = '';

SET default_with_oids = false;

--
-- Name: auth_group; Type: TABLE; Schema: public; Owner: kd_admin; Tablespace: 
--

CREATE TABLE auth_group (
    id integer NOT NULL,
    name character varying(80) NOT NULL
);


ALTER TABLE public.auth_group OWNER TO kd_admin;

--
-- Name: auth_group_id_seq; Type: SEQUENCE; Schema: public; Owner: kd_admin
--

CREATE SEQUENCE auth_group_id_seq
    START WITH 1
    INCREMENT BY 1
    NO MINVALUE
    NO MAXVALUE
    CACHE 1;


ALTER TABLE public.auth_group_id_seq OWNER TO kd_admin;

--
-- Name: auth_group_id_seq; Type: SEQUENCE OWNED BY; Schema: public; Owner: kd_admin
--

ALTER SEQUENCE auth_group_id_seq OWNED BY auth_group.id;


--
-- Name: auth_group_permissions; Type: TABLE; Schema: public; Owner: kd_admin; Tablespace: 
--

CREATE TABLE auth_group_permissions (
    id integer NOT NULL,
    group_id integer NOT NULL,
    permission_id integer NOT NULL
);


ALTER TABLE public.auth_group_permissions OWNER TO kd_admin;

--
-- Name: auth_group_permissions_id_seq; Type: SEQUENCE; Schema: public; Owner: kd_admin
--

CREATE SEQUENCE auth_group_permissions_id_seq
    START WITH 1
    INCREMENT BY 1
    NO MINVALUE
    NO MAXVALUE
    CACHE 1;


ALTER TABLE public.auth_group_permissions_id_seq OWNER TO kd_admin;

--
-- Name: auth_group_permissions_id_seq; Type: SEQUENCE OWNED BY; Schema: public; Owner: kd_admin
--

ALTER SEQUENCE auth_group_permissions_id_seq OWNED BY auth_group_permissions.id;


--
-- Name: auth_permission; Type: TABLE; Schema: public; Owner: kd_admin; Tablespace: 
--

CREATE TABLE auth_permission (
    id integer NOT NULL,
    name character varying(255) NOT NULL,
    content_type_id integer NOT NULL,
    codename character varying(100) NOT NULL
);


ALTER TABLE public.auth_permission OWNER TO kd_admin;

--
-- Name: auth_permission_id_seq; Type: SEQUENCE; Schema: public; Owner: kd_admin
--

CREATE SEQUENCE auth_permission_id_seq
    START WITH 1
    INCREMENT BY 1
    NO MINVALUE
    NO MAXVALUE
    CACHE 1;


ALTER TABLE public.auth_permission_id_seq OWNER TO kd_admin;

--
-- Name: auth_permission_id_seq; Type: SEQUENCE OWNED BY; Schema: public; Owner: kd_admin
--

ALTER SEQUENCE auth_permission_id_seq OWNED BY auth_permission.id;


--
-- Name: auth_user; Type: TABLE; Schema: public; Owner: kd_admin; Tablespace: 
--

CREATE TABLE auth_user (
    id integer NOT NULL,
    password character varying(128) NOT NULL,
    last_login timestamp with time zone,
    is_superuser boolean NOT NULL,
    username character varying(150) NOT NULL,
    first_name character varying(30) NOT NULL,
    last_name character varying(30) NOT NULL,
    email character varying(254) NOT NULL,
    is_staff boolean NOT NULL,
    is_active boolean NOT NULL,
    date_joined timestamp with time zone NOT NULL
);


ALTER TABLE public.auth_user OWNER TO kd_admin;

--
-- Name: auth_user_groups; Type: TABLE; Schema: public; Owner: kd_admin; Tablespace: 
--

CREATE TABLE auth_user_groups (
    id integer NOT NULL,
    user_id integer NOT NULL,
    group_id integer NOT NULL
);


ALTER TABLE public.auth_user_groups OWNER TO kd_admin;

--
-- Name: auth_user_groups_id_seq; Type: SEQUENCE; Schema: public; Owner: kd_admin
--

CREATE SEQUENCE auth_user_groups_id_seq
    START WITH 1
    INCREMENT BY 1
    NO MINVALUE
    NO MAXVALUE
    CACHE 1;


ALTER TABLE public.auth_user_groups_id_seq OWNER TO kd_admin;

--
-- Name: auth_user_groups_id_seq; Type: SEQUENCE OWNED BY; Schema: public; Owner: kd_admin
--

ALTER SEQUENCE auth_user_groups_id_seq OWNED BY auth_user_groups.id;


--
-- Name: auth_user_id_seq; Type: SEQUENCE; Schema: public; Owner: kd_admin
--

CREATE SEQUENCE auth_user_id_seq
    START WITH 1
    INCREMENT BY 1
    NO MINVALUE
    NO MAXVALUE
    CACHE 1;


ALTER TABLE public.auth_user_id_seq OWNER TO kd_admin;

--
-- Name: auth_user_id_seq; Type: SEQUENCE OWNED BY; Schema: public; Owner: kd_admin
--

ALTER SEQUENCE auth_user_id_seq OWNED BY auth_user.id;


--
-- Name: auth_user_user_permissions; Type: TABLE; Schema: public; Owner: kd_admin; Tablespace: 
--

CREATE TABLE auth_user_user_permissions (
    id integer NOT NULL,
    user_id integer NOT NULL,
    permission_id integer NOT NULL
);


ALTER TABLE public.auth_user_user_permissions OWNER TO kd_admin;

--
-- Name: auth_user_user_permissions_id_seq; Type: SEQUENCE; Schema: public; Owner: kd_admin
--

CREATE SEQUENCE auth_user_user_permissions_id_seq
    START WITH 1
    INCREMENT BY 1
    NO MINVALUE
    NO MAXVALUE
    CACHE 1;


ALTER TABLE public.auth_user_user_permissions_id_seq OWNER TO kd_admin;

--
-- Name: auth_user_user_permissions_id_seq; Type: SEQUENCE OWNED BY; Schema: public; Owner: kd_admin
--

ALTER SEQUENCE auth_user_user_permissions_id_seq OWNED BY auth_user_user_permissions.id;


--
-- Name: django_admin_log; Type: TABLE; Schema: public; Owner: kd_admin; Tablespace: 
--

CREATE TABLE django_admin_log (
    id integer NOT NULL,
    action_time timestamp with time zone NOT NULL,
    object_id text,
    object_repr character varying(200) NOT NULL,
    action_flag smallint NOT NULL,
    change_message text NOT NULL,
    content_type_id integer,
    user_id integer NOT NULL,
    CONSTRAINT django_admin_log_action_flag_check CHECK ((action_flag >= 0))
);


ALTER TABLE public.django_admin_log OWNER TO kd_admin;

--
-- Name: django_admin_log_id_seq; Type: SEQUENCE; Schema: public; Owner: kd_admin
--

CREATE SEQUENCE django_admin_log_id_seq
    START WITH 1
    INCREMENT BY 1
    NO MINVALUE
    NO MAXVALUE
    CACHE 1;


ALTER TABLE public.django_admin_log_id_seq OWNER TO kd_admin;

--
-- Name: django_admin_log_id_seq; Type: SEQUENCE OWNED BY; Schema: public; Owner: kd_admin
--

ALTER SEQUENCE django_admin_log_id_seq OWNED BY django_admin_log.id;


--
-- Name: django_content_type; Type: TABLE; Schema: public; Owner: kd_admin; Tablespace: 
--

CREATE TABLE django_content_type (
    id integer NOT NULL,
    app_label character varying(100) NOT NULL,
    model character varying(100) NOT NULL
);


ALTER TABLE public.django_content_type OWNER TO kd_admin;

--
-- Name: django_content_type_id_seq; Type: SEQUENCE; Schema: public; Owner: kd_admin
--

CREATE SEQUENCE django_content_type_id_seq
    START WITH 1
    INCREMENT BY 1
    NO MINVALUE
    NO MAXVALUE
    CACHE 1;


ALTER TABLE public.django_content_type_id_seq OWNER TO kd_admin;

--
-- Name: django_content_type_id_seq; Type: SEQUENCE OWNED BY; Schema: public; Owner: kd_admin
--

ALTER SEQUENCE django_content_type_id_seq OWNED BY django_content_type.id;


--
-- Name: django_migrations; Type: TABLE; Schema: public; Owner: kd_admin; Tablespace: 
--

CREATE TABLE django_migrations (
    id integer NOT NULL,
    app character varying(255) NOT NULL,
    name character varying(255) NOT NULL,
    applied timestamp with time zone NOT NULL
);


ALTER TABLE public.django_migrations OWNER TO kd_admin;

--
-- Name: django_migrations_id_seq; Type: SEQUENCE; Schema: public; Owner: kd_admin
--

CREATE SEQUENCE django_migrations_id_seq
    START WITH 1
    INCREMENT BY 1
    NO MINVALUE
    NO MAXVALUE
    CACHE 1;


ALTER TABLE public.django_migrations_id_seq OWNER TO kd_admin;

--
-- Name: django_migrations_id_seq; Type: SEQUENCE OWNED BY; Schema: public; Owner: kd_admin
--

ALTER SEQUENCE django_migrations_id_seq OWNED BY django_migrations.id;


--
-- Name: django_session; Type: TABLE; Schema: public; Owner: kd_admin; Tablespace: 
--

CREATE TABLE django_session (
    session_key character varying(40) NOT NULL,
    session_data text NOT NULL,
    expire_date timestamp with time zone NOT NULL
);


ALTER TABLE public.django_session OWNER TO kd_admin;

--
-- Name: dvor_article; Type: TABLE; Schema: public; Owner: kd_admin; Tablespace: 
--

CREATE TABLE dvor_article (
    id integer NOT NULL,
    name character varying(100) NOT NULL,
    slug character varying(50) NOT NULL,
    publish timestamp with time zone NOT NULL,
    description text NOT NULL,
    body text NOT NULL,
    metadesc character varying(250) NOT NULL,
    metakey character varying(250) NOT NULL,
    title character varying(250) NOT NULL
);


ALTER TABLE public.dvor_article OWNER TO kd_admin;

--
-- Name: dvor_article_id_seq; Type: SEQUENCE; Schema: public; Owner: kd_admin
--

CREATE SEQUENCE dvor_article_id_seq
    START WITH 1
    INCREMENT BY 1
    NO MINVALUE
    NO MAXVALUE
    CACHE 1;


ALTER TABLE public.dvor_article_id_seq OWNER TO kd_admin;

--
-- Name: dvor_article_id_seq; Type: SEQUENCE OWNED BY; Schema: public; Owner: kd_admin
--

ALTER SEQUENCE dvor_article_id_seq OWNED BY dvor_article.id;


--
-- Name: dvor_article_techs; Type: TABLE; Schema: public; Owner: kd_admin; Tablespace: 
--

CREATE TABLE dvor_article_techs (
    id integer NOT NULL,
    article_id integer NOT NULL,
    techno_id integer NOT NULL
);


ALTER TABLE public.dvor_article_techs OWNER TO kd_admin;

--
-- Name: dvor_article_techs_id_seq; Type: SEQUENCE; Schema: public; Owner: kd_admin
--

CREATE SEQUENCE dvor_article_techs_id_seq
    START WITH 1
    INCREMENT BY 1
    NO MINVALUE
    NO MAXVALUE
    CACHE 1;


ALTER TABLE public.dvor_article_techs_id_seq OWNER TO kd_admin;

--
-- Name: dvor_article_techs_id_seq; Type: SEQUENCE OWNED BY; Schema: public; Owner: kd_admin
--

ALTER SEQUENCE dvor_article_techs_id_seq OWNED BY dvor_article_techs.id;


--
-- Name: dvor_calculation; Type: TABLE; Schema: public; Owner: kd_admin; Tablespace: 
--

CREATE TABLE dvor_calculation (
    id integer NOT NULL,
    fio character varying(80) NOT NULL,
    created timestamp with time zone NOT NULL,
    email character varying(254),
    phone character varying(20),
    note character varying(400) NOT NULL,
    file character varying(100),
    kit_numb smallint,
    kit_id integer,
    CONSTRAINT dvor_calculation_kit_numb_check CHECK ((kit_numb >= 0))
);


ALTER TABLE public.dvor_calculation OWNER TO kd_admin;

--
-- Name: dvor_calculation_id_seq; Type: SEQUENCE; Schema: public; Owner: kd_admin
--

CREATE SEQUENCE dvor_calculation_id_seq
    START WITH 1
    INCREMENT BY 1
    NO MINVALUE
    NO MAXVALUE
    CACHE 1;


ALTER TABLE public.dvor_calculation_id_seq OWNER TO kd_admin;

--
-- Name: dvor_calculation_id_seq; Type: SEQUENCE OWNED BY; Schema: public; Owner: kd_admin
--

ALTER SEQUENCE dvor_calculation_id_seq OWNED BY dvor_calculation.id;


--
-- Name: dvor_phonecall; Type: TABLE; Schema: public; Owner: kd_admin; Tablespace: 
--

CREATE TABLE dvor_phonecall (
    id integer NOT NULL,
    fio character varying(80) NOT NULL,
    created timestamp with time zone,
    email character varying(254),
    phone character varying(20) NOT NULL,
    wtime character varying(20) NOT NULL
);


ALTER TABLE public.dvor_phonecall OWNER TO kd_admin;

--
-- Name: dvor_phonecall_id_seq; Type: SEQUENCE; Schema: public; Owner: kd_admin
--

CREATE SEQUENCE dvor_phonecall_id_seq
    START WITH 1
    INCREMENT BY 1
    NO MINVALUE
    NO MAXVALUE
    CACHE 1;


ALTER TABLE public.dvor_phonecall_id_seq OWNER TO kd_admin;

--
-- Name: dvor_phonecall_id_seq; Type: SEQUENCE OWNED BY; Schema: public; Owner: kd_admin
--

ALTER SEQUENCE dvor_phonecall_id_seq OWNED BY dvor_phonecall.id;


--
-- Name: dvor_prjkit; Type: TABLE; Schema: public; Owner: kd_admin; Tablespace: 
--

CREATE TABLE dvor_prjkit (
    id integer NOT NULL,
    price1 integer NOT NULL,
    price2 integer NOT NULL,
    kit1 text NOT NULL,
    kit2 text NOT NULL,
    prn_id integer NOT NULL,
    tech_id integer NOT NULL,
    kit3 text NOT NULL,
    price3 integer NOT NULL
);


ALTER TABLE public.dvor_prjkit OWNER TO kd_admin;

--
-- Name: dvor_prjkit_id_seq; Type: SEQUENCE; Schema: public; Owner: kd_admin
--

CREATE SEQUENCE dvor_prjkit_id_seq
    START WITH 1
    INCREMENT BY 1
    NO MINVALUE
    NO MAXVALUE
    CACHE 1;


ALTER TABLE public.dvor_prjkit_id_seq OWNER TO kd_admin;

--
-- Name: dvor_prjkit_id_seq; Type: SEQUENCE OWNED BY; Schema: public; Owner: kd_admin
--

ALTER SEQUENCE dvor_prjkit_id_seq OWNED BY dvor_prjkit.id;


--
-- Name: dvor_prjphoto; Type: TABLE; Schema: public; Owner: kd_admin; Tablespace: 
--

CREATE TABLE dvor_prjphoto (
    id integer NOT NULL,
    type smallint NOT NULL,
    img character varying(100) NOT NULL,
    prn_id integer NOT NULL
);


ALTER TABLE public.dvor_prjphoto OWNER TO kd_admin;

--
-- Name: dvor_prjphoto_id_seq; Type: SEQUENCE; Schema: public; Owner: kd_admin
--

CREATE SEQUENCE dvor_prjphoto_id_seq
    START WITH 1
    INCREMENT BY 1
    NO MINVALUE
    NO MAXVALUE
    CACHE 1;


ALTER TABLE public.dvor_prjphoto_id_seq OWNER TO kd_admin;

--
-- Name: dvor_prjphoto_id_seq; Type: SEQUENCE OWNED BY; Schema: public; Owner: kd_admin
--

ALTER SEQUENCE dvor_prjphoto_id_seq OWNED BY dvor_prjphoto.id;


--
-- Name: dvor_project; Type: TABLE; Schema: public; Owner: kd_admin; Tablespace: 
--

CREATE TABLE dvor_project (
    id integer NOT NULL,
    name character varying(25) NOT NULL,
    slug character varying(50) NOT NULL,
    img character varying(100) NOT NULL,
    size character varying(25) NOT NULL,
    description text NOT NULL,
    price integer NOT NULL,
    square smallint NOT NULL,
    vid smallint NOT NULL,
    house smallint NOT NULL,
    CONSTRAINT dvor_project_square_check CHECK ((square >= 0))
);


ALTER TABLE public.dvor_project OWNER TO kd_admin;

--
-- Name: dvor_project_id_seq; Type: SEQUENCE; Schema: public; Owner: kd_admin
--

CREATE SEQUENCE dvor_project_id_seq
    START WITH 1
    INCREMENT BY 1
    NO MINVALUE
    NO MAXVALUE
    CACHE 1;


ALTER TABLE public.dvor_project_id_seq OWNER TO kd_admin;

--
-- Name: dvor_project_id_seq; Type: SEQUENCE OWNED BY; Schema: public; Owner: kd_admin
--

ALTER SEQUENCE dvor_project_id_seq OWNED BY dvor_project.id;


--
-- Name: dvor_project_techs; Type: TABLE; Schema: public; Owner: kd_admin; Tablespace: 
--

CREATE TABLE dvor_project_techs (
    id integer NOT NULL,
    project_id integer NOT NULL,
    techno_id integer NOT NULL
);


ALTER TABLE public.dvor_project_techs OWNER TO kd_admin;

--
-- Name: dvor_project_techs_id_seq; Type: SEQUENCE; Schema: public; Owner: kd_admin
--

CREATE SEQUENCE dvor_project_techs_id_seq
    START WITH 1
    INCREMENT BY 1
    NO MINVALUE
    NO MAXVALUE
    CACHE 1;


ALTER TABLE public.dvor_project_techs_id_seq OWNER TO kd_admin;

--
-- Name: dvor_project_techs_id_seq; Type: SEQUENCE OWNED BY; Schema: public; Owner: kd_admin
--

ALTER SEQUENCE dvor_project_techs_id_seq OWNED BY dvor_project_techs.id;


--
-- Name: dvor_techno; Type: TABLE; Schema: public; Owner: kd_admin; Tablespace: 
--

CREATE TABLE dvor_techno (
    id integer NOT NULL,
    mnemo character varying(16) NOT NULL,
    name character varying(40) NOT NULL,
    main boolean NOT NULL,
    show_in_menu boolean NOT NULL
);


ALTER TABLE public.dvor_techno OWNER TO kd_admin;

--
-- Name: dvor_techno_id_seq; Type: SEQUENCE; Schema: public; Owner: kd_admin
--

CREATE SEQUENCE dvor_techno_id_seq
    START WITH 1
    INCREMENT BY 1
    NO MINVALUE
    NO MAXVALUE
    CACHE 1;


ALTER TABLE public.dvor_techno_id_seq OWNER TO kd_admin;

--
-- Name: dvor_techno_id_seq; Type: SEQUENCE OWNED BY; Schema: public; Owner: kd_admin
--

ALTER SEQUENCE dvor_techno_id_seq OWNED BY dvor_techno.id;


--
-- Name: thumbnail_kvstore; Type: TABLE; Schema: public; Owner: kd_admin; Tablespace: 
--

CREATE TABLE thumbnail_kvstore (
    key character varying(200) NOT NULL,
    value text NOT NULL
);


ALTER TABLE public.thumbnail_kvstore OWNER TO kd_admin;

--
-- Name: id; Type: DEFAULT; Schema: public; Owner: kd_admin
--

ALTER TABLE ONLY auth_group ALTER COLUMN id SET DEFAULT nextval('auth_group_id_seq'::regclass);


--
-- Name: id; Type: DEFAULT; Schema: public; Owner: kd_admin
--

ALTER TABLE ONLY auth_group_permissions ALTER COLUMN id SET DEFAULT nextval('auth_group_permissions_id_seq'::regclass);


--
-- Name: id; Type: DEFAULT; Schema: public; Owner: kd_admin
--

ALTER TABLE ONLY auth_permission ALTER COLUMN id SET DEFAULT nextval('auth_permission_id_seq'::regclass);


--
-- Name: id; Type: DEFAULT; Schema: public; Owner: kd_admin
--

ALTER TABLE ONLY auth_user ALTER COLUMN id SET DEFAULT nextval('auth_user_id_seq'::regclass);


--
-- Name: id; Type: DEFAULT; Schema: public; Owner: kd_admin
--

ALTER TABLE ONLY auth_user_groups ALTER COLUMN id SET DEFAULT nextval('auth_user_groups_id_seq'::regclass);


--
-- Name: id; Type: DEFAULT; Schema: public; Owner: kd_admin
--

ALTER TABLE ONLY auth_user_user_permissions ALTER COLUMN id SET DEFAULT nextval('auth_user_user_permissions_id_seq'::regclass);


--
-- Name: id; Type: DEFAULT; Schema: public; Owner: kd_admin
--

ALTER TABLE ONLY django_admin_log ALTER COLUMN id SET DEFAULT nextval('django_admin_log_id_seq'::regclass);


--
-- Name: id; Type: DEFAULT; Schema: public; Owner: kd_admin
--

ALTER TABLE ONLY django_content_type ALTER COLUMN id SET DEFAULT nextval('django_content_type_id_seq'::regclass);


--
-- Name: id; Type: DEFAULT; Schema: public; Owner: kd_admin
--

ALTER TABLE ONLY django_migrations ALTER COLUMN id SET DEFAULT nextval('django_migrations_id_seq'::regclass);


--
-- Name: id; Type: DEFAULT; Schema: public; Owner: kd_admin
--

ALTER TABLE ONLY dvor_article ALTER COLUMN id SET DEFAULT nextval('dvor_article_id_seq'::regclass);


--
-- Name: id; Type: DEFAULT; Schema: public; Owner: kd_admin
--

ALTER TABLE ONLY dvor_article_techs ALTER COLUMN id SET DEFAULT nextval('dvor_article_techs_id_seq'::regclass);


--
-- Name: id; Type: DEFAULT; Schema: public; Owner: kd_admin
--

ALTER TABLE ONLY dvor_calculation ALTER COLUMN id SET DEFAULT nextval('dvor_calculation_id_seq'::regclass);


--
-- Name: id; Type: DEFAULT; Schema: public; Owner: kd_admin
--

ALTER TABLE ONLY dvor_phonecall ALTER COLUMN id SET DEFAULT nextval('dvor_phonecall_id_seq'::regclass);


--
-- Name: id; Type: DEFAULT; Schema: public; Owner: kd_admin
--

ALTER TABLE ONLY dvor_prjkit ALTER COLUMN id SET DEFAULT nextval('dvor_prjkit_id_seq'::regclass);


--
-- Name: id; Type: DEFAULT; Schema: public; Owner: kd_admin
--

ALTER TABLE ONLY dvor_prjphoto ALTER COLUMN id SET DEFAULT nextval('dvor_prjphoto_id_seq'::regclass);


--
-- Name: id; Type: DEFAULT; Schema: public; Owner: kd_admin
--

ALTER TABLE ONLY dvor_project ALTER COLUMN id SET DEFAULT nextval('dvor_project_id_seq'::regclass);


--
-- Name: id; Type: DEFAULT; Schema: public; Owner: kd_admin
--

ALTER TABLE ONLY dvor_project_techs ALTER COLUMN id SET DEFAULT nextval('dvor_project_techs_id_seq'::regclass);


--
-- Name: id; Type: DEFAULT; Schema: public; Owner: kd_admin
--

ALTER TABLE ONLY dvor_techno ALTER COLUMN id SET DEFAULT nextval('dvor_techno_id_seq'::regclass);


--
-- Data for Name: auth_group; Type: TABLE DATA; Schema: public; Owner: kd_admin
--

COPY auth_group (id, name) FROM stdin;
\.


--
-- Name: auth_group_id_seq; Type: SEQUENCE SET; Schema: public; Owner: kd_admin
--

SELECT pg_catalog.setval('auth_group_id_seq', 1, false);


--
-- Data for Name: auth_group_permissions; Type: TABLE DATA; Schema: public; Owner: kd_admin
--

COPY auth_group_permissions (id, group_id, permission_id) FROM stdin;
\.


--
-- Name: auth_group_permissions_id_seq; Type: SEQUENCE SET; Schema: public; Owner: kd_admin
--

SELECT pg_catalog.setval('auth_group_permissions_id_seq', 1, false);


--
-- Data for Name: auth_permission; Type: TABLE DATA; Schema: public; Owner: kd_admin
--

COPY auth_permission (id, name, content_type_id, codename) FROM stdin;
1	Can add log entry	1	add_logentry
2	Can change log entry	1	change_logentry
3	Can delete log entry	1	delete_logentry
4	Can add user	2	add_user
5	Can change user	2	change_user
6	Can delete user	2	delete_user
7	Can add group	3	add_group
8	Can change group	3	change_group
9	Can delete group	3	delete_group
10	Can add permission	4	add_permission
11	Can change permission	4	change_permission
12	Can delete permission	4	delete_permission
13	Can add content type	5	add_contenttype
14	Can change content type	5	change_contenttype
15	Can delete content type	5	delete_contenttype
16	Can add session	6	add_session
17	Can change session	6	change_session
18	Can delete session	6	delete_session
19	Can add project	7	add_project
20	Can change project	7	change_project
21	Can delete project	7	delete_project
22	Can add kv store	8	add_kvstore
23	Can change kv store	8	change_kvstore
24	Can delete kv store	8	delete_kvstore
31	Can add Статья	11	add_article
32	Can change Статья	11	change_article
33	Can delete Статья	11	delete_article
34	Can add Технология	12	add_techno
35	Can change Технология	12	change_techno
36	Can delete Технология	12	delete_techno
37	Can add prj photo	13	add_prjphoto
38	Can change prj photo	13	change_prjphoto
39	Can delete prj photo	13	delete_prjphoto
40	Can add Комплектация	14	add_prjkit
41	Can change Комплектация	14	change_prjkit
42	Can delete Комплектация	14	delete_prjkit
43	Can add calculation	15	add_calculation
44	Can change calculation	15	change_calculation
45	Can delete calculation	15	delete_calculation
46	Can add Обратный звонок	16	add_phonecall
47	Can change Обратный звонок	16	change_phonecall
48	Can delete Обратный звонок	16	delete_phonecall
\.


--
-- Name: auth_permission_id_seq; Type: SEQUENCE SET; Schema: public; Owner: kd_admin
--

SELECT pg_catalog.setval('auth_permission_id_seq', 48, true);


--
-- Data for Name: auth_user; Type: TABLE DATA; Schema: public; Owner: kd_admin
--

COPY auth_user (id, password, last_login, is_superuser, username, first_name, last_name, email, is_staff, is_active, date_joined) FROM stdin;
1	pbkdf2_sha256$30000$eFoTZv3MQ7CI$70Y8/tju6DQXGh3pcp9nv9zUtLohR8Ki3TgClB00Q8Q=	2017-02-14 17:25:08.890437+00	t	Polgur			polgur@inbox.ru	t	t	2017-01-15 08:13:55.521197+00
\.


--
-- Data for Name: auth_user_groups; Type: TABLE DATA; Schema: public; Owner: kd_admin
--

COPY auth_user_groups (id, user_id, group_id) FROM stdin;
\.


--
-- Name: auth_user_groups_id_seq; Type: SEQUENCE SET; Schema: public; Owner: kd_admin
--

SELECT pg_catalog.setval('auth_user_groups_id_seq', 1, false);


--
-- Name: auth_user_id_seq; Type: SEQUENCE SET; Schema: public; Owner: kd_admin
--

SELECT pg_catalog.setval('auth_user_id_seq', 1, true);


--
-- Data for Name: auth_user_user_permissions; Type: TABLE DATA; Schema: public; Owner: kd_admin
--

COPY auth_user_user_permissions (id, user_id, permission_id) FROM stdin;
\.


--
-- Name: auth_user_user_permissions_id_seq; Type: SEQUENCE SET; Schema: public; Owner: kd_admin
--

SELECT pg_catalog.setval('auth_user_user_permissions_id_seq', 1, false);


--
-- Data for Name: django_admin_log; Type: TABLE DATA; Schema: public; Owner: kd_admin
--

COPY django_admin_log (id, action_time, object_id, object_repr, action_flag, change_message, content_type_id, user_id) FROM stdin;
1	2017-01-15 08:25:19.232475+00	1	Project object	1	[{"added": {}}]	7	1
2	2017-01-15 09:47:48.620219+00	1	Жевнево	2	[{"changed": {"fields": ["img"]}}]	7	1
3	2017-01-15 10:13:46.35917+00	1	Жевнево	3		7	1
4	2017-01-15 10:14:10.738559+00	2	Жевнево	1	[{"added": {}}]	7	1
5	2017-01-15 10:14:44.509799+00	2	Жевнево	3		7	1
6	2017-01-15 10:15:48.788205+00	3	Жевнево	1	[{"added": {}}]	7	1
7	2017-01-15 14:07:48.129042+00	3	Жевнево	2	[{"changed": {"fields": ["img"]}}]	7	1
8	2017-01-15 14:08:01.535612+00	3	Жевнево	2	[{"changed": {"fields": ["img"]}}]	7	1
9	2017-01-15 14:33:06.050646+00	4	Спасское	1	[{"added": {}}]	7	1
10	2017-01-15 14:34:31.932461+00	5	Саввино	1	[{"added": {}}]	7	1
11	2017-01-15 14:36:16.889976+00	6	Назарово	1	[{"added": {}}]	7	1
12	2017-01-17 15:42:29.633956+00	7	Ивино	1	[{"added": {}}]	7	1
27	2017-01-20 13:45:59.390373+00	1	Виды Пиломатериалов	2	[{"changed": {"fields": ["description", "body"]}}]	11	1
28	2017-01-21 06:01:16.661+00	1	PrjPhoto object	1	[{"added": {}}]	13	1
29	2017-01-21 06:01:30.704248+00	2	PrjPhoto object	1	[{"added": {}}]	13	1
30	2017-01-21 06:01:40.869637+00	3	PrjPhoto object	1	[{"added": {}}]	13	1
31	2017-01-21 06:01:49.587231+00	4	PrjPhoto object	1	[{"added": {}}]	13	1
32	2017-01-21 06:01:57.72501+00	5	PrjPhoto object	1	[{"added": {}}]	13	1
33	2017-01-21 06:02:06.554076+00	6	PrjPhoto object	1	[{"added": {}}]	13	1
34	2017-01-23 14:41:18.477143+00	7	Ивино	2	[{"changed": {"fields": ["vid"]}}]	7	1
35	2017-01-23 14:41:33.827123+00	7	Ивино	2	[{"changed": {"fields": ["vid"]}}]	7	1
36	2017-01-25 15:36:32.133079+00	5	Бани	2	[{"changed": {"fields": ["main"]}}]	12	1
37	2017-01-25 15:36:35.41391+00	4	Дачи	2	[{"changed": {"fields": ["main"]}}]	12	1
38	2017-01-25 16:01:49.876058+00	4	Спасское	2	[{"added": {"name": "\\u041a\\u043e\\u043c\\u043f\\u043b\\u0435\\u043a\\u0442\\u0430\\u0446\\u0438\\u044f", "object": "PrjKit object"}}]	7	1
39	2017-01-25 16:16:45.679542+00	4	Спасское	2	[{"added": {"object": "PrjKit object", "name": "\\u041a\\u043e\\u043c\\u043f\\u043b\\u0435\\u043a\\u0442\\u0430\\u0446\\u0438\\u044f"}}, {"added": {"object": "PrjKit object", "name": "\\u041a\\u043e\\u043c\\u043f\\u043b\\u0435\\u043a\\u0442\\u0430\\u0446\\u0438\\u044f"}}]	7	1
40	2017-01-27 05:29:30.644218+00	4	Дачи	2	[{"changed": {"fields": ["show_in_menu"]}}]	12	1
41	2017-01-27 05:29:34.31159+00	5	Бани	2	[{"changed": {"fields": ["show_in_menu"]}}]	12	1
42	2017-01-27 10:47:56.240956+00	5	Саввино	2	[{"added": {"name": "\\u041a\\u043e\\u043c\\u043f\\u043b\\u0435\\u043a\\u0442\\u0430\\u0446\\u0438\\u044f", "object": "PrjKit object"}}, {"added": {"name": "\\u041a\\u043e\\u043c\\u043f\\u043b\\u0435\\u043a\\u0442\\u0430\\u0446\\u0438\\u044f", "object": "PrjKit object"}}, {"added": {"name": "\\u041a\\u043e\\u043c\\u043f\\u043b\\u0435\\u043a\\u0442\\u0430\\u0446\\u0438\\u044f", "object": "PrjKit object"}}]	7	1
43	2017-01-27 10:49:20.958873+00	3	Жевнево	2	[{"added": {"name": "\\u041a\\u043e\\u043c\\u043f\\u043b\\u0435\\u043a\\u0442\\u0430\\u0446\\u0438\\u044f", "object": "PrjKit object"}}, {"added": {"name": "\\u041a\\u043e\\u043c\\u043f\\u043b\\u0435\\u043a\\u0442\\u0430\\u0446\\u0438\\u044f", "object": "PrjKit object"}}, {"added": {"name": "\\u041a\\u043e\\u043c\\u043f\\u043b\\u0435\\u043a\\u0442\\u0430\\u0446\\u0438\\u044f", "object": "PrjKit object"}}]	7	1
44	2017-01-27 10:50:40.41389+00	4	Спасское	2	[{"changed": {"name": "\\u041a\\u043e\\u043c\\u043f\\u043b\\u0435\\u043a\\u0442\\u0430\\u0446\\u0438\\u044f", "object": "PrjKit object", "fields": ["price1", "price2"]}}, {"changed": {"name": "\\u041a\\u043e\\u043c\\u043f\\u043b\\u0435\\u043a\\u0442\\u0430\\u0446\\u0438\\u044f", "object": "PrjKit object", "fields": ["price1", "price2"]}}, {"changed": {"name": "\\u041a\\u043e\\u043c\\u043f\\u043b\\u0435\\u043a\\u0442\\u0430\\u0446\\u0438\\u044f", "object": "PrjKit object", "fields": ["price1", "price2"]}}]	7	1
45	2017-01-27 10:51:38.343008+00	7	Ивино	2	[{"added": {"name": "\\u041a\\u043e\\u043c\\u043f\\u043b\\u0435\\u043a\\u0442\\u0430\\u0446\\u0438\\u044f", "object": "PrjKit object"}}, {"added": {"name": "\\u041a\\u043e\\u043c\\u043f\\u043b\\u0435\\u043a\\u0442\\u0430\\u0446\\u0438\\u044f", "object": "PrjKit object"}}, {"added": {"name": "\\u041a\\u043e\\u043c\\u043f\\u043b\\u0435\\u043a\\u0442\\u0430\\u0446\\u0438\\u044f", "object": "PrjKit object"}}]	7	1
46	2017-01-27 10:52:35.962609+00	6	Назарово	2	[{"added": {"name": "\\u041a\\u043e\\u043c\\u043f\\u043b\\u0435\\u043a\\u0442\\u0430\\u0446\\u0438\\u044f", "object": "PrjKit object"}}, {"added": {"name": "\\u041a\\u043e\\u043c\\u043f\\u043b\\u0435\\u043a\\u0442\\u0430\\u0446\\u0438\\u044f", "object": "PrjKit object"}}, {"added": {"name": "\\u041a\\u043e\\u043c\\u043f\\u043b\\u0435\\u043a\\u0442\\u0430\\u0446\\u0438\\u044f", "object": "PrjKit object"}}]	7	1
47	2017-01-27 16:04:49.1586+00	8	Икарус	1	[{"added": {}}]	7	1
48	2017-01-27 16:25:35.707916+00	8	Икарус	2	[{"changed": {"fields": ["description"]}}, {"added": {"object": "\\u0418\\u043a\\u0430\\u0440\\u0443\\u0441", "name": "\\u0424\\u043e\\u0442\\u043e \\u043f\\u0440\\u043e\\u0435\\u043a\\u0442\\u0430"}}, {"added": {"object": "\\u0418\\u043a\\u0430\\u0440\\u0443\\u0441", "name": "\\u0424\\u043e\\u0442\\u043e \\u043f\\u0440\\u043e\\u0435\\u043a\\u0442\\u0430"}}, {"added": {"object": "\\u0418\\u043a\\u0430\\u0440\\u0443\\u0441", "name": "\\u0424\\u043e\\u0442\\u043e \\u043f\\u0440\\u043e\\u0435\\u043a\\u0442\\u0430"}}, {"added": {"object": "\\u0418\\u043a\\u0430\\u0440\\u0443\\u0441", "name": "\\u0424\\u043e\\u0442\\u043e \\u043f\\u0440\\u043e\\u0435\\u043a\\u0442\\u0430"}}, {"added": {"object": "\\u0418\\u043a\\u0430\\u0440\\u0443\\u0441", "name": "\\u0424\\u043e\\u0442\\u043e \\u043f\\u0440\\u043e\\u0435\\u043a\\u0442\\u0430"}}, {"added": {"object": "\\u0418\\u043a\\u0430\\u0440\\u0443\\u0441", "name": "\\u0424\\u043e\\u0442\\u043e \\u043f\\u0440\\u043e\\u0435\\u043a\\u0442\\u0430"}}]	7	1
49	2017-01-27 16:30:31.32119+00	8	Икарус	2	[{"added": {"object": "PrjKit object", "name": "\\u041a\\u043e\\u043c\\u043f\\u043b\\u0435\\u043a\\u0442\\u0430\\u0446\\u0438\\u044f"}}, {"added": {"object": "PrjKit object", "name": "\\u041a\\u043e\\u043c\\u043f\\u043b\\u0435\\u043a\\u0442\\u0430\\u0446\\u0438\\u044f"}}, {"added": {"object": "PrjKit object", "name": "\\u041a\\u043e\\u043c\\u043f\\u043b\\u0435\\u043a\\u0442\\u0430\\u0446\\u0438\\u044f"}}]	7	1
50	2017-01-27 16:34:46.872674+00	8	Икарус	2	[{"changed": {"fields": ["kit1"], "object": "PrjKit object", "name": "\\u041a\\u043e\\u043c\\u043f\\u043b\\u0435\\u043a\\u0442\\u0430\\u0446\\u0438\\u044f"}}]	7	1
51	2017-01-27 16:38:58.028584+00	8	Икарус	2	[{"changed": {"fields": ["kit1"], "object": "PrjKit object", "name": "\\u041a\\u043e\\u043c\\u043f\\u043b\\u0435\\u043a\\u0442\\u0430\\u0446\\u0438\\u044f"}}]	7	1
52	2017-01-27 16:49:11.982695+00	8	Икарус	2	[{"changed": {"fields": ["kit1"], "object": "PrjKit object", "name": "\\u041a\\u043e\\u043c\\u043f\\u043b\\u0435\\u043a\\u0442\\u0430\\u0446\\u0438\\u044f"}}]	7	1
53	2017-01-27 16:51:12.409873+00	8	Икарус	2	[{"changed": {"fields": ["kit1"], "object": "PrjKit object", "name": "\\u041a\\u043e\\u043c\\u043f\\u043b\\u0435\\u043a\\u0442\\u0430\\u0446\\u0438\\u044f"}}]	7	1
54	2017-01-27 16:53:01.416692+00	8	Икарус	2	[{"changed": {"fields": ["kit1"], "object": "PrjKit object", "name": "\\u041a\\u043e\\u043c\\u043f\\u043b\\u0435\\u043a\\u0442\\u0430\\u0446\\u0438\\u044f"}}]	7	1
55	2017-01-27 16:55:35.643212+00	8	Икарус	2	[{"changed": {"fields": ["kit1"], "object": "PrjKit object", "name": "\\u041a\\u043e\\u043c\\u043f\\u043b\\u0435\\u043a\\u0442\\u0430\\u0446\\u0438\\u044f"}}]	7	1
56	2017-01-27 16:56:23.393989+00	8	Икарус	2	[{"changed": {"fields": ["kit1"], "object": "PrjKit object", "name": "\\u041a\\u043e\\u043c\\u043f\\u043b\\u0435\\u043a\\u0442\\u0430\\u0446\\u0438\\u044f"}}]	7	1
57	2017-01-27 16:57:03.51543+00	8	Икарус	2	[{"changed": {"fields": ["kit2"], "object": "PrjKit object", "name": "\\u041a\\u043e\\u043c\\u043f\\u043b\\u0435\\u043a\\u0442\\u0430\\u0446\\u0438\\u044f"}}]	7	1
58	2017-01-27 17:02:15.360003+00	8	Икарус	2	[{"changed": {"fields": ["kit1"], "object": "PrjKit object", "name": "\\u041a\\u043e\\u043c\\u043f\\u043b\\u0435\\u043a\\u0442\\u0430\\u0446\\u0438\\u044f"}}]	7	1
59	2017-01-27 17:03:30.765752+00	8	Икарус	2	[{"changed": {"fields": ["kit1"], "object": "PrjKit object", "name": "\\u041a\\u043e\\u043c\\u043f\\u043b\\u0435\\u043a\\u0442\\u0430\\u0446\\u0438\\u044f"}}]	7	1
60	2017-01-27 17:05:48.090649+00	8	Икарус	2	[{"changed": {"fields": ["kit1"], "object": "PrjKit object", "name": "\\u041a\\u043e\\u043c\\u043f\\u043b\\u0435\\u043a\\u0442\\u0430\\u0446\\u0438\\u044f"}}]	7	1
61	2017-01-27 17:06:19.586441+00	8	Икарус	2	[{"changed": {"fields": ["kit1"], "object": "PrjKit object", "name": "\\u041a\\u043e\\u043c\\u043f\\u043b\\u0435\\u043a\\u0442\\u0430\\u0446\\u0438\\u044f"}}]	7	1
62	2017-01-27 17:07:02.590136+00	8	Икарус	2	[{"changed": {"fields": ["kit1"], "object": "PrjKit object", "name": "\\u041a\\u043e\\u043c\\u043f\\u043b\\u0435\\u043a\\u0442\\u0430\\u0446\\u0438\\u044f"}}]	7	1
63	2017-01-27 17:07:38.256745+00	8	Икарус	2	[{"changed": {"fields": ["kit2"], "object": "PrjKit object", "name": "\\u041a\\u043e\\u043c\\u043f\\u043b\\u0435\\u043a\\u0442\\u0430\\u0446\\u0438\\u044f"}}]	7	1
64	2017-01-29 15:34:29.86273+00	8	Икарус	2	[{"changed": {"fields": ["img"]}}]	7	1
65	2017-01-31 09:25:00.08302+00	2	Calculation object	3		15	1
66	2017-01-31 09:25:00.108731+00	1	Calculation object	3		15	1
67	2017-01-31 09:25:31.907256+00	3	Calculation object	3		15	1
68	2017-01-31 09:55:19.7329+00	4	Calculation object	3		15	1
69	2017-01-31 10:05:21.590231+00	5	Calculation object	3		15	1
70	2017-01-31 10:40:18.263606+00	7	Calculation object	3		15	1
71	2017-01-31 10:40:18.266439+00	6	Calculation object	3		15	1
72	2017-01-31 11:49:04.160687+00	8	Calculation object	3		15	1
73	2017-02-02 09:35:31.50169+00	20	Calculation object	3		15	1
74	2017-02-02 09:35:31.555513+00	19	Calculation object	3		15	1
75	2017-02-02 09:35:31.557248+00	18	Calculation object	3		15	1
76	2017-02-02 09:35:31.559073+00	17	Calculation object	3		15	1
77	2017-02-02 09:35:31.560472+00	16	Calculation object	3		15	1
78	2017-02-02 09:35:31.562043+00	15	Calculation object	3		15	1
79	2017-02-02 09:35:31.563486+00	14	Calculation object	3		15	1
80	2017-02-02 09:35:31.565413+00	13	Calculation object	3		15	1
81	2017-02-02 09:35:31.566902+00	12	Calculation object	3		15	1
82	2017-02-02 09:35:31.568382+00	11	Calculation object	3		15	1
83	2017-02-02 09:35:31.569895+00	10	Calculation object	3		15	1
84	2017-02-02 09:35:31.57135+00	9	Calculation object	3		15	1
85	2017-02-02 10:17:01.655208+00	21	Calculation object	3		15	1
86	2017-02-02 15:01:39.320535+00	5	PhoneCall object	3		16	1
87	2017-02-02 15:01:39.322938+00	4	PhoneCall object	3		16	1
88	2017-02-02 15:01:39.32391+00	3	PhoneCall object	3		16	1
89	2017-02-02 15:01:39.324798+00	2	PhoneCall object	3		16	1
90	2017-02-02 15:01:39.325493+00	1	PhoneCall object	3		16	1
91	2017-02-04 07:47:27.508225+00	9	PhoneCall object	3		16	1
92	2017-02-04 07:47:27.511378+00	8	PhoneCall object	3		16	1
93	2017-02-04 07:47:27.512552+00	7	PhoneCall object	3		16	1
94	2017-02-04 07:47:27.513432+00	6	PhoneCall object	3		16	1
95	2017-02-04 08:17:07.269672+00	1	Виды Пиломатериалов	2	[{"changed": {"fields": ["title", "metakey", "metadesc"]}}]	11	1
96	2017-02-14 12:09:26.461422+00	8	Икарус	2	[{"changed": {"fields": ["description"]}}]	7	1
97	2017-02-14 17:27:49.988067+00	8	Икарус	2	[{"changed": {"fields": ["kit1"], "name": "\\u041a\\u043e\\u043c\\u043f\\u043b\\u0435\\u043a\\u0442\\u0430\\u0446\\u0438\\u044f", "object": "\\u0418\\u043a\\u0430\\u0440\\u0443\\u0441 \\u0422\\u0435\\u0440\\u043c\\u043e\\u043f\\u0430\\u043d\\u0435\\u043b\\u0438"}}]	7	1
98	2017-02-14 17:31:41.158939+00	8	Икарус	2	[{"changed": {"fields": ["kit1"], "name": "\\u041a\\u043e\\u043c\\u043f\\u043b\\u0435\\u043a\\u0442\\u0430\\u0446\\u0438\\u044f", "object": "\\u0418\\u043a\\u0430\\u0440\\u0443\\u0441 \\u0422\\u0435\\u0440\\u043c\\u043e\\u043f\\u0430\\u043d\\u0435\\u043b\\u0438"}}]	7	1
99	2017-02-14 17:44:02.643916+00	8	Икарус	2	[{"changed": {"fields": ["kit1"], "name": "\\u041a\\u043e\\u043c\\u043f\\u043b\\u0435\\u043a\\u0442\\u0430\\u0446\\u0438\\u044f", "object": "\\u0418\\u043a\\u0430\\u0440\\u0443\\u0441 \\u0422\\u0435\\u0440\\u043c\\u043e\\u043f\\u0430\\u043d\\u0435\\u043b\\u0438"}}]	7	1
100	2017-02-14 17:46:37.316561+00	8	Икарус	2	[{"changed": {"fields": ["kit1"], "name": "\\u041a\\u043e\\u043c\\u043f\\u043b\\u0435\\u043a\\u0442\\u0430\\u0446\\u0438\\u044f", "object": "\\u0418\\u043a\\u0430\\u0440\\u0443\\u0441 \\u0422\\u0435\\u0440\\u043c\\u043e\\u043f\\u0430\\u043d\\u0435\\u043b\\u0438"}}]	7	1
101	2017-02-14 17:48:49.264282+00	8	Икарус	2	[{"changed": {"fields": ["kit1"], "name": "\\u041a\\u043e\\u043c\\u043f\\u043b\\u0435\\u043a\\u0442\\u0430\\u0446\\u0438\\u044f", "object": "\\u0418\\u043a\\u0430\\u0440\\u0443\\u0441 \\u0422\\u0435\\u0440\\u043c\\u043e\\u043f\\u0430\\u043d\\u0435\\u043b\\u0438"}}]	7	1
102	2017-02-15 05:04:07.362851+00	8	Икарус	2	[{"changed": {"name": "\\u041a\\u043e\\u043c\\u043f\\u043b\\u0435\\u043a\\u0442\\u0430\\u0446\\u0438\\u044f", "object": "\\u0418\\u043a\\u0430\\u0440\\u0443\\u0441 \\u0421\\u0438\\u043f-\\u041f\\u0430\\u043d\\u0435\\u043b\\u0438", "fields": ["kit1"]}}]	7	1
103	2017-02-15 05:38:28.776768+00	8	Икарус	2	[{"changed": {"name": "\\u041a\\u043e\\u043c\\u043f\\u043b\\u0435\\u043a\\u0442\\u0430\\u0446\\u0438\\u044f", "object": "\\u0418\\u043a\\u0430\\u0440\\u0443\\u0441 \\u0421\\u0438\\u043f-\\u041f\\u0430\\u043d\\u0435\\u043b\\u0438", "fields": ["kit1", "kit2"]}}]	7	1
104	2017-02-16 12:14:21.376346+00	6	Элементы	1	[{"added": {}}]	12	1
105	2017-02-16 12:14:25.716681+00	3	Теплый Пол	1	[{"added": {}}]	11	1
106	2017-02-16 12:15:24.559046+00	3	Теплый Пол	2	[{"changed": {"fields": ["body"]}}]	11	1
107	2017-02-16 12:24:49.123539+00	4	Водяное Отопление	1	[{"added": {}}]	11	1
108	2017-02-16 12:25:24.648502+00	2	Преимущества Каркасных Домов По Канадской Технологии	3		11	1
109	2017-02-16 12:25:24.652213+00	1	Виды Пиломатериалов	3		11	1
110	2017-02-16 12:32:31.678018+00	5	Экологичность Домов	1	[{"added": {}}]	11	1
111	2017-02-16 12:39:35.835343+00	6	Сколько Времени Уходит На Строительство Дома Под Ключ	1	[{"added": {}}]	11	1
112	2017-02-21 11:21:10.267561+00	9	Сватово	1	[{"added": {}}, {"added": {"object": "\\u0421\\u0432\\u0430\\u0442\\u043e\\u0432\\u043e", "name": "\\u0424\\u043e\\u0442\\u043e \\u043f\\u0440\\u043e\\u0435\\u043a\\u0442\\u0430"}}, {"added": {"object": "\\u0421\\u0432\\u0430\\u0442\\u043e\\u0432\\u043e", "name": "\\u0424\\u043e\\u0442\\u043e \\u043f\\u0440\\u043e\\u0435\\u043a\\u0442\\u0430"}}, {"added": {"object": "\\u0421\\u0432\\u0430\\u0442\\u043e\\u0432\\u043e", "name": "\\u0424\\u043e\\u0442\\u043e \\u043f\\u0440\\u043e\\u0435\\u043a\\u0442\\u0430"}}, {"added": {"object": "\\u0421\\u0432\\u0430\\u0442\\u043e\\u0432\\u043e", "name": "\\u0424\\u043e\\u0442\\u043e \\u043f\\u0440\\u043e\\u0435\\u043a\\u0442\\u0430"}}, {"added": {"object": "\\u0421\\u0432\\u0430\\u0442\\u043e\\u0432\\u043e", "name": "\\u0424\\u043e\\u0442\\u043e \\u043f\\u0440\\u043e\\u0435\\u043a\\u0442\\u0430"}}, {"added": {"object": "\\u0421\\u0432\\u0430\\u0442\\u043e\\u0432\\u043e \\u0421\\u0438\\u043f-\\u041f\\u0430\\u043d\\u0435\\u043b\\u0438", "name": "\\u041a\\u043e\\u043c\\u043f\\u043b\\u0435\\u043a\\u0442\\u0430\\u0446\\u0438\\u044f"}}]	7	1
113	2017-02-21 11:24:35.376175+00	7	Ивино	3		7	1
114	2017-02-21 11:24:35.378677+00	6	Назарово	3		7	1
115	2017-02-21 11:24:35.380343+00	5	Саввино	3		7	1
116	2017-02-21 11:24:35.382019+00	4	Спасское	3		7	1
117	2017-02-21 11:24:35.383282+00	3	Жевнево	3		7	1
118	2017-02-21 11:27:29.869286+00	10	Шарапово	1	[{"added": {}}, {"added": {"object": "\\u0428\\u0430\\u0440\\u0430\\u043f\\u043e\\u0432\\u043e", "name": "\\u0424\\u043e\\u0442\\u043e \\u043f\\u0440\\u043e\\u0435\\u043a\\u0442\\u0430"}}, {"added": {"object": "\\u0428\\u0430\\u0440\\u0430\\u043f\\u043e\\u0432\\u043e", "name": "\\u0424\\u043e\\u0442\\u043e \\u043f\\u0440\\u043e\\u0435\\u043a\\u0442\\u0430"}}, {"added": {"object": "\\u0428\\u0430\\u0440\\u0430\\u043f\\u043e\\u0432\\u043e", "name": "\\u0424\\u043e\\u0442\\u043e \\u043f\\u0440\\u043e\\u0435\\u043a\\u0442\\u0430"}}, {"added": {"object": "\\u0428\\u0430\\u0440\\u0430\\u043f\\u043e\\u0432\\u043e", "name": "\\u0424\\u043e\\u0442\\u043e \\u043f\\u0440\\u043e\\u0435\\u043a\\u0442\\u0430"}}, {"added": {"object": "\\u0428\\u0430\\u0440\\u0430\\u043f\\u043e\\u0432\\u043e", "name": "\\u0424\\u043e\\u0442\\u043e \\u043f\\u0440\\u043e\\u0435\\u043a\\u0442\\u0430"}}, {"added": {"object": "\\u0428\\u0430\\u0440\\u0430\\u043f\\u043e\\u0432\\u043e \\u0421\\u0438\\u043f-\\u041f\\u0430\\u043d\\u0435\\u043b\\u0438", "name": "\\u041a\\u043e\\u043c\\u043f\\u043b\\u0435\\u043a\\u0442\\u0430\\u0446\\u0438\\u044f"}}]	7	1
119	2017-02-21 11:31:09.421581+00	11	Суханово	1	[{"added": {}}, {"added": {"object": "\\u0421\\u0443\\u0445\\u0430\\u043d\\u043e\\u0432\\u043e", "name": "\\u0424\\u043e\\u0442\\u043e \\u043f\\u0440\\u043e\\u0435\\u043a\\u0442\\u0430"}}, {"added": {"object": "\\u0421\\u0443\\u0445\\u0430\\u043d\\u043e\\u0432\\u043e", "name": "\\u0424\\u043e\\u0442\\u043e \\u043f\\u0440\\u043e\\u0435\\u043a\\u0442\\u0430"}}, {"added": {"object": "\\u0421\\u0443\\u0445\\u0430\\u043d\\u043e\\u0432\\u043e", "name": "\\u0424\\u043e\\u0442\\u043e \\u043f\\u0440\\u043e\\u0435\\u043a\\u0442\\u0430"}}, {"added": {"object": "\\u0421\\u0443\\u0445\\u0430\\u043d\\u043e\\u0432\\u043e", "name": "\\u0424\\u043e\\u0442\\u043e \\u043f\\u0440\\u043e\\u0435\\u043a\\u0442\\u0430"}}, {"added": {"object": "\\u0421\\u0443\\u0445\\u0430\\u043d\\u043e\\u0432\\u043e", "name": "\\u0424\\u043e\\u0442\\u043e \\u043f\\u0440\\u043e\\u0435\\u043a\\u0442\\u0430"}}, {"added": {"object": "\\u0421\\u0443\\u0445\\u0430\\u043d\\u043e\\u0432\\u043e \\u0421\\u0438\\u043f-\\u041f\\u0430\\u043d\\u0435\\u043b\\u0438", "name": "\\u041a\\u043e\\u043c\\u043f\\u043b\\u0435\\u043a\\u0442\\u0430\\u0446\\u0438\\u044f"}}]	7	1
120	2017-02-21 11:37:10.190318+00	12	Ольгово	1	[{"added": {}}, {"added": {"object": "\\u041e\\u043b\\u044c\\u0433\\u043e\\u0432\\u043e", "name": "\\u0424\\u043e\\u0442\\u043e \\u043f\\u0440\\u043e\\u0435\\u043a\\u0442\\u0430"}}, {"added": {"object": "\\u041e\\u043b\\u044c\\u0433\\u043e\\u0432\\u043e", "name": "\\u0424\\u043e\\u0442\\u043e \\u043f\\u0440\\u043e\\u0435\\u043a\\u0442\\u0430"}}, {"added": {"object": "\\u041e\\u043b\\u044c\\u0433\\u043e\\u0432\\u043e", "name": "\\u0424\\u043e\\u0442\\u043e \\u043f\\u0440\\u043e\\u0435\\u043a\\u0442\\u0430"}}, {"added": {"object": "\\u041e\\u043b\\u044c\\u0433\\u043e\\u0432\\u043e", "name": "\\u0424\\u043e\\u0442\\u043e \\u043f\\u0440\\u043e\\u0435\\u043a\\u0442\\u0430"}}, {"added": {"object": "\\u041e\\u043b\\u044c\\u0433\\u043e\\u0432\\u043e", "name": "\\u0424\\u043e\\u0442\\u043e \\u043f\\u0440\\u043e\\u0435\\u043a\\u0442\\u0430"}}, {"added": {"object": "\\u041e\\u043b\\u044c\\u0433\\u043e\\u0432\\u043e", "name": "\\u0424\\u043e\\u0442\\u043e \\u043f\\u0440\\u043e\\u0435\\u043a\\u0442\\u0430"}}, {"added": {"object": "\\u041e\\u043b\\u044c\\u0433\\u043e\\u0432\\u043e \\u0421\\u0438\\u043f-\\u041f\\u0430\\u043d\\u0435\\u043b\\u0438", "name": "\\u041a\\u043e\\u043c\\u043f\\u043b\\u0435\\u043a\\u0442\\u0430\\u0446\\u0438\\u044f"}}]	7	1
121	2017-02-21 11:40:20.252537+00	13	Прохорово	1	[{"added": {}}, {"added": {"object": "\\u041f\\u0440\\u043e\\u0445\\u043e\\u0440\\u043e\\u0432\\u043e", "name": "\\u0424\\u043e\\u0442\\u043e \\u043f\\u0440\\u043e\\u0435\\u043a\\u0442\\u0430"}}, {"added": {"object": "\\u041f\\u0440\\u043e\\u0445\\u043e\\u0440\\u043e\\u0432\\u043e", "name": "\\u0424\\u043e\\u0442\\u043e \\u043f\\u0440\\u043e\\u0435\\u043a\\u0442\\u0430"}}, {"added": {"object": "\\u041f\\u0440\\u043e\\u0445\\u043e\\u0440\\u043e\\u0432\\u043e", "name": "\\u0424\\u043e\\u0442\\u043e \\u043f\\u0440\\u043e\\u0435\\u043a\\u0442\\u0430"}}, {"added": {"object": "\\u041f\\u0440\\u043e\\u0445\\u043e\\u0440\\u043e\\u0432\\u043e", "name": "\\u0424\\u043e\\u0442\\u043e \\u043f\\u0440\\u043e\\u0435\\u043a\\u0442\\u0430"}}, {"added": {"object": "\\u041f\\u0440\\u043e\\u0445\\u043e\\u0440\\u043e\\u0432\\u043e", "name": "\\u0424\\u043e\\u0442\\u043e \\u043f\\u0440\\u043e\\u0435\\u043a\\u0442\\u0430"}}, {"added": {"object": "\\u041f\\u0440\\u043e\\u0445\\u043e\\u0440\\u043e\\u0432\\u043e", "name": "\\u0424\\u043e\\u0442\\u043e \\u043f\\u0440\\u043e\\u0435\\u043a\\u0442\\u0430"}}, {"added": {"object": "\\u041f\\u0440\\u043e\\u0445\\u043e\\u0440\\u043e\\u0432\\u043e \\u0421\\u0438\\u043f-\\u041f\\u0430\\u043d\\u0435\\u043b\\u0438", "name": "\\u041a\\u043e\\u043c\\u043f\\u043b\\u0435\\u043a\\u0442\\u0430\\u0446\\u0438\\u044f"}}]	7	1
122	2017-02-21 11:42:22.874326+00	14	Подушкино	1	[{"added": {}}, {"added": {"object": "\\u041f\\u043e\\u0434\\u0443\\u0448\\u043a\\u0438\\u043d\\u043e", "name": "\\u0424\\u043e\\u0442\\u043e \\u043f\\u0440\\u043e\\u0435\\u043a\\u0442\\u0430"}}, {"added": {"object": "\\u041f\\u043e\\u0434\\u0443\\u0448\\u043a\\u0438\\u043d\\u043e", "name": "\\u0424\\u043e\\u0442\\u043e \\u043f\\u0440\\u043e\\u0435\\u043a\\u0442\\u0430"}}, {"added": {"object": "\\u041f\\u043e\\u0434\\u0443\\u0448\\u043a\\u0438\\u043d\\u043e", "name": "\\u0424\\u043e\\u0442\\u043e \\u043f\\u0440\\u043e\\u0435\\u043a\\u0442\\u0430"}}, {"added": {"object": "\\u041f\\u043e\\u0434\\u0443\\u0448\\u043a\\u0438\\u043d\\u043e", "name": "\\u0424\\u043e\\u0442\\u043e \\u043f\\u0440\\u043e\\u0435\\u043a\\u0442\\u0430"}}, {"added": {"object": "\\u041f\\u043e\\u0434\\u0443\\u0448\\u043a\\u0438\\u043d\\u043e", "name": "\\u0424\\u043e\\u0442\\u043e \\u043f\\u0440\\u043e\\u0435\\u043a\\u0442\\u0430"}}, {"added": {"object": "\\u041f\\u043e\\u0434\\u0443\\u0448\\u043a\\u0438\\u043d\\u043e", "name": "\\u0424\\u043e\\u0442\\u043e \\u043f\\u0440\\u043e\\u0435\\u043a\\u0442\\u0430"}}, {"added": {"object": "\\u041f\\u043e\\u0434\\u0443\\u0448\\u043a\\u0438\\u043d\\u043e \\u0421\\u0438\\u043f-\\u041f\\u0430\\u043d\\u0435\\u043b\\u0438", "name": "\\u041a\\u043e\\u043c\\u043f\\u043b\\u0435\\u043a\\u0442\\u0430\\u0446\\u0438\\u044f"}}]	7	1
123	2017-02-21 11:44:55.983704+00	15	Петровское	1	[{"added": {}}, {"added": {"object": "\\u041f\\u0435\\u0442\\u0440\\u043e\\u0432\\u0441\\u043a\\u043e\\u0435", "name": "\\u0424\\u043e\\u0442\\u043e \\u043f\\u0440\\u043e\\u0435\\u043a\\u0442\\u0430"}}, {"added": {"object": "\\u041f\\u0435\\u0442\\u0440\\u043e\\u0432\\u0441\\u043a\\u043e\\u0435", "name": "\\u0424\\u043e\\u0442\\u043e \\u043f\\u0440\\u043e\\u0435\\u043a\\u0442\\u0430"}}, {"added": {"object": "\\u041f\\u0435\\u0442\\u0440\\u043e\\u0432\\u0441\\u043a\\u043e\\u0435", "name": "\\u0424\\u043e\\u0442\\u043e \\u043f\\u0440\\u043e\\u0435\\u043a\\u0442\\u0430"}}, {"added": {"object": "\\u041f\\u0435\\u0442\\u0440\\u043e\\u0432\\u0441\\u043a\\u043e\\u0435", "name": "\\u0424\\u043e\\u0442\\u043e \\u043f\\u0440\\u043e\\u0435\\u043a\\u0442\\u0430"}}, {"added": {"object": "\\u041f\\u0435\\u0442\\u0440\\u043e\\u0432\\u0441\\u043a\\u043e\\u0435", "name": "\\u0424\\u043e\\u0442\\u043e \\u043f\\u0440\\u043e\\u0435\\u043a\\u0442\\u0430"}}, {"added": {"object": "\\u041f\\u0435\\u0442\\u0440\\u043e\\u0432\\u0441\\u043a\\u043e\\u0435", "name": "\\u0424\\u043e\\u0442\\u043e \\u043f\\u0440\\u043e\\u0435\\u043a\\u0442\\u0430"}}, {"added": {"object": "\\u041f\\u0435\\u0442\\u0440\\u043e\\u0432\\u0441\\u043a\\u043e\\u0435 \\u0421\\u0438\\u043f-\\u041f\\u0430\\u043d\\u0435\\u043b\\u0438", "name": "\\u041a\\u043e\\u043c\\u043f\\u043b\\u0435\\u043a\\u0442\\u0430\\u0446\\u0438\\u044f"}}]	7	1
124	2017-02-21 11:47:47.035912+00	16	Молоди	1	[{"added": {}}, {"added": {"object": "\\u041c\\u043e\\u043b\\u043e\\u0434\\u0438", "name": "\\u0424\\u043e\\u0442\\u043e \\u043f\\u0440\\u043e\\u0435\\u043a\\u0442\\u0430"}}, {"added": {"object": "\\u041c\\u043e\\u043b\\u043e\\u0434\\u0438", "name": "\\u0424\\u043e\\u0442\\u043e \\u043f\\u0440\\u043e\\u0435\\u043a\\u0442\\u0430"}}, {"added": {"object": "\\u041c\\u043e\\u043b\\u043e\\u0434\\u0438", "name": "\\u0424\\u043e\\u0442\\u043e \\u043f\\u0440\\u043e\\u0435\\u043a\\u0442\\u0430"}}, {"added": {"object": "\\u041c\\u043e\\u043b\\u043e\\u0434\\u0438", "name": "\\u0424\\u043e\\u0442\\u043e \\u043f\\u0440\\u043e\\u0435\\u043a\\u0442\\u0430"}}, {"added": {"object": "\\u041c\\u043e\\u043b\\u043e\\u0434\\u0438", "name": "\\u0424\\u043e\\u0442\\u043e \\u043f\\u0440\\u043e\\u0435\\u043a\\u0442\\u0430"}}, {"added": {"object": "\\u041c\\u043e\\u043b\\u043e\\u0434\\u0438", "name": "\\u0424\\u043e\\u0442\\u043e \\u043f\\u0440\\u043e\\u0435\\u043a\\u0442\\u0430"}}]	7	1
125	2017-02-21 11:48:15.763477+00	16	Молоди	2	[{"added": {"object": "\\u041c\\u043e\\u043b\\u043e\\u0434\\u0438 \\u0421\\u0438\\u043f-\\u041f\\u0430\\u043d\\u0435\\u043b\\u0438", "name": "\\u041a\\u043e\\u043c\\u043f\\u043b\\u0435\\u043a\\u0442\\u0430\\u0446\\u0438\\u044f"}}]	7	1
126	2017-02-21 11:56:38.972221+00	17	Марино	1	[{"added": {}}, {"added": {"object": "\\u041c\\u0430\\u0440\\u0438\\u043d\\u043e", "name": "\\u0424\\u043e\\u0442\\u043e \\u043f\\u0440\\u043e\\u0435\\u043a\\u0442\\u0430"}}, {"added": {"object": "\\u041c\\u0430\\u0440\\u0438\\u043d\\u043e", "name": "\\u0424\\u043e\\u0442\\u043e \\u043f\\u0440\\u043e\\u0435\\u043a\\u0442\\u0430"}}, {"added": {"object": "\\u041c\\u0430\\u0440\\u0438\\u043d\\u043e", "name": "\\u0424\\u043e\\u0442\\u043e \\u043f\\u0440\\u043e\\u0435\\u043a\\u0442\\u0430"}}, {"added": {"object": "\\u041c\\u0430\\u0440\\u0438\\u043d\\u043e", "name": "\\u0424\\u043e\\u0442\\u043e \\u043f\\u0440\\u043e\\u0435\\u043a\\u0442\\u0430"}}, {"added": {"object": "\\u041c\\u0430\\u0440\\u0438\\u043d\\u043e", "name": "\\u0424\\u043e\\u0442\\u043e \\u043f\\u0440\\u043e\\u0435\\u043a\\u0442\\u0430"}}, {"added": {"object": "\\u041c\\u0430\\u0440\\u0438\\u043d\\u043e", "name": "\\u0424\\u043e\\u0442\\u043e \\u043f\\u0440\\u043e\\u0435\\u043a\\u0442\\u0430"}}, {"added": {"object": "\\u041c\\u0430\\u0440\\u0438\\u043d\\u043e \\u0421\\u0438\\u043f-\\u041f\\u0430\\u043d\\u0435\\u043b\\u0438", "name": "\\u041a\\u043e\\u043c\\u043f\\u043b\\u0435\\u043a\\u0442\\u0430\\u0446\\u0438\\u044f"}}]	7	1
127	2017-02-21 11:59:35.917178+00	18	Марфино	1	[{"added": {}}, {"added": {"object": "\\u041c\\u0430\\u0440\\u0444\\u0438\\u043d\\u043e", "name": "\\u0424\\u043e\\u0442\\u043e \\u043f\\u0440\\u043e\\u0435\\u043a\\u0442\\u0430"}}, {"added": {"object": "\\u041c\\u0430\\u0440\\u0444\\u0438\\u043d\\u043e", "name": "\\u0424\\u043e\\u0442\\u043e \\u043f\\u0440\\u043e\\u0435\\u043a\\u0442\\u0430"}}, {"added": {"object": "\\u041c\\u0430\\u0440\\u0444\\u0438\\u043d\\u043e", "name": "\\u0424\\u043e\\u0442\\u043e \\u043f\\u0440\\u043e\\u0435\\u043a\\u0442\\u0430"}}, {"added": {"object": "\\u041c\\u0430\\u0440\\u0444\\u0438\\u043d\\u043e", "name": "\\u0424\\u043e\\u0442\\u043e \\u043f\\u0440\\u043e\\u0435\\u043a\\u0442\\u0430"}}, {"added": {"object": "\\u041c\\u0430\\u0440\\u0444\\u0438\\u043d\\u043e", "name": "\\u0424\\u043e\\u0442\\u043e \\u043f\\u0440\\u043e\\u0435\\u043a\\u0442\\u0430"}}, {"added": {"object": "\\u041c\\u0430\\u0440\\u0444\\u0438\\u043d\\u043e", "name": "\\u0424\\u043e\\u0442\\u043e \\u043f\\u0440\\u043e\\u0435\\u043a\\u0442\\u0430"}}, {"added": {"object": "\\u041c\\u0430\\u0440\\u0444\\u0438\\u043d\\u043e \\u0421\\u0438\\u043f-\\u041f\\u0430\\u043d\\u0435\\u043b\\u0438", "name": "\\u041a\\u043e\\u043c\\u043f\\u043b\\u0435\\u043a\\u0442\\u0430\\u0446\\u0438\\u044f"}}]	7	1
128	2017-02-21 12:02:11.238144+00	19	Мелихово	1	[{"added": {}}, {"added": {"object": "\\u041c\\u0435\\u043b\\u0438\\u0445\\u043e\\u0432\\u043e", "name": "\\u0424\\u043e\\u0442\\u043e \\u043f\\u0440\\u043e\\u0435\\u043a\\u0442\\u0430"}}, {"added": {"object": "\\u041c\\u0435\\u043b\\u0438\\u0445\\u043e\\u0432\\u043e", "name": "\\u0424\\u043e\\u0442\\u043e \\u043f\\u0440\\u043e\\u0435\\u043a\\u0442\\u0430"}}, {"added": {"object": "\\u041c\\u0435\\u043b\\u0438\\u0445\\u043e\\u0432\\u043e", "name": "\\u0424\\u043e\\u0442\\u043e \\u043f\\u0440\\u043e\\u0435\\u043a\\u0442\\u0430"}}, {"added": {"object": "\\u041c\\u0435\\u043b\\u0438\\u0445\\u043e\\u0432\\u043e", "name": "\\u0424\\u043e\\u0442\\u043e \\u043f\\u0440\\u043e\\u0435\\u043a\\u0442\\u0430"}}, {"added": {"object": "\\u041c\\u0435\\u043b\\u0438\\u0445\\u043e\\u0432\\u043e", "name": "\\u0424\\u043e\\u0442\\u043e \\u043f\\u0440\\u043e\\u0435\\u043a\\u0442\\u0430"}}, {"added": {"object": "\\u041c\\u0435\\u043b\\u0438\\u0445\\u043e\\u0432\\u043e", "name": "\\u0424\\u043e\\u0442\\u043e \\u043f\\u0440\\u043e\\u0435\\u043a\\u0442\\u0430"}}, {"added": {"object": "\\u041c\\u0435\\u043b\\u0438\\u0445\\u043e\\u0432\\u043e \\u0421\\u0438\\u043f-\\u041f\\u0430\\u043d\\u0435\\u043b\\u0438", "name": "\\u041a\\u043e\\u043c\\u043f\\u043b\\u0435\\u043a\\u0442\\u0430\\u0446\\u0438\\u044f"}}]	7	1
129	2017-02-21 12:04:32.047184+00	20	Кораллово	1	[{"added": {}}, {"added": {"object": "\\u041a\\u043e\\u0440\\u0430\\u043b\\u043b\\u043e\\u0432\\u043e", "name": "\\u0424\\u043e\\u0442\\u043e \\u043f\\u0440\\u043e\\u0435\\u043a\\u0442\\u0430"}}, {"added": {"object": "\\u041a\\u043e\\u0440\\u0430\\u043b\\u043b\\u043e\\u0432\\u043e", "name": "\\u0424\\u043e\\u0442\\u043e \\u043f\\u0440\\u043e\\u0435\\u043a\\u0442\\u0430"}}, {"added": {"object": "\\u041a\\u043e\\u0440\\u0430\\u043b\\u043b\\u043e\\u0432\\u043e", "name": "\\u0424\\u043e\\u0442\\u043e \\u043f\\u0440\\u043e\\u0435\\u043a\\u0442\\u0430"}}, {"added": {"object": "\\u041a\\u043e\\u0440\\u0430\\u043b\\u043b\\u043e\\u0432\\u043e", "name": "\\u0424\\u043e\\u0442\\u043e \\u043f\\u0440\\u043e\\u0435\\u043a\\u0442\\u0430"}}, {"added": {"object": "\\u041a\\u043e\\u0440\\u0430\\u043b\\u043b\\u043e\\u0432\\u043e", "name": "\\u0424\\u043e\\u0442\\u043e \\u043f\\u0440\\u043e\\u0435\\u043a\\u0442\\u0430"}}, {"added": {"object": "\\u041a\\u043e\\u0440\\u0430\\u043b\\u043b\\u043e\\u0432\\u043e", "name": "\\u0424\\u043e\\u0442\\u043e \\u043f\\u0440\\u043e\\u0435\\u043a\\u0442\\u0430"}}, {"added": {"object": "\\u041a\\u043e\\u0440\\u0430\\u043b\\u043b\\u043e\\u0432\\u043e \\u0421\\u0438\\u043f-\\u041f\\u0430\\u043d\\u0435\\u043b\\u0438", "name": "\\u041a\\u043e\\u043c\\u043f\\u043b\\u0435\\u043a\\u0442\\u0430\\u0446\\u0438\\u044f"}}]	7	1
130	2017-02-21 12:06:43.918881+00	21	Киреево	1	[{"added": {}}, {"added": {"object": "\\u041a\\u0438\\u0440\\u0435\\u0435\\u0432\\u043e", "name": "\\u0424\\u043e\\u0442\\u043e \\u043f\\u0440\\u043e\\u0435\\u043a\\u0442\\u0430"}}, {"added": {"object": "\\u041a\\u0438\\u0440\\u0435\\u0435\\u0432\\u043e", "name": "\\u0424\\u043e\\u0442\\u043e \\u043f\\u0440\\u043e\\u0435\\u043a\\u0442\\u0430"}}, {"added": {"object": "\\u041a\\u0438\\u0440\\u0435\\u0435\\u0432\\u043e", "name": "\\u0424\\u043e\\u0442\\u043e \\u043f\\u0440\\u043e\\u0435\\u043a\\u0442\\u0430"}}, {"added": {"object": "\\u041a\\u0438\\u0440\\u0435\\u0435\\u0432\\u043e", "name": "\\u0424\\u043e\\u0442\\u043e \\u043f\\u0440\\u043e\\u0435\\u043a\\u0442\\u0430"}}, {"added": {"object": "\\u041a\\u0438\\u0440\\u0435\\u0435\\u0432\\u043e", "name": "\\u0424\\u043e\\u0442\\u043e \\u043f\\u0440\\u043e\\u0435\\u043a\\u0442\\u0430"}}, {"added": {"object": "\\u041a\\u0438\\u0440\\u0435\\u0435\\u0432\\u043e", "name": "\\u0424\\u043e\\u0442\\u043e \\u043f\\u0440\\u043e\\u0435\\u043a\\u0442\\u0430"}}, {"added": {"object": "\\u041a\\u0438\\u0440\\u0435\\u0435\\u0432\\u043e \\u0421\\u0438\\u043f-\\u041f\\u0430\\u043d\\u0435\\u043b\\u0438", "name": "\\u041a\\u043e\\u043c\\u043f\\u043b\\u0435\\u043a\\u0442\\u0430\\u0446\\u0438\\u044f"}}]	7	1
131	2017-02-21 12:09:16.225479+00	22	Захарово	1	[{"added": {}}, {"added": {"object": "\\u0417\\u0430\\u0445\\u0430\\u0440\\u043e\\u0432\\u043e", "name": "\\u0424\\u043e\\u0442\\u043e \\u043f\\u0440\\u043e\\u0435\\u043a\\u0442\\u0430"}}, {"added": {"object": "\\u0417\\u0430\\u0445\\u0430\\u0440\\u043e\\u0432\\u043e", "name": "\\u0424\\u043e\\u0442\\u043e \\u043f\\u0440\\u043e\\u0435\\u043a\\u0442\\u0430"}}, {"added": {"object": "\\u0417\\u0430\\u0445\\u0430\\u0440\\u043e\\u0432\\u043e", "name": "\\u0424\\u043e\\u0442\\u043e \\u043f\\u0440\\u043e\\u0435\\u043a\\u0442\\u0430"}}, {"added": {"object": "\\u0417\\u0430\\u0445\\u0430\\u0440\\u043e\\u0432\\u043e", "name": "\\u0424\\u043e\\u0442\\u043e \\u043f\\u0440\\u043e\\u0435\\u043a\\u0442\\u0430"}}, {"added": {"object": "\\u0417\\u0430\\u0445\\u0430\\u0440\\u043e\\u0432\\u043e", "name": "\\u0424\\u043e\\u0442\\u043e \\u043f\\u0440\\u043e\\u0435\\u043a\\u0442\\u0430"}}, {"added": {"object": "\\u0417\\u0430\\u0445\\u0430\\u0440\\u043e\\u0432\\u043e", "name": "\\u0424\\u043e\\u0442\\u043e \\u043f\\u0440\\u043e\\u0435\\u043a\\u0442\\u0430"}}, {"added": {"object": "\\u0417\\u0430\\u0445\\u0430\\u0440\\u043e\\u0432\\u043e \\u0421\\u0438\\u043f-\\u041f\\u0430\\u043d\\u0435\\u043b\\u0438", "name": "\\u041a\\u043e\\u043c\\u043f\\u043b\\u0435\\u043a\\u0442\\u0430\\u0446\\u0438\\u044f"}}]	7	1
132	2017-02-22 04:22:11.044418+00	23	Ершово	1	[{"added": {}}, {"added": {"object": "\\u0415\\u0440\\u0448\\u043e\\u0432\\u043e", "name": "\\u0424\\u043e\\u0442\\u043e \\u043f\\u0440\\u043e\\u0435\\u043a\\u0442\\u0430"}}, {"added": {"object": "\\u0415\\u0440\\u0448\\u043e\\u0432\\u043e", "name": "\\u0424\\u043e\\u0442\\u043e \\u043f\\u0440\\u043e\\u0435\\u043a\\u0442\\u0430"}}, {"added": {"object": "\\u0415\\u0440\\u0448\\u043e\\u0432\\u043e", "name": "\\u0424\\u043e\\u0442\\u043e \\u043f\\u0440\\u043e\\u0435\\u043a\\u0442\\u0430"}}, {"added": {"object": "\\u0415\\u0440\\u0448\\u043e\\u0432\\u043e", "name": "\\u0424\\u043e\\u0442\\u043e \\u043f\\u0440\\u043e\\u0435\\u043a\\u0442\\u0430"}}, {"added": {"object": "\\u0415\\u0440\\u0448\\u043e\\u0432\\u043e", "name": "\\u0424\\u043e\\u0442\\u043e \\u043f\\u0440\\u043e\\u0435\\u043a\\u0442\\u0430"}}, {"added": {"object": "\\u0415\\u0440\\u0448\\u043e\\u0432\\u043e", "name": "\\u0424\\u043e\\u0442\\u043e \\u043f\\u0440\\u043e\\u0435\\u043a\\u0442\\u0430"}}, {"added": {"object": "\\u0415\\u0440\\u0448\\u043e\\u0432\\u043e \\u0421\\u0438\\u043f-\\u041f\\u0430\\u043d\\u0435\\u043b\\u0438", "name": "\\u041a\\u043e\\u043c\\u043f\\u043b\\u0435\\u043a\\u0442\\u0430\\u0446\\u0438\\u044f"}}]	7	1
133	2017-02-22 04:31:22.673846+00	24	Дубровицы	1	[{"added": {}}, {"added": {"object": "\\u0414\\u0443\\u0431\\u0440\\u043e\\u0432\\u0438\\u0446\\u044b", "name": "\\u0424\\u043e\\u0442\\u043e \\u043f\\u0440\\u043e\\u0435\\u043a\\u0442\\u0430"}}, {"added": {"object": "\\u0414\\u0443\\u0431\\u0440\\u043e\\u0432\\u0438\\u0446\\u044b", "name": "\\u0424\\u043e\\u0442\\u043e \\u043f\\u0440\\u043e\\u0435\\u043a\\u0442\\u0430"}}, {"added": {"object": "\\u0414\\u0443\\u0431\\u0440\\u043e\\u0432\\u0438\\u0446\\u044b", "name": "\\u0424\\u043e\\u0442\\u043e \\u043f\\u0440\\u043e\\u0435\\u043a\\u0442\\u0430"}}, {"added": {"object": "\\u0414\\u0443\\u0431\\u0440\\u043e\\u0432\\u0438\\u0446\\u044b", "name": "\\u0424\\u043e\\u0442\\u043e \\u043f\\u0440\\u043e\\u0435\\u043a\\u0442\\u0430"}}, {"added": {"object": "\\u0414\\u0443\\u0431\\u0440\\u043e\\u0432\\u0438\\u0446\\u044b", "name": "\\u0424\\u043e\\u0442\\u043e \\u043f\\u0440\\u043e\\u0435\\u043a\\u0442\\u0430"}}, {"added": {"object": "\\u0414\\u0443\\u0431\\u0440\\u043e\\u0432\\u0438\\u0446\\u044b", "name": "\\u0424\\u043e\\u0442\\u043e \\u043f\\u0440\\u043e\\u0435\\u043a\\u0442\\u0430"}}, {"added": {"object": "\\u0414\\u0443\\u0431\\u0440\\u043e\\u0432\\u0438\\u0446\\u044b \\u0421\\u0438\\u043f-\\u041f\\u0430\\u043d\\u0435\\u043b\\u0438", "name": "\\u041a\\u043e\\u043c\\u043f\\u043b\\u0435\\u043a\\u0442\\u0430\\u0446\\u0438\\u044f"}}]	7	1
134	2017-02-22 04:33:28.693759+00	25	Дарьино	1	[{"added": {}}, {"added": {"object": "\\u0414\\u0430\\u0440\\u044c\\u0438\\u043d\\u043e", "name": "\\u0424\\u043e\\u0442\\u043e \\u043f\\u0440\\u043e\\u0435\\u043a\\u0442\\u0430"}}, {"added": {"object": "\\u0414\\u0430\\u0440\\u044c\\u0438\\u043d\\u043e", "name": "\\u0424\\u043e\\u0442\\u043e \\u043f\\u0440\\u043e\\u0435\\u043a\\u0442\\u0430"}}, {"added": {"object": "\\u0414\\u0430\\u0440\\u044c\\u0438\\u043d\\u043e", "name": "\\u0424\\u043e\\u0442\\u043e \\u043f\\u0440\\u043e\\u0435\\u043a\\u0442\\u0430"}}, {"added": {"object": "\\u0414\\u0430\\u0440\\u044c\\u0438\\u043d\\u043e", "name": "\\u0424\\u043e\\u0442\\u043e \\u043f\\u0440\\u043e\\u0435\\u043a\\u0442\\u0430"}}, {"added": {"object": "\\u0414\\u0430\\u0440\\u044c\\u0438\\u043d\\u043e", "name": "\\u0424\\u043e\\u0442\\u043e \\u043f\\u0440\\u043e\\u0435\\u043a\\u0442\\u0430"}}, {"added": {"object": "\\u0414\\u0430\\u0440\\u044c\\u0438\\u043d\\u043e", "name": "\\u0424\\u043e\\u0442\\u043e \\u043f\\u0440\\u043e\\u0435\\u043a\\u0442\\u0430"}}, {"added": {"object": "\\u0414\\u0430\\u0440\\u044c\\u0438\\u043d\\u043e \\u0421\\u0438\\u043f-\\u041f\\u0430\\u043d\\u0435\\u043b\\u0438", "name": "\\u041a\\u043e\\u043c\\u043f\\u043b\\u0435\\u043a\\u0442\\u0430\\u0446\\u0438\\u044f"}}]	7	1
135	2017-02-22 04:35:33.907015+00	26	Алмазово	1	[{"added": {}}, {"added": {"object": "\\u0410\\u043b\\u043c\\u0430\\u0437\\u043e\\u0432\\u043e", "name": "\\u0424\\u043e\\u0442\\u043e \\u043f\\u0440\\u043e\\u0435\\u043a\\u0442\\u0430"}}, {"added": {"object": "\\u0410\\u043b\\u043c\\u0430\\u0437\\u043e\\u0432\\u043e", "name": "\\u0424\\u043e\\u0442\\u043e \\u043f\\u0440\\u043e\\u0435\\u043a\\u0442\\u0430"}}, {"added": {"object": "\\u0410\\u043b\\u043c\\u0430\\u0437\\u043e\\u0432\\u043e", "name": "\\u0424\\u043e\\u0442\\u043e \\u043f\\u0440\\u043e\\u0435\\u043a\\u0442\\u0430"}}, {"added": {"object": "\\u0410\\u043b\\u043c\\u0430\\u0437\\u043e\\u0432\\u043e", "name": "\\u0424\\u043e\\u0442\\u043e \\u043f\\u0440\\u043e\\u0435\\u043a\\u0442\\u0430"}}, {"added": {"object": "\\u0410\\u043b\\u043c\\u0430\\u0437\\u043e\\u0432\\u043e", "name": "\\u0424\\u043e\\u0442\\u043e \\u043f\\u0440\\u043e\\u0435\\u043a\\u0442\\u0430"}}, {"added": {"object": "\\u0410\\u043b\\u043c\\u0430\\u0437\\u043e\\u0432\\u043e", "name": "\\u0424\\u043e\\u0442\\u043e \\u043f\\u0440\\u043e\\u0435\\u043a\\u0442\\u0430"}}, {"added": {"object": "\\u0410\\u043b\\u043c\\u0430\\u0437\\u043e\\u0432\\u043e \\u0421\\u0438\\u043f-\\u041f\\u0430\\u043d\\u0435\\u043b\\u0438", "name": "\\u041a\\u043e\\u043c\\u043f\\u043b\\u0435\\u043a\\u0442\\u0430\\u0446\\u0438\\u044f"}}]	7	1
136	2017-02-22 04:38:00.339974+00	27	Никольское	1	[{"added": {}}, {"added": {"object": "\\u041d\\u0438\\u043a\\u043e\\u043b\\u044c\\u0441\\u043a\\u043e\\u0435", "name": "\\u0424\\u043e\\u0442\\u043e \\u043f\\u0440\\u043e\\u0435\\u043a\\u0442\\u0430"}}, {"added": {"object": "\\u041d\\u0438\\u043a\\u043e\\u043b\\u044c\\u0441\\u043a\\u043e\\u0435", "name": "\\u0424\\u043e\\u0442\\u043e \\u043f\\u0440\\u043e\\u0435\\u043a\\u0442\\u0430"}}, {"added": {"object": "\\u041d\\u0438\\u043a\\u043e\\u043b\\u044c\\u0441\\u043a\\u043e\\u0435", "name": "\\u0424\\u043e\\u0442\\u043e \\u043f\\u0440\\u043e\\u0435\\u043a\\u0442\\u0430"}}, {"added": {"object": "\\u041d\\u0438\\u043a\\u043e\\u043b\\u044c\\u0441\\u043a\\u043e\\u0435", "name": "\\u0424\\u043e\\u0442\\u043e \\u043f\\u0440\\u043e\\u0435\\u043a\\u0442\\u0430"}}, {"added": {"object": "\\u041d\\u0438\\u043a\\u043e\\u043b\\u044c\\u0441\\u043a\\u043e\\u0435", "name": "\\u0424\\u043e\\u0442\\u043e \\u043f\\u0440\\u043e\\u0435\\u043a\\u0442\\u0430"}}, {"added": {"object": "\\u041d\\u0438\\u043a\\u043e\\u043b\\u044c\\u0441\\u043a\\u043e\\u0435", "name": "\\u0424\\u043e\\u0442\\u043e \\u043f\\u0440\\u043e\\u0435\\u043a\\u0442\\u0430"}}, {"added": {"object": "\\u041d\\u0438\\u043a\\u043e\\u043b\\u044c\\u0441\\u043a\\u043e\\u0435 \\u0421\\u0438\\u043f-\\u041f\\u0430\\u043d\\u0435\\u043b\\u0438", "name": "\\u041a\\u043e\\u043c\\u043f\\u043b\\u0435\\u043a\\u0442\\u0430\\u0446\\u0438\\u044f"}}]	7	1
137	2017-02-22 04:39:48.336791+00	28	Климово	1	[{"added": {}}, {"added": {"object": "\\u041a\\u043b\\u0438\\u043c\\u043e\\u0432\\u043e", "name": "\\u0424\\u043e\\u0442\\u043e \\u043f\\u0440\\u043e\\u0435\\u043a\\u0442\\u0430"}}, {"added": {"object": "\\u041a\\u043b\\u0438\\u043c\\u043e\\u0432\\u043e", "name": "\\u0424\\u043e\\u0442\\u043e \\u043f\\u0440\\u043e\\u0435\\u043a\\u0442\\u0430"}}, {"added": {"object": "\\u041a\\u043b\\u0438\\u043c\\u043e\\u0432\\u043e", "name": "\\u0424\\u043e\\u0442\\u043e \\u043f\\u0440\\u043e\\u0435\\u043a\\u0442\\u0430"}}, {"added": {"object": "\\u041a\\u043b\\u0438\\u043c\\u043e\\u0432\\u043e", "name": "\\u0424\\u043e\\u0442\\u043e \\u043f\\u0440\\u043e\\u0435\\u043a\\u0442\\u0430"}}, {"added": {"object": "\\u041a\\u043b\\u0438\\u043c\\u043e\\u0432\\u043e", "name": "\\u0424\\u043e\\u0442\\u043e \\u043f\\u0440\\u043e\\u0435\\u043a\\u0442\\u0430"}}, {"added": {"object": "\\u041a\\u043b\\u0438\\u043c\\u043e\\u0432\\u043e", "name": "\\u0424\\u043e\\u0442\\u043e \\u043f\\u0440\\u043e\\u0435\\u043a\\u0442\\u0430"}}, {"added": {"object": "\\u041a\\u043b\\u0438\\u043c\\u043e\\u0432\\u043e \\u0421\\u0438\\u043f-\\u041f\\u0430\\u043d\\u0435\\u043b\\u0438", "name": "\\u041a\\u043e\\u043c\\u043f\\u043b\\u0435\\u043a\\u0442\\u0430\\u0446\\u0438\\u044f"}}]	7	1
138	2017-02-22 04:42:48.001753+00	29	Аполье	1	[{"added": {}}, {"added": {"object": "\\u0410\\u043f\\u043e\\u043b\\u044c\\u0435", "name": "\\u0424\\u043e\\u0442\\u043e \\u043f\\u0440\\u043e\\u0435\\u043a\\u0442\\u0430"}}, {"added": {"object": "\\u0410\\u043f\\u043e\\u043b\\u044c\\u0435", "name": "\\u0424\\u043e\\u0442\\u043e \\u043f\\u0440\\u043e\\u0435\\u043a\\u0442\\u0430"}}, {"added": {"object": "\\u0410\\u043f\\u043e\\u043b\\u044c\\u0435", "name": "\\u0424\\u043e\\u0442\\u043e \\u043f\\u0440\\u043e\\u0435\\u043a\\u0442\\u0430"}}, {"added": {"object": "\\u0410\\u043f\\u043e\\u043b\\u044c\\u0435", "name": "\\u0424\\u043e\\u0442\\u043e \\u043f\\u0440\\u043e\\u0435\\u043a\\u0442\\u0430"}}, {"added": {"object": "\\u0410\\u043f\\u043e\\u043b\\u044c\\u0435", "name": "\\u0424\\u043e\\u0442\\u043e \\u043f\\u0440\\u043e\\u0435\\u043a\\u0442\\u0430"}}, {"added": {"object": "\\u0410\\u043f\\u043e\\u043b\\u044c\\u0435", "name": "\\u0424\\u043e\\u0442\\u043e \\u043f\\u0440\\u043e\\u0435\\u043a\\u0442\\u0430"}}, {"added": {"object": "\\u0410\\u043f\\u043e\\u043b\\u044c\\u0435 \\u0421\\u0438\\u043f-\\u041f\\u0430\\u043d\\u0435\\u043b\\u0438", "name": "\\u041a\\u043e\\u043c\\u043f\\u043b\\u0435\\u043a\\u0442\\u0430\\u0446\\u0438\\u044f"}}]	7	1
139	2017-02-22 05:00:38.67863+00	8	Икарус	3		7	1
140	2017-02-22 07:59:26.104215+00	40	Calculation object	3		15	1
141	2017-02-22 07:59:26.137506+00	37	Calculation object	3		15	1
142	2017-02-22 07:59:26.140311+00	36	Calculation object	3		15	1
143	2017-02-22 07:59:26.143005+00	33	Calculation object	3		15	1
144	2017-02-22 07:59:26.145695+00	31	Calculation object	3		15	1
145	2017-02-22 07:59:26.148689+00	29	Calculation object	3		15	1
146	2017-02-22 07:59:26.151561+00	28	Calculation object	3		15	1
147	2017-02-22 07:59:26.154234+00	27	Calculation object	3		15	1
148	2017-02-22 07:59:26.1564+00	26	Calculation object	3		15	1
149	2017-02-22 07:59:26.160139+00	25	Calculation object	3		15	1
150	2017-02-24 05:18:23.807955+00	9	Сватово	2	[{"changed": {"fields": ["kit3"], "object": "\\u0421\\u0432\\u0430\\u0442\\u043e\\u0432\\u043e \\u0421\\u0438\\u043f-\\u041f\\u0430\\u043d\\u0435\\u043b\\u0438", "name": "\\u041a\\u043e\\u043c\\u043f\\u043b\\u0435\\u043a\\u0442\\u0430\\u0446\\u0438\\u044f"}}]	7	1
151	2017-02-24 05:30:11.663914+00	9	Сватово	2	[{"added": {"object": "\\u0421\\u0432\\u0430\\u0442\\u043e\\u0432\\u043e \\u0422\\u0435\\u0440\\u043c\\u043e\\u043f\\u0430\\u043d\\u0435\\u043b\\u0438", "name": "\\u041a\\u043e\\u043c\\u043f\\u043b\\u0435\\u043a\\u0442\\u0430\\u0446\\u0438\\u044f"}}]	7	1
152	2017-02-24 05:36:56.749931+00	9	Сватово	2	[{"changed": {"fields": ["kit1", "kit2", "kit3"], "object": "\\u0421\\u0432\\u0430\\u0442\\u043e\\u0432\\u043e \\u0422\\u0435\\u0440\\u043c\\u043e\\u043f\\u0430\\u043d\\u0435\\u043b\\u0438", "name": "\\u041a\\u043e\\u043c\\u043f\\u043b\\u0435\\u043a\\u0442\\u0430\\u0446\\u0438\\u044f"}}]	7	1
153	2017-02-24 05:39:08.184186+00	10	Шарапово	2	[{"added": {"object": "\\u0428\\u0430\\u0440\\u0430\\u043f\\u043e\\u0432\\u043e \\u0422\\u0435\\u0440\\u043c\\u043e\\u043f\\u0430\\u043d\\u0435\\u043b\\u0438", "name": "\\u041a\\u043e\\u043c\\u043f\\u043b\\u0435\\u043a\\u0442\\u0430\\u0446\\u0438\\u044f"}}, {"changed": {"fields": ["kit3"], "object": "\\u0428\\u0430\\u0440\\u0430\\u043f\\u043e\\u0432\\u043e \\u0421\\u0438\\u043f-\\u041f\\u0430\\u043d\\u0435\\u043b\\u0438", "name": "\\u041a\\u043e\\u043c\\u043f\\u043b\\u0435\\u043a\\u0442\\u0430\\u0446\\u0438\\u044f"}}]	7	1
154	2017-02-24 05:41:25.121822+00	11	Суханово	2	[{"added": {"object": "\\u0421\\u0443\\u0445\\u0430\\u043d\\u043e\\u0432\\u043e \\u0422\\u0435\\u0440\\u043c\\u043e\\u043f\\u0430\\u043d\\u0435\\u043b\\u0438", "name": "\\u041a\\u043e\\u043c\\u043f\\u043b\\u0435\\u043a\\u0442\\u0430\\u0446\\u0438\\u044f"}}, {"changed": {"fields": ["kit3"], "object": "\\u0421\\u0443\\u0445\\u0430\\u043d\\u043e\\u0432\\u043e \\u0421\\u0438\\u043f-\\u041f\\u0430\\u043d\\u0435\\u043b\\u0438", "name": "\\u041a\\u043e\\u043c\\u043f\\u043b\\u0435\\u043a\\u0442\\u0430\\u0446\\u0438\\u044f"}}]	7	1
155	2017-02-24 05:42:34.186684+00	12	Ольгово	2	[{"added": {"object": "\\u041e\\u043b\\u044c\\u0433\\u043e\\u0432\\u043e \\u0422\\u0435\\u0440\\u043c\\u043e\\u043f\\u0430\\u043d\\u0435\\u043b\\u0438", "name": "\\u041a\\u043e\\u043c\\u043f\\u043b\\u0435\\u043a\\u0442\\u0430\\u0446\\u0438\\u044f"}}, {"changed": {"fields": ["kit3"], "object": "\\u041e\\u043b\\u044c\\u0433\\u043e\\u0432\\u043e \\u0421\\u0438\\u043f-\\u041f\\u0430\\u043d\\u0435\\u043b\\u0438", "name": "\\u041a\\u043e\\u043c\\u043f\\u043b\\u0435\\u043a\\u0442\\u0430\\u0446\\u0438\\u044f"}}]	7	1
156	2017-02-24 05:43:24.238559+00	13	Прохорово	2	[{"added": {"object": "\\u041f\\u0440\\u043e\\u0445\\u043e\\u0440\\u043e\\u0432\\u043e \\u0422\\u0435\\u0440\\u043c\\u043e\\u043f\\u0430\\u043d\\u0435\\u043b\\u0438", "name": "\\u041a\\u043e\\u043c\\u043f\\u043b\\u0435\\u043a\\u0442\\u0430\\u0446\\u0438\\u044f"}}, {"changed": {"fields": ["kit3"], "object": "\\u041f\\u0440\\u043e\\u0445\\u043e\\u0440\\u043e\\u0432\\u043e \\u0421\\u0438\\u043f-\\u041f\\u0430\\u043d\\u0435\\u043b\\u0438", "name": "\\u041a\\u043e\\u043c\\u043f\\u043b\\u0435\\u043a\\u0442\\u0430\\u0446\\u0438\\u044f"}}]	7	1
\.


--
-- Name: django_admin_log_id_seq; Type: SEQUENCE SET; Schema: public; Owner: kd_admin
--

SELECT pg_catalog.setval('django_admin_log_id_seq', 156, true);


--
-- Data for Name: django_content_type; Type: TABLE DATA; Schema: public; Owner: kd_admin
--

COPY django_content_type (id, app_label, model) FROM stdin;
1	admin	logentry
2	auth	user
3	auth	group
4	auth	permission
5	contenttypes	contenttype
6	sessions	session
7	dvor	project
8	thumbnail	kvstore
11	dvor	article
12	dvor	techno
13	dvor	prjphoto
14	dvor	prjkit
15	dvor	calculation
16	dvor	phonecall
\.


--
-- Name: django_content_type_id_seq; Type: SEQUENCE SET; Schema: public; Owner: kd_admin
--

SELECT pg_catalog.setval('django_content_type_id_seq', 16, true);


--
-- Data for Name: django_migrations; Type: TABLE DATA; Schema: public; Owner: kd_admin
--

COPY django_migrations (id, app, name, applied) FROM stdin;
1	contenttypes	0001_initial	2017-01-15 07:20:33.537969+00
2	auth	0001_initial	2017-01-15 07:20:33.577682+00
3	admin	0001_initial	2017-01-15 07:20:33.598871+00
4	admin	0002_logentry_remove_auto_add	2017-01-15 07:20:33.609482+00
5	contenttypes	0002_remove_content_type_name	2017-01-15 07:20:33.63459+00
6	auth	0002_alter_permission_name_max_length	2017-01-15 07:20:33.644131+00
7	auth	0003_alter_user_email_max_length	2017-01-15 07:20:33.655103+00
8	auth	0004_alter_user_username_opts	2017-01-15 07:20:33.663931+00
9	auth	0005_alter_user_last_login_null	2017-01-15 07:20:33.675631+00
10	auth	0006_require_contenttypes_0002	2017-01-15 07:20:33.677519+00
11	auth	0007_alter_validators_add_error_messages	2017-01-15 07:20:33.697368+00
12	auth	0008_alter_user_username_max_length	2017-01-15 07:20:33.708531+00
13	sessions	0001_initial	2017-01-15 07:20:33.715348+00
14	dvor	0001_initial	2017-01-15 08:14:20.451568+00
15	dvor	0002_auto_20170115_0821	2017-01-15 08:21:55.698793+00
16	dvor	0003_auto_20170115_0824	2017-01-15 08:24:56.904051+00
17	thumbnail	0001_initial	2017-01-15 09:52:46.14644+00
18	dvor	0004_auto_20170115_1015	2017-01-15 10:15:20.983114+00
19	dvor	0005_auto_20170115_1406	2017-01-15 14:06:33.087981+00
22	dvor	0006_auto_20170119_1445	2017-01-19 15:21:43.382571+00
23	dvor	0007_auto_20170120_1342	2017-01-20 13:42:10.936861+00
24	dvor	0008_auto_20170121_0554	2017-01-21 05:55:28.473513+00
25	dvor	0009_auto_20170121_1413	2017-01-21 14:13:46.947768+00
26	dvor	0010_auto_20170122_1559	2017-01-22 16:00:26.196904+00
27	dvor	0011_auto_20170123_1438	2017-01-23 14:38:44.920174+00
28	dvor	0012_techno_main	2017-01-25 15:35:10.880094+00
29	dvor	0013_techno_show_in_menu	2017-01-27 05:28:36.146731+00
30	dvor	0014_calculation	2017-01-29 13:44:44.436989+00
31	dvor	0015_auto_20170202_1045	2017-02-02 10:45:34.948284+00
32	dvor	0016_auto_20170202_1154	2017-02-02 11:54:34.690022+00
33	dvor	0017_auto_20170204_0806	2017-02-04 08:06:35.700186+00
34	dvor	0018_project_house	2017-02-21 10:57:40.093598+00
35	dvor	0019_auto_20170224_0504	2017-02-24 05:04:10.40078+00
\.


--
-- Name: django_migrations_id_seq; Type: SEQUENCE SET; Schema: public; Owner: kd_admin
--

SELECT pg_catalog.setval('django_migrations_id_seq', 35, true);


--
-- Data for Name: django_session; Type: TABLE DATA; Schema: public; Owner: kd_admin
--

COPY django_session (session_key, session_data, expire_date) FROM stdin;
cni2gk1afzy752s7tjkoibtifc3jeotv	ZjZjNGY3ZDJmMmFiNjRiYjkzZTBmYzYzMDQzNGE3MWZkNWNiNTgyYTp7Il9hdXRoX3VzZXJfaGFzaCI6ImQ1MWMzNzM1NDNlZWViMWJhMTUyNDVmNTliMThkNjI2MTc3YzYwMDUiLCJfYXV0aF91c2VyX2lkIjoiMSIsIl9hdXRoX3VzZXJfYmFja2VuZCI6ImRqYW5nby5jb250cmliLmF1dGguYmFja2VuZHMuTW9kZWxCYWNrZW5kIn0=	2017-01-29 08:14:46.392226+00
x7354hmex924z2xg4us2je5ibo9v6jg6	Yjc1MmIxOTljMWRkYWE1NWM5N2EzM2EyMGI4YmZiODhjMjJkYmE4ZTp7Il9hdXRoX3VzZXJfaWQiOiIxIiwiX2F1dGhfdXNlcl9iYWNrZW5kIjoiZGphbmdvLmNvbnRyaWIuYXV0aC5iYWNrZW5kcy5Nb2RlbEJhY2tlbmQiLCJfYXV0aF91c2VyX2hhc2giOiJkNTFjMzczNTQzZWVlYjFiYTE1MjQ1ZjU5YjE4ZDYyNjE3N2M2MDA1In0=	2017-02-10 05:29:12.847546+00
hs9y7sj7oomfk1x1ay6s5ue5mvk1cekm	ODFkYTJhMGFkMzc0MmFhYTg2N2RjZDQzNWRlNmM3N2EwOTgwOWMzMzp7Il9hdXRoX3VzZXJfaWQiOiIxIiwiX2F1dGhfdXNlcl9oYXNoIjoiZDUxYzM3MzU0M2VlZWIxYmExNTI0NWY1OWIxOGQ2MjYxNzdjNjAwNSIsIl9hdXRoX3VzZXJfYmFja2VuZCI6ImRqYW5nby5jb250cmliLmF1dGguYmFja2VuZHMuTW9kZWxCYWNrZW5kIn0=	2017-02-12 11:23:33.239793+00
44pbcmkbyrd9039zmiujdx08wo7axfky	OWM5OTE2ZWJkZmM4NzY4NjBiMDYzMjI1NGVmMGI0ZDZkZWQxMThiODp7Il9hdXRoX3VzZXJfYmFja2VuZCI6ImRqYW5nby5jb250cmliLmF1dGguYmFja2VuZHMuTW9kZWxCYWNrZW5kIiwiX2F1dGhfdXNlcl9pZCI6IjEiLCJfYXV0aF91c2VyX2hhc2giOiJkNTFjMzczNTQzZWVlYjFiYTE1MjQ1ZjU5YjE4ZDYyNjE3N2M2MDA1In0=	2017-02-28 12:09:10.293614+00
tfhl1v6gffmz3ava6icjf9l2m0l5elck	OWM5OTE2ZWJkZmM4NzY4NjBiMDYzMjI1NGVmMGI0ZDZkZWQxMThiODp7Il9hdXRoX3VzZXJfYmFja2VuZCI6ImRqYW5nby5jb250cmliLmF1dGguYmFja2VuZHMuTW9kZWxCYWNrZW5kIiwiX2F1dGhfdXNlcl9pZCI6IjEiLCJfYXV0aF91c2VyX2hhc2giOiJkNTFjMzczNTQzZWVlYjFiYTE1MjQ1ZjU5YjE4ZDYyNjE3N2M2MDA1In0=	2017-02-28 17:25:08.89245+00
\.


--
-- Data for Name: dvor_article; Type: TABLE DATA; Schema: public; Owner: kd_admin
--

COPY dvor_article (id, name, slug, publish, description, body, metadesc, metakey, title) FROM stdin;
3	Теплый пол	teplyi-pol	2017-02-16 11:57:35+00	<p class="content-text"><b>Теплые полы</b> &ndash; являются одними из самых экономичных и удобных систем обогрева, которые сегодня активно используются при возведении различных жилых строений.</p>\r\n\r\n<p class="content-text">Если Вы собираетесь построить дома из SIP панелей, позаботьтесь о теплых полах заранее.</p>	<p class="content-text">Теплые полы &ndash; являются одними из самых экономичных и удобных систем обогрева, которые сегодня активно используются при возведении различных жилых строений. Традиционные батареи водяного отопления постепенно уходят в небытие.</p>\r\n\r\n<p class="content-text">На сегодняшний день отопление дома теплым полом вызывает множество противоречивых мнений. Некоторые владельцы особняков и частных домов однозначно одобряют установку теплого пола в частном доме, а другие считают, что теплый пол в частном доме &ndash; это излишняя роскошь, которая доступна только богатым людям.</p>\r\n\r\n<p class="content-text">На самом деле, теплые полы могут успешно использоваться, как для SIP домов с применением OSB и Green Board листов, так и для новейших технологий с использованием термопанелей. При возведении панельных домов, классические водяные батареи вряд ли будут уместны.</p>\r\n\r\n<p class="content-text">При монтаже теплого пола в SIP домах пола лучше всего применять методы сухой стяжки. Именно она является идеальным выбором для того, чтобы укладка теплого пола не вызывала никаких затруднений у специалистов, которые занимаются установкой подобной системы отопления.</p>\r\n\r\n<p class="content-text">Как правило, сухая стяжка состоит их нескольких элементов: насыпи (керамзитного песка), который значительно улучшает термо и звукоизоляцию в доме. Помимо насыпи, в стяжку также входят и специальные плиты из гипсоволокна. Именно на них и укладывается окончательное покрытие пола.</p>\r\n\r\n<p class="content-text">Что касается, высоты насыпи, то ее высота не превышает 30 &ndash; 40 мм. Однако, в некоторых случаях, она может быть и более 60 мм. в высоту.</p>\r\n\r\n<h3>Что необходимо для укладки водяного теплого пола?</h3>\r\n\r\n<p class="content-text">Чтобы произвести укладку водяного теплого пола может потребоваться следующее электрооборудование: нагревательный котел, коллектор, насосы, терморегулятор, датчик температуры, металлопластиковые трубы диаметра 16 мм, а также специальная подложка с утеплителем. Помимо этого, для его монтажа нужно использовать: демпферную ленту, сухую стяжку, алюминиевые листы, SIP панели. Последние, Вы также можете приобрести в компании &laquo;Красный двор&raquo;.</p>\r\n\r\n<p class="content-text">Для отопления теплым полом недопустимо применение мокрой стяжки. При использовании этого метода стяжки, сип панели могут быстро разрушится. Перед тем, как произвести установку теплого пола, требуется точно рассчитать нагрузку на 1 кв. м. По этой причине, на этапе строительства здания необходимо точно знать, какой именно вид отопления буде использован.</p>\r\n\r\n<h3>Использование кабельного электрического пола для обогрева</h3>\r\n\r\n<p class="content-text">Жилистый (кабельный) пол представляет собой толстый кабель, которому также требуется сухая стяжка. При этом, такой кабель имеет очень тонкий диаметр. Для его установки нет необходимости в наличии специальных навыков. Установка такого кабельного пола включает несколько этапов:</p>\r\n\r\n<ol class="content-text">\r\n\t<li>Обклейка комнаты демпферной лентой</li>\r\n\t<li>Монтаж утеплителей со специальным фольгированным слоем</li>\r\n\t<li>Укладка кабеля на утеплитель, либо его крепление за SIP панелями с помощью специальных скоб</li>\r\n\t<li>Укладка датчика температуры между кабелями</li>\r\n\t<li>Заливка сухой стяжкой и укладка фольги, алюминиевого, либо стального листа</li>\r\n\t<li>После этого, производится монтаж слоя тонких панелей</li>\r\n\t<li>Окончательная укладка финишного слоя ламината, линолеума, либо другого подобного материала.</li>\r\n</ol>\r\n\r\n<p class="content-text">Подобный кабельный пол является достаточно легким и не требует наличия специального усиленного фундамента для подобной системы отопление. Укладка такого пола достаточно трудоемкий и грязный процесс.</p>\r\n\r\n<h3>Монтаж электрического &ndash; матового теплого пола</h3>\r\n\r\n<p class="content-text">Главное отличие подобного пола в необходимости использования тонкого кабеля. Укладку подобного пола можно сделать очень быстро. При этом, его стоимость не выше, чем цена кабельного теплого пола. Сами жилы кабеля уже заранее прикрепляются к сеточной поверхности. Поэтому, достаточно просто правильно уложить маты с прикрепленными к ним проводами. Ширина матов не превышает 0,5 &ndash; 1,5 м. При этом, их длина варьируется от 1 до 10 м. Сама установка производится следующим образом:</p>\r\n\r\n<ol class="content-text">\r\n\t<li>Маты укладываются на сип панели, либо на утеплитель из фольги</li>\r\n\t<li>Прокладывается датчик температуры между кабели</li>\r\n\t<li>Затем накладываются слой фольги и слой подложки для теплоотражения и выравнивания</li>\r\n\t<li>В качестве основного слоя используется паркет, ламинат или же линолеум.</li>\r\n</ol>\r\n\r\n<p class="content-text">Подобный вариант является идеальным по соотношению цена &ndash; качество.</p>\r\n\r\n<h3>Укладка инфракрасного теплого пола</h3>\r\n\r\n<p class="content-text">Одним из самых простых в укладке теплых полов является инфракрасный теплый пол. При подобной системе отопления, датчик температуры уже заранее встраивается в тонкую пленку. Поверхность пола нагревается равномерно и нет необходимости в его выравнивании. Такой пол можно использовать при любой поверхности пола, помимо плитки. Однако, цена отопления значительно выше, нежели стоимость других разновидностей теплого пола. Инфракрасный теплый пол можно использовать только для небольших участков дома. В то же время, монтировать его, для отопления всего дома достаточно дорого.</p>\r\n\r\n<h3>Выбор терморегулятора для дома</h3>\r\n\r\n<p class="content-text">Выбирая тот или иной теплый пол следует уделить внимание и выбору терморегулятора. В том случае, если финансы ограничены, можно приобрести и обычный терморегулятор. Для того, чтобы использование теплого пола было наиболее удобным, лучше приобретать терморегулятор с наличием таймера, возможностью установки различной температуры в помещениях. Также, желательно, чтобы этим электроустройством можно было управлять и через телефон.</p>\r\n\r\n<p class="content-text">Если Вы собираетесь построить дома из SIP панелей, позаботьтесь о теплых полах заранее. Специалисты компании &laquo;Красный двор&raquo; помогут Вам как в строительстве частных домов или коттеджей с использованием SIP панелей и термопанелей, так и с отоплением коттеджа теплыми полами. Позаботьтесь о уюте и комфорте Вашего жилища прямо сейчас!</p>	статья про  монтаж, укладку теплого пола	отопление дома, теплый пол, монтаж, укладка, теплый пол для сип панельных	Статья теплый пол
4	Водяное отопление	vodyanoe-otoplenie	2017-02-16 12:18:02+00	<p class="content-text">Одной из наиболее выгодных и экономичных вариантов обогрева жилища, которое можно сделать дома, в коттедже или частном доме своими руками, является водяное отопление частного дома. Каким же образом произвести монтаж системы водяного отопления своими руками?</p>	<p class="content-text">Наверняка, многие владельцы жилых частных строений хотят знать, каким именно образом можно быстро и без особых усилий сделать систему отопления домом наиболее эффективным. Практически на всей территории Российской Федерации, в холодный период необходимо отапливать коттедж или дачу. Однако, как правило, цена на такие источники тепла, как уголь или газ постоянно увеличивается.</p>\r\n\r\n<p class="content-text">Одной из наиболее выгодных и экономичных вариантов обогрева жилища, которое можно сделать дома, в коттедже или частном доме своими руками, является водяное отопление частного дома. Каким же образом произвести монтаж системы водяного отопления своими руками? Что необходимо для этого?</p>\r\n\r\n<p class="content-text">Если в обычной квартире основным вариантом обогрева жилья являются радиаторы водяного отопления, то для частных домов имеется два способа сделать жилье теплым. Это &ndash; подключение централизованного водяного отопления, либо монтаж собственной автономной системы водоснабжения.</p>\r\n\r\n<p class="content-text">Если первый вариант обогрева жилья не вызывает особых затруднений, то с установкой системы автономного водоснабжения могут возникнуть множество затруднений и крупных финансовых затрат.</p>\r\n\r\n<h3>Монтаж системы водяного отопления своими руками</h3>\r\n\r\n<p class="content-text">Для того, чтобы произвести монтаж системы водяного отопления самостоятельно, необходимо выполнить ряд работ по монтажу. Для этого нужно знать, как происходит терморегуляция носителя и иметь представление о контурах водяного отопления, а также &laquo;умелые руки&raquo;. Основа систем терморегуляции заключается в том, что здесь вода перемещается не благодаря специальным насосам, которые накачивают воду в водяные котлы отопления, а при помощи разницы внутреннего давления горячей и холодной воды. При этом, внутреннее давление теплоносителя, расположенного в стойках значительно выше, чем давления в стояке. Из батарей поступает теплоноситель, который и выталкивает горячую воду. Таким образом происходит непрерывная циркуляция водных масс в трубах.</p>\r\n\r\n<h3>Что нужно, чтобы спроектировать автономную систему отопления?</h3>\r\n\r\n<p class="content-text">Для того, чтобы произвести монтаж системы водяного отопления в жилом доме, требуется предварительно произвести подсчет, какое количество воды необходимо для того, чтобы обеспечить комфортную жизнь в доме. После этого, нужно продумать, какое именно техническое оборудование Вам потребуется и закупить его.</p>\r\n\r\n<h3>Каковы требования к системам отопления?</h3>\r\n\r\n<p class="content-text">Чтобы циркуляция теплоносителя происходила бесперебойно, нужно произвести утепление центрального стояка. При этом необходимо учитывать то, что разница температуры холодной и горячей воды должна быть около 25 градусов.</p>\r\n\r\n<p class="content-text">Для того, чтобы терморегуляция происходила быстрее, требуется сделать расстояние между котлом и приборами максимально большим. Однако, при этом, расстояние между двумя этими элементами водяного отопления не должна быть более 3 м. Водяные котлы отопления лучше всего установить в подвале, где расположено хранилище топлива для дома. Если подвала нет, то можно разместить эти котлы на цокольном этаже.</p>\r\n\r\n<p class="content-text">Основные системы водоснабжения функционируют по принципу естественной циркуляции воды (20 метров). При большом расстоянии в 20 метров и более, внутреннее давление воды падает, поэтому отопительные приборы, а также трубы должны иметь больший диаметр.</p>\r\n\r\n<p class="content-text">Использование двухтрубной системы отопления позволяет обогревать многоэтажные дома с подвалом. Данная система требует наличия нескольких стояков и труб для холодных водных стоков. Сегодня, в мире имеется множество примеров систем отопления, работающих на основе двухтрубной циркуляции.</p>\r\n\r\n<h3>Монтаж системы водного отопления в частном доме</h3>\r\n\r\n<p class="content-text">После того, как Вы определитесь, где именно у Вас будет располагаться отопительный котел, следует начать его монтаж. Для этого, нужно начертить подробную схему разводки данной системы отопления. Затем нужно продумать где именно у Вас будут расположены трубы, стояки, радиаторы. Радиаторы водяного отопления рекомендуется установить под оконными проемами. В этом случае, Ваши окна не будут запотевать. При прокладке труб рекомендуется просмотреть имеется ли достаточное количество изгибов. В противном случае, циркуляция теплоносителя будет недостаточна.</p>\r\n\r\n<p class="content-text">Следующим шагом необходимо выбрать материал, из которого и будет изготовлено оборудование для отопления, а также определить общую протяженность труб. Первое, что нужно установить в самой высокой точке отопительной системы, так это расширительный бак с трубопроводом. Сами баки могут быть открытого и закрытого типа. Далее, следует вывести трубу до позиции радиатора, тщательно соединить выводы и вводы и вывести трубу к другому радиатору. После этого все действия повторить. Следите, чтобы каждый радиатор водяного отопления имел свой кран. Краны необходимы для устранения воздушных пробок в секциях отопительных систем. Последний этап монтажа водяного отопления &ndash; это замыкание контура водяного отопления. При этом, в котел монтируется фильтр, а также ставится насос принудительной циркуляции. Обязательно установите в любом месте системы отопления узел слива и залива. В этом случае, при аварии подобной системы отопления сливать воду будет достаточно легко. Если Вы сами не можете проконтролировать всю систему отопления лучше пригласить квалифицированного специалиста.</p>\r\n\r\n<p class="content-text">Системы водяного отопления отлично подходят не только для квартир, но и для частных домов, коттеджей и особняков из sip панелей и термопанелей, которые производит фирма &laquo;Красный двор&raquo;. Благодаря уникальной технологии изготовления термопанелей и наличию высококвалифицированных специалистов мы создаем недорогие и очень комфортные дома для самых различных слоев населения России!</p>	статья о монтаже системы водного отопления в частном доме, котлы и радиаторы автономной системы	система водяного отопления, монтаж, радиаторы, контур, котлы отопления	Статья водяное отопление
5	Экологичность домов	ecodom	2017-02-16 12:29:17+00	<p class="content-text">При выборе проекта загородного дома, экологичность играет далеко не последнюю роль. Но что такое по настоящему экологичный дом, каждый понимает по-своему.</p>\r\n\r\n<p class="content-text">Стремление минимизировать расходы и добиться самого экономного результата при сохранении высоких эксплуатационных характеристик дома будет и дальше влиять на формирование тренда на строительном рынке. Экологичность влияет на этот процесс ничуть не меньше, чем надежность и цена.</p>	<p class="content-text">При выборе проекта загородного дома, экологичность играет далеко не последнюю роль. Но что такое по настоящему экологичный дом, каждый понимает по-своему. В широком смысле решение этой задачи преследует несколько целей. Кроме использования легких и экологически чистых материалов, сюда можно отнести снижение уровня потребления энергоресурсов, возможность переработки ресурсов для повторного использования, социальную ответственность за окружающую среду. В нашей действительности вопрос чаще всего сводится к выбору &laquo;чистых&raquo; материалов. Именно эту сторону мы и обсудим.</p>\r\n\r\n<h3>Дома из дерева</h3>\r\n\r\n<p class="content-text">В последнее время все большее количество обеспеченных людей делают сознательный выбор в пользу деревянных домов. И это не дань моде, а практический подход людей, заботящихся о своем собственном здоровье и о здоровье своих близких. Из дерева можно построить самый экологичный дом. Этот природный материал обладает одним уникальным свойством, отличающим его от других строительных материалов &ndash; он дышит. В структуре дерева на клеточном уровне постоянно протекают биологические процессы. Благодаря этой особенности, в деревянных домах создается особый микроклимат, действующий благоприятно на человека. Происходит это естественным путем, без дополнительного кондиционирования или проветривания.</p>\r\n\r\n<h3>Дома из СИП панелей</h3>\r\n\r\n<p class="content-text">Используемый при производстве СИП панелей плитный материал не содержит не связанных фенольных соединений и поэтому абсолютно безвреден для здоровья человека. Некоторые ошибочно путают плиты с ДСП, но это далеко не так. При производстве СИП панелей используют OSB и ЦСП (цементно-стружечные плиты). Они состоят из древесной стружки и связующего элемента, абсолютно безопасного для здоровья человека. Это же справедливо и в отношении утеплителя, который в нормальных условиях эксплуатации абсолютно безвреден. В целом технология позволяет построить достаточно комфортный и экономичный дом.</p>\r\n\r\n<h3>Каменные дома</h3>\r\n\r\n<p class="content-text">С точки зрения экологии в эту категорию можно отнести дома из кирпича, газобетона, пенобетона и шлакоблока. Хотя между ними существует значительные отличия, мы сознательно объединили их в одну группу по той причине, что по экологичности они сильно отстают от первых двух. Да, такие дома прочны и долговечны, но для подержания комфортного проживания они требуют дополнительных вложений на вентиляцию и кондиционирование. Да и с теплорегуляцией в них похуже. Без проведения дополнительных работ по теплоизоляции, такие дома медленно прогреваются и быстро остывают.</p>\r\n\r\n<p class="content-text">Стремление минимизировать расходы и добиться самого экономного результата при сохранении высоких эксплуатационных характеристик дома будет и дальше влиять на формирование тренда на строительном рынке. Экологичность влияет на этот процесс ничуть не меньше, чем надежность и цена. Сегодня люди научились ценить не только деньги, но и здоровье, поэтому многие хотят иметь именно экодом. Современные строительные технологии, а также легкие, недорогие и экологически безопасные строительные материалы способны эффективно решать эту задачу.</p>	статья о экологичности частных домов и коттеджей	экологичный дом, комфортный, экономичный,  экодом	Статья экологичность домов
6	Сколько времени уходит на строительство дома под ключ	vremya-stroitelstva	2017-02-16 12:36:46+00	<p class="content-text">Сколько на самом деле нужно времени, чтобы построить дом под ключ?Однозначно ответить на него нельзя. Все зависит от выбранной технологии и масштаба строительства. Время &ndash; далеко не единственная характеристика, учитываемая при современном строительстве.</p>	<p class="content-text">Месяц, полгода, год, а может несколько лет? Сколько на самом деле нужно времени, чтобы построить дом под ключ? Уверены, этим вопросом задаются многие люди. Однозначно ответить на него нельзя. Все зависит от выбранной технологии и масштаба строительства. Время &ndash; далеко не единственная характеристика, учитываемая при современном строительстве. Ведь дом должен быть еще и безопасным, уютным, комфортным, красивым, долговечным, желательно недорогим и т.д. Каждая из перечисленных характеристик по-своему влияет на сроки строительства. Поэтому, для составления точного графика, необходимо учесть все эти факторы.</p>\r\n\r\n<p class="content-text">Таким образом, сроки строительства коттеджа, дома или дачи зависят от выбранной технологии, материальных возможностей застройщика и выбранной тактики. Если с двумя первыми факторами все ясно, то, что имеется ввиду под &laquo;тактикой&raquo;? Попробуем объяснить. Например, можно растянуть строительство на года, чтобы чрезмерно не давить на бюджет, а можно &laquo;вложиться&raquo; сразу, с целью максимально быстро справить новоселье. В обоих случаях один и тот же результат достигается за разный промежуток времени.</p>\r\n\r\n<p class="content-text">Развитие строительных технологий идет по пути сокращения трудозатрат на строительной площадке за счет их переноса на производственные площади. Другими словами на объект поставляются модули или крупные блоки, собранные в заводских условиях, которые нужно собрать по принципу конструктора. Такой подход особенно интересен тем, кто хочет построить недорогой дом.</p>\r\n\r\n<h3>Модульные дома</h3>\r\n\r\n<p class="content-text">Модульные дома &ndash; рекордсмены по скорости возведения. Готовый дом состоит из одного или нескольких модулей, которые собираются на заводе. На монтаж и подключение к системам жизнеобеспечения уходит несколько дней. Примерно один день уходит на устройство свайно-винтового фундамента, и один-два дня на монтаж и подключение. Модули уже имеют внутреннюю и внешнюю отделку, в них установлена сантехника и проложены коммуникации. Уже спустя пару дней после начала работ можно справлять новоселье.</p>\r\n\r\n<h3>Каркасно-щитовые дома</h3>\r\n\r\n<p class="content-text">К этой группе относятся дома из СИП панелей и комбинированных термопанелей. Они стоят на втором месте по скорости возведения. На строительную площадку привозят готовые к монтажу конструктивные элементы стен, кровли, потолка и полов и собираются в определенной последовательности. На строительство дома под ключ уходит от одной до трех недель.</p>\r\n\r\n<h3>Каркасные дома</h3>\r\n\r\n<p class="content-text">Эта технология стоит на третьем месте в рейтинге быстровозводимых домов. Вначале собирается каркас из бруса, который затем обшивается и утепляется. Срок строительства частного дома по этой технологии занимает до 2 месяцев.</p>\r\n\r\n<h3>Дома из шлакоблока, газо- и пенобетона</h3>\r\n\r\n<p class="content-text">Возведение стен по этой технологии занимает совсем немного &ndash; 2-7 дней. Однако данный метод строительства требует наличия полноценного монолитного фундамента, который после заливки должен еще набрать прочность (около 3 недель). Кроме этого по верхнему поясу стен необходимо залить монолитный железобетонный армопояс, необходимый для равномерного распределения нагрузок на всю площадь стен. Если добавить сюда еще время, необходимое на внутреннюю и внешнюю отделку, то сроки строительства дома займут от 2 месяцев и больше.</p>\r\n\r\n<p class="content-text">Важно понимать, что описанные выше сроки строительства являются ориентировочными. Существует достаточно много факторов, способных внести свои коррективы. И тут на первое место выходит опыт и профессионализм подрядной организации. У нас есть и то и другое есть. Мы знаем, как построить дом быстро и качественно.</p>	сроки строительства коттеджа	сроки строительства коттеджа, дома, дачи, построить дом под ключ, быстро	Статья сколько времени уходит на строительство дома под ключ
\.


--
-- Name: dvor_article_id_seq; Type: SEQUENCE SET; Schema: public; Owner: kd_admin
--

SELECT pg_catalog.setval('dvor_article_id_seq', 6, true);


--
-- Data for Name: dvor_article_techs; Type: TABLE DATA; Schema: public; Owner: kd_admin
--

COPY dvor_article_techs (id, article_id, techno_id) FROM stdin;
7	3	6
8	4	6
9	5	6
10	6	6
\.


--
-- Name: dvor_article_techs_id_seq; Type: SEQUENCE SET; Schema: public; Owner: kd_admin
--

SELECT pg_catalog.setval('dvor_article_techs_id_seq', 10, true);


--
-- Data for Name: dvor_calculation; Type: TABLE DATA; Schema: public; Owner: kd_admin
--

COPY dvor_calculation (id, fio, created, email, phone, note, file, kit_numb, kit_id) FROM stdin;
\.


--
-- Name: dvor_calculation_id_seq; Type: SEQUENCE SET; Schema: public; Owner: kd_admin
--

SELECT pg_catalog.setval('dvor_calculation_id_seq', 40, true);


--
-- Data for Name: dvor_phonecall; Type: TABLE DATA; Schema: public; Owner: kd_admin
--

COPY dvor_phonecall (id, fio, created, email, phone, wtime) FROM stdin;
\.


--
-- Name: dvor_phonecall_id_seq; Type: SEQUENCE SET; Schema: public; Owner: kd_admin
--

SELECT pg_catalog.setval('dvor_phonecall_id_seq', 9, true);


--
-- Data for Name: dvor_prjkit; Type: TABLE DATA; Schema: public; Owner: kd_admin
--

COPY dvor_prjkit (id, price1, price2, kit1, kit2, prn_id, tech_id, kit3, price3) FROM stdin;
20	0	0	<p><span class="icon"><img src="/static/img/icon_fund.png" /></span> <span class="name">Фундамент</span> <span class="info">Свайно-винтовой, (черный металл) диаметром = 108 мм, длиной = 2.5м, закручиваемые спецтехникой с засыпкой песко-бетонной смесью.</span></p>\r\n\r\n<p><span class="name">Обвязочный брус</span> <span class="info">150 x 150 мм. Обработанный битумным праймером.</span></p>\r\n\r\n<p><span class="name">Цокольное перекрытие</span> <span class="info">СИП панели 174 мм, уложенные с шагом 625 мм. Состав панели: OSB 12 мм + ПСБ 25Ф 150 мм +OSB 12 мм. В замке: брус 95 х 145 мм. ( еств.влажности.) </span></p>\r\n\r\n<p><span class="icon"><img src="/static/img/icon_sip.png" /></span> <span class="name">Наружные стены 1 этажа</span> <span class="info">СИП панели 174 мм, высотой 2.5 м. Состав панели: OSB 12 мм +ПСБ 25Ф 150 мм +OSB 12 мм. В замке: брус 95 х 145 мм. ( еств. влажности.)</span></p>\r\n\r\n<p><span class="name">Внутренние стены 1 этажа</span> <span class="info">Внутренние стены - каркасно-обшивные, доска 50 х 150 мм. ( еств. влажности.) Шаг- 600мм, без обшивки.</span></p>\r\n\r\n<p><span class="name">Междуэтажное перекрытие</span> <span class="info">Брус 95 x195 мм ( еств. влажности ) с настилом OSB 22 мм. Утепление 200 мм (по контуру). Шаг лаг 400 &ndash; 600 мм.</span></p>\r\n\r\n<p><span class="icon"><img src="/static/img/icon_sip.png" /></span> <span class="name">Наружные стены 2 этажа</span> <span class="info">СИП панели 174 мм, высотой 2.5 м. Состав панели: OSB 12 мм +ПСБ 25Ф 150 мм + OSB 12 мм. В замке: брус 95 х 145 мм. (еств. влажности )</span></p>\r\n\r\n<p><span class="name">Внутренние стены 2 этажа</span> <span class="info">Внутренние стены - каркасно-обшивные, доска &ndash; 50 х 150 мм ( еств. влажности ) Шаг- 600 мм, без обшивки. Высотой 2.5 м.</span></p>\r\n\r\n<p><span class="name">Чердачное перекрытие</span> <span class="info">Доска 50 х 200 мм ( еств. влажности. ) Шаг лаг 400 &ndash; 600 мм. Утепление 200 мм.</span></p>\r\n\r\n<p><span class="name">Кровля</span> <span class="info">Металлочерепица &ndash; полиэстэр , толщина стали 0.5 мм. Комплектующие (гидроизоляция, конек, карнизные и ветровые планки, саморезы и др.)</span></p>\r\n\r\n<p><span class="icon"><img src="/static/img/icon_window.png" /></span> <span class="name">Окна</span> <span class="info">ПВХ &laquo;Штерн&raquo; 58-коробка.Двухкамерный стеклопакет, поворотно-откидные. Фурнитура- Roto.</span></p>\r\n\r\n<p><span class="icon"><img src="/static/img/icon_door.png" /></span> <span class="name">Дверь входная</span> <span class="info">Металлическая. Производство-Россия. Утепленная, наружная отделка- молотковая эмаль, внутренняя- ламинация. Два замка, глазок, резиновый уплотнитель.</span></p>\r\n\r\n<p><span class="icon"><img src="/static/img/icon_balkon.png" /></span> <span class="name">Балкон, крыльцо, терраса.</span> <span class="info">Входит в стоимость</span></p>	<p><span class="icon"><img src="/static/img/icon_fund.png" /></span> <span class="name">Фундамент</span> <span class="info">Свайно-винтовой, (черный металл) диаметром = 108 мм, длиной = 2.5м, закручиваемые спецтехникой с засыпкой песко-бетонной смесью.</span></p>\r\n\r\n<p><span class="name">Обвязочный брус</span> <span class="info">200 x 200 мм. ( Еств.влажности ). Обработанный битумным праймером.</span></p>\r\n\r\n<p><span class="name">Цокольное перекрытие</span> <span class="info">СИП панели 224 мм, уложенные с шагом 625 мм. Состав панели : OSB 12 мм + ПСБ 25Ф 200 мм +OSB 12 мм. В замке: брус 95 х 195 мм ( еств.влажности ) . Обработанный битумным праймером от земли.</span></p>\r\n\r\n<p><span class="icon"><img src="/static/img/icon_sip.png" /></span> <span class="name">Наружные стены 1 этажа</span> <span class="info">СИП панели 174 мм, высотой 2.8 м. Состав панели: OSB 12 мм + ПСБ 25Ф 150 мм +OSB 12 мм. В замке: брус 95 х 145 мм ( еств.влажности ).</span></p>\r\n\r\n<p><span class="name">Внутренние стены 1 этажа</span> <span class="info"> Сип панели 174 мм ( Несущие ) и 124 мм ( Вспомогательные ). Состав панели: OSB 12 мм + ПСБ 25Ф 100-150 мм + OSB 12 мм. В замке: брус 95 х 95-145 мм ( еств.влажности). Высотой 2.8 м.</span></p>\r\n\r\n<p><span class="name">Междуэтажное перекрытие</span> <span class="info">Брус 95 x195 мм ( еств. влажности ) с настилом OSB 22 мм. Утепление 200 мм (по контуру). Шаг лаг 400 &ndash; 600 мм.</span></p>\r\n\r\n<p><span class="icon"><img src="/static/img/icon_sip.png" /></span> <span class="name">Наружные стены 2 этажа</span> <span class="info">СИП панели 174 мм, высотой 2.5 м. Состав панели: OSB 12 мм +ПСБ 25Ф 150 мм + OSB 12 мм. В замке: брус 95 х 145 мм. (еств. влажности )</span></p>\r\n\r\n<p><span class="name">Внутренние стены 2 этажа</span> <span class="info">Сип панели 174 мм ( Несущие ) и 124 мм ( Вспомогательные). Высотой 2.5 м. Состав панели: OSB 12 мм + ПСБ 25Ф 100-150 мм + OSB 12 мм. В замке: брус 95 х 95-145 мм ( еств.влажности.)</span></p>\r\n\r\n<p><span class="name">Чердачное перекрытие</span> <span class="info">Сип панели 174 мм. Состав панели: OSB 12 мм + ПСБ 25Ф 150 мм + OSB 12 мм. В замке: брус 95 х 145 мм ( еств.влажности ) . Шаг панелей 1250 мм.</span></p>\r\n\r\n<p><span class="name">Кровля</span> <span class="info">Металлочерепица &ndash; полиэстэр, толщина стали 0,5 мм. Комплектующие ( гидроизоляция, конек, карнизные и ветровые планки, саморезы и тд. )</span></p>\r\n\r\n<p><span class="icon"><img src="/static/img/icon_window.png" /></span> <span class="name">Окна</span> <span class="info">ПВХ &laquo;Штерн&raquo; 70-коробка. Двухкамерный стеклопакет, поворотно-откидные. Фурнитура- Roto. Подоконники, отливы, москитные сетки.</span></p>\r\n\r\n<p><span class="icon"><img src="/static/img/icon_door.png" /></span> <span class="name">Дверь входная</span> <span class="info">Металлическая. Производство-Россия. Утепленная, наружная отделка- молотковая эмаль, внутренняя- ламинация. Два замка, глазок, резиновый уплотнитель.</span></p>\r\n\r\n<p><span class="icon"><img src="/static/img/icon_balkon.png" /></span> <span class="name">Балкон, крыльцо, терраса.</span> <span class="info">Входит в стоимость</span></p>\r\n\r\n<p><span class="name">Монтаж, проект, бытовка для строителей</span> <span class="info">Входит в стоимость</span></p>	10	2	<p><span class="icon"><img src="/static/img/icon_fund.png" /></span> <span class="name">Фундамент</span> <span class="info">Свайно-винтовой, (оцинкованные) диаметром = 108 мм, длиной = 2.5м, закручиваемые спецтехникой с засыпкой песко-бетонной смесью.</span></p>\r\n\r\n<p><span class="name">Обвязочный брус</span> <span class="info">200 x 200 мм. (еств.влажности). Обработанный битумным праймером.</span></p>\r\n\r\n<p><span class="name">Цокольное перекрытие</span> <span class="info">СИП панели 224 мм, уложенные с шагом 625 мм. Состав панели : OSB 12 мм + ПСБ 25Ф 200 мм +OSB 12 мм. В замке: доска 45 х 195 мм (сухой пиломатериал, камерный сушки). Обработанный битумным праймером от земли.</span></p>\r\n\r\n<p><span class="icon"><img src="/static/img/icon_sip.png" /></span> <span class="name">Наружные стены 1 этажа</span> <span class="info">СИП панели 174 мм, высотой 2.8 м. Состав панели: OSB 12 мм + ПСБ 25Ф 150 мм + OSB 12 мм. В замке: доска 45 х 145 мм (сухой пиломатериал, камерной сушки).</span></p>\r\n\r\n<p><span class="name">Внутренние стены 1 этажа</span> <span class="info">Сип панели 174 мм (несущие) и 124 мм (вспомогательные). Состав панели: OSB 12 мм + ПСБ 25Ф 100-150 мм + OSB 12 мм. В замке: Доска 45 х 145 мм, 45 х 95 мм (сухой пиломатериал, камерной сушки). Высотой 2.8 м.</span></p>\r\n\r\n<p><span class="name">Междуэтажное перекрытие</span> <span class="info">Сип панель 224 мм, уложенные с шагом 625 мм. Состав панели: OSB 12 мм + ПСБ 25Ф 200 мм + OSB 12 мм. (сухой пиломатериал, камерной сушки)</span></p>\r\n\r\n<p><span class="icon"><img src="/static/img/icon_sip.png" /></span> <span class="name">Наружные стены 2 этажа</span> <span class="info">СИП панели 174 мм, высотой 2.5 м. Состав панели: OSB 12 мм +ПСБ 25Ф 150 мм +OSB 12 мм. В замке: доска 45 х 145 мм (сухой пиломатериал, камерной сушки).</span></p>\r\n\r\n<p><span class="name">Внутренние стены 2 этажа</span> <span class="info">Сип панели 174 мм (несущие) и 124 мм (вспомогательные). Высотой 2.5 м. Состав панели: OSB 12 мм + ПСБ 25Ф 100-150 мм + OSB 12 мм. В замке: доска 45 х 95-145 мм (сухой пиломатериал, камерной сушки).</span></p>\r\n\r\n<p><span class="name">Чердачное перекрытие</span> <span class="info">Сип панели 174 мм. Состав панели: OSB 12 мм + ПСБ 25Ф 150 мм + OSB 12 мм. В замке: доска 45 х 145 мм (сухой пиломатериал, камерной сушки). Шаг панелей 1250 мм.</span></p>\r\n\r\n<p><span class="name">Кровля</span> <span class="info">Металлочерепица &ndash; полиэстэр, толщина стали 0,5 мм. Комплектующие (гидроизоляция, конек, карнизные и ветровые планки, саморезы и тд.)</span></p>\r\n\r\n<p><span class="icon"><img src="/static/img/icon_window.png" /></span> <span class="name">Окна</span> <span class="info">ПВХ &laquo;Штерн&raquo; 70-коробка. Двухкамерный, энергосберегающий стеклопакет, поворотно-откидные. Фурнитура- Roto. Подоконники, отливы, москитные сетки.</span></p>\r\n\r\n<p><span class="icon"><img src="/static/img/icon_door.png" /></span> <span class="name">Дверь входная</span> <span class="info">Металлическая. Производство-Россия. Утепленная, наружная отделка- молотковая эмаль, внутренняя- ламинация. Два замка, глазок, резиновый уплотнитель.</span></p>\r\n\r\n<p><span class="icon"><img src="/static/img/icon_balkon.png" /></span> <span class="name">Балкон, крыльцо, терраса.</span> <span class="info">Входит в стоимость</span></p>\r\n\r\n<p><span class="name">Монтаж, проект, бытовка для строителей</span> <span class="info">Входит в стоимость</span></p>	0
21	0	0	<p><span class="icon"><img src="/static/img/icon_fund.png" /></span> <span class="name">Фундамент</span> <span class="info">Свайно-винтовой, (черный металл) диаметром = 108 мм, длиной = 2.5м, закручиваемые спецтехникой с засыпкой песко-бетонной смесью.</span></p>\r\n\r\n<p><span class="name">Обвязочный брус</span> <span class="info">150 x 150 мм. Обработанный битумным праймером.</span></p>\r\n\r\n<p><span class="name">Цокольное перекрытие</span> <span class="info">СИП панели 174 мм, уложенные с шагом 625 мм. Состав панели: OSB 12 мм + ПСБ 25Ф 150 мм +OSB 12 мм. В замке: брус 95 х 145 мм. ( еств.влажности.) </span></p>\r\n\r\n<p><span class="icon"><img src="/static/img/icon_sip.png" /></span> <span class="name">Наружные стены 1 этажа</span> <span class="info">СИП панели 174 мм, высотой 2.5 м. Состав панели: OSB 12 мм +ПСБ 25Ф 150 мм +OSB 12 мм. В замке: брус 95 х 145 мм. ( еств. влажности.)</span></p>\r\n\r\n<p><span class="name">Внутренние стены 1 этажа</span> <span class="info">Внутренние стены - каркасно-обшивные, доска 50 х 150 мм. ( еств. влажности.) Шаг- 600мм, без обшивки.</span></p>\r\n\r\n<p><span class="name">Междуэтажное перекрытие</span> <span class="info">Брус 95 x195 мм ( еств. влажности ) с настилом OSB 22 мм. Утепление 200 мм (по контуру). Шаг лаг 400 &ndash; 600 мм.</span></p>\r\n\r\n<p><span class="icon"><img src="/static/img/icon_sip.png" /></span> <span class="name">Наружные стены 2 этажа</span> <span class="info">СИП панели 174 мм, высотой 2.5 м. Состав панели: OSB 12 мм +ПСБ 25Ф 150 мм + OSB 12 мм. В замке: брус 95 х 145 мм. (еств. влажности )</span></p>\r\n\r\n<p><span class="name">Внутренние стены 2 этажа</span> <span class="info">Внутренние стены - каркасно-обшивные, доска &ndash; 50 х 150 мм ( еств. влажности ) Шаг- 600 мм, без обшивки. Высотой 2.5 м.</span></p>\r\n\r\n<p><span class="name">Чердачное перекрытие</span> <span class="info">Доска 50 х 200 мм ( еств. влажности. ) Шаг лаг 400 &ndash; 600 мм. Утепление 200 мм.</span></p>\r\n\r\n<p><span class="name">Кровля</span> <span class="info">Металлочерепица &ndash; полиэстэр , толщина стали 0.5 мм. Комплектующие (гидроизоляция, конек, карнизные и ветровые планки, саморезы и др.)</span></p>\r\n\r\n<p><span class="icon"><img src="/static/img/icon_window.png" /></span> <span class="name">Окна</span> <span class="info">ПВХ &laquo;Штерн&raquo; 58-коробка.Двухкамерный стеклопакет, поворотно-откидные. Фурнитура- Roto.</span></p>\r\n\r\n<p><span class="icon"><img src="/static/img/icon_door.png" /></span> <span class="name">Дверь входная</span> <span class="info">Металлическая. Производство-Россия. Утепленная, наружная отделка- молотковая эмаль, внутренняя- ламинация. Два замка, глазок, резиновый уплотнитель.</span></p>\r\n\r\n<p><span class="icon"><img src="/static/img/icon_balkon.png" /></span> <span class="name">Балкон, крыльцо, терраса.</span> <span class="info">Входит в стоимость</span></p>	<p><span class="icon"><img src="/static/img/icon_fund.png" /></span> <span class="name">Фундамент</span> <span class="info">Свайно-винтовой, (черный металл) диаметром = 108 мм, длиной = 2.5м, закручиваемые спецтехникой с засыпкой песко-бетонной смесью.</span></p>\r\n\r\n<p><span class="name">Обвязочный брус</span> <span class="info">200 x 200 мм. ( Еств.влажности ). Обработанный битумным праймером.</span></p>\r\n\r\n<p><span class="name">Цокольное перекрытие</span> <span class="info">СИП панели 224 мм, уложенные с шагом 625 мм. Состав панели : OSB 12 мм + ПСБ 25Ф 200 мм +OSB 12 мм. В замке: брус 95 х 195 мм ( еств.влажности ) . Обработанный битумным праймером от земли.</span></p>\r\n\r\n<p><span class="icon"><img src="/static/img/icon_sip.png" /></span> <span class="name">Наружные стены 1 этажа</span> <span class="info">СИП панели 174 мм, высотой 2.8 м. Состав панели: OSB 12 мм + ПСБ 25Ф 150 мм +OSB 12 мм. В замке: брус 95 х 145 мм ( еств.влажности ).</span></p>\r\n\r\n<p><span class="name">Внутренние стены 1 этажа</span> <span class="info"> Сип панели 174 мм ( Несущие ) и 124 мм ( Вспомогательные ). Состав панели: OSB 12 мм + ПСБ 25Ф 100-150 мм + OSB 12 мм. В замке: брус 95 х 95-145 мм ( еств.влажности). Высотой 2.8 м.</span></p>\r\n\r\n<p><span class="name">Междуэтажное перекрытие</span> <span class="info">Брус 95 x195 мм ( еств. влажности ) с настилом OSB 22 мм. Утепление 200 мм (по контуру). Шаг лаг 400 &ndash; 600 мм.</span></p>\r\n\r\n<p><span class="icon"><img src="/static/img/icon_sip.png" /></span> <span class="name">Наружные стены 2 этажа</span> <span class="info">СИП панели 174 мм, высотой 2.5 м. Состав панели: OSB 12 мм +ПСБ 25Ф 150 мм + OSB 12 мм. В замке: брус 95 х 145 мм. (еств. влажности )</span></p>\r\n\r\n<p><span class="name">Внутренние стены 2 этажа</span> <span class="info">Сип панели 174 мм ( Несущие ) и 124 мм ( Вспомогательные). Высотой 2.5 м. Состав панели: OSB 12 мм + ПСБ 25Ф 100-150 мм + OSB 12 мм. В замке: брус 95 х 95-145 мм ( еств.влажности.)</span></p>\r\n\r\n<p><span class="name">Чердачное перекрытие</span> <span class="info">Сип панели 174 мм. Состав панели: OSB 12 мм + ПСБ 25Ф 150 мм + OSB 12 мм. В замке: брус 95 х 145 мм ( еств.влажности ) . Шаг панелей 1250 мм.</span></p>\r\n\r\n<p><span class="name">Кровля</span> <span class="info">Металлочерепица &ndash; полиэстэр, толщина стали 0,5 мм. Комплектующие ( гидроизоляция, конек, карнизные и ветровые планки, саморезы и тд. )</span></p>\r\n\r\n<p><span class="icon"><img src="/static/img/icon_window.png" /></span> <span class="name">Окна</span> <span class="info">ПВХ &laquo;Штерн&raquo; 70-коробка. Двухкамерный стеклопакет, поворотно-откидные. Фурнитура- Roto. Подоконники, отливы, москитные сетки.</span></p>\r\n\r\n<p><span class="icon"><img src="/static/img/icon_door.png" /></span> <span class="name">Дверь входная</span> <span class="info">Металлическая. Производство-Россия. Утепленная, наружная отделка- молотковая эмаль, внутренняя- ламинация. Два замка, глазок, резиновый уплотнитель.</span></p>\r\n\r\n<p><span class="icon"><img src="/static/img/icon_balkon.png" /></span> <span class="name">Балкон, крыльцо, терраса.</span> <span class="info">Входит в стоимость</span></p>\r\n\r\n<p><span class="name">Монтаж, проект, бытовка для строителей</span> <span class="info">Входит в стоимость</span></p>	11	2	<p><span class="icon"><img src="/static/img/icon_fund.png" /></span> <span class="name">Фундамент</span> <span class="info">Свайно-винтовой, (оцинкованные) диаметром = 108 мм, длиной = 2.5м, закручиваемые спецтехникой с засыпкой песко-бетонной смесью.</span></p>\r\n\r\n<p><span class="name">Обвязочный брус</span> <span class="info">200 x 200 мм. (еств.влажности). Обработанный битумным праймером.</span></p>\r\n\r\n<p><span class="name">Цокольное перекрытие</span> <span class="info">СИП панели 224 мм, уложенные с шагом 625 мм. Состав панели : OSB 12 мм + ПСБ 25Ф 200 мм +OSB 12 мм. В замке: доска 45 х 195 мм (сухой пиломатериал, камерный сушки). Обработанный битумным праймером от земли.</span></p>\r\n\r\n<p><span class="icon"><img src="/static/img/icon_sip.png" /></span> <span class="name">Наружные стены 1 этажа</span> <span class="info">СИП панели 174 мм, высотой 2.8 м. Состав панели: OSB 12 мм + ПСБ 25Ф 150 мм + OSB 12 мм. В замке: доска 45 х 145 мм (сухой пиломатериал, камерной сушки).</span></p>\r\n\r\n<p><span class="name">Внутренние стены 1 этажа</span> <span class="info">Сип панели 174 мм (несущие) и 124 мм (вспомогательные). Состав панели: OSB 12 мм + ПСБ 25Ф 100-150 мм + OSB 12 мм. В замке: Доска 45 х 145 мм, 45 х 95 мм (сухой пиломатериал, камерной сушки). Высотой 2.8 м.</span></p>\r\n\r\n<p><span class="name">Междуэтажное перекрытие</span> <span class="info">Сип панель 224 мм, уложенные с шагом 625 мм. Состав панели: OSB 12 мм + ПСБ 25Ф 200 мм + OSB 12 мм. (сухой пиломатериал, камерной сушки)</span></p>\r\n\r\n<p><span class="icon"><img src="/static/img/icon_sip.png" /></span> <span class="name">Наружные стены 2 этажа</span> <span class="info">СИП панели 174 мм, высотой 2.5 м. Состав панели: OSB 12 мм +ПСБ 25Ф 150 мм +OSB 12 мм. В замке: доска 45 х 145 мм (сухой пиломатериал, камерной сушки).</span></p>\r\n\r\n<p><span class="name">Внутренние стены 2 этажа</span> <span class="info">Сип панели 174 мм (несущие) и 124 мм (вспомогательные). Высотой 2.5 м. Состав панели: OSB 12 мм + ПСБ 25Ф 100-150 мм + OSB 12 мм. В замке: доска 45 х 95-145 мм (сухой пиломатериал, камерной сушки).</span></p>\r\n\r\n<p><span class="name">Чердачное перекрытие</span> <span class="info">Сип панели 174 мм. Состав панели: OSB 12 мм + ПСБ 25Ф 150 мм + OSB 12 мм. В замке: доска 45 х 145 мм (сухой пиломатериал, камерной сушки). Шаг панелей 1250 мм.</span></p>\r\n\r\n<p><span class="name">Кровля</span> <span class="info">Металлочерепица &ndash; полиэстэр, толщина стали 0,5 мм. Комплектующие (гидроизоляция, конек, карнизные и ветровые планки, саморезы и тд.)</span></p>\r\n\r\n<p><span class="icon"><img src="/static/img/icon_window.png" /></span> <span class="name">Окна</span> <span class="info">ПВХ &laquo;Штерн&raquo; 70-коробка. Двухкамерный, энергосберегающий стеклопакет, поворотно-откидные. Фурнитура- Roto. Подоконники, отливы, москитные сетки.</span></p>\r\n\r\n<p><span class="icon"><img src="/static/img/icon_door.png" /></span> <span class="name">Дверь входная</span> <span class="info">Металлическая. Производство-Россия. Утепленная, наружная отделка- молотковая эмаль, внутренняя- ламинация. Два замка, глазок, резиновый уплотнитель.</span></p>\r\n\r\n<p><span class="icon"><img src="/static/img/icon_balkon.png" /></span> <span class="name">Балкон, крыльцо, терраса.</span> <span class="info">Входит в стоимость</span></p>\r\n\r\n<p><span class="name">Монтаж, проект, бытовка для строителей</span> <span class="info">Входит в стоимость</span></p>	0
22	0	0	<p><span class="icon"><img src="/static/img/icon_fund.png" /></span> <span class="name">Фундамент</span> <span class="info">Свайно-винтовой, (черный металл) диаметром = 108 мм, длиной = 2.5м, закручиваемые спецтехникой с засыпкой песко-бетонной смесью.</span></p>\r\n\r\n<p><span class="name">Обвязочный брус</span> <span class="info">150 x 150 мм. Обработанный битумным праймером.</span></p>\r\n\r\n<p><span class="name">Цокольное перекрытие</span> <span class="info">СИП панели 174 мм, уложенные с шагом 625 мм. Состав панели: OSB 12 мм + ПСБ 25Ф 150 мм +OSB 12 мм. В замке: брус 95 х 145 мм. ( еств.влажности.) </span></p>\r\n\r\n<p><span class="icon"><img src="/static/img/icon_sip.png" /></span> <span class="name">Наружные стены 1 этажа</span> <span class="info">СИП панели 174 мм, высотой 2.5 м. Состав панели: OSB 12 мм +ПСБ 25Ф 150 мм +OSB 12 мм. В замке: брус 95 х 145 мм. ( еств. влажности.)</span></p>\r\n\r\n<p><span class="name">Внутренние стены 1 этажа</span> <span class="info">Внутренние стены - каркасно-обшивные, доска 50 х 150 мм. ( еств. влажности.) Шаг- 600мм, без обшивки.</span></p>\r\n\r\n<p><span class="name">Междуэтажное перекрытие</span> <span class="info">Брус 95 x195 мм ( еств. влажности ) с настилом OSB 22 мм. Утепление 200 мм (по контуру). Шаг лаг 400 &ndash; 600 мм.</span></p>\r\n\r\n<p><span class="icon"><img src="/static/img/icon_sip.png" /></span> <span class="name">Наружные стены 2 этажа</span> <span class="info">СИП панели 174 мм, высотой 2.5 м. Состав панели: OSB 12 мм +ПСБ 25Ф 150 мм + OSB 12 мм. В замке: брус 95 х 145 мм. (еств. влажности )</span></p>\r\n\r\n<p><span class="name">Внутренние стены 2 этажа</span> <span class="info">Внутренние стены - каркасно-обшивные, доска &ndash; 50 х 150 мм ( еств. влажности ) Шаг- 600 мм, без обшивки. Высотой 2.5 м.</span></p>\r\n\r\n<p><span class="name">Чердачное перекрытие</span> <span class="info">Доска 50 х 200 мм ( еств. влажности. ) Шаг лаг 400 &ndash; 600 мм. Утепление 200 мм.</span></p>\r\n\r\n<p><span class="name">Кровля</span> <span class="info">Металлочерепица &ndash; полиэстэр , толщина стали 0.5 мм. Комплектующие (гидроизоляция, конек, карнизные и ветровые планки, саморезы и др.)</span></p>\r\n\r\n<p><span class="icon"><img src="/static/img/icon_window.png" /></span> <span class="name">Окна</span> <span class="info">ПВХ &laquo;Штерн&raquo; 58-коробка.Двухкамерный стеклопакет, поворотно-откидные. Фурнитура- Roto.</span></p>\r\n\r\n<p><span class="icon"><img src="/static/img/icon_door.png" /></span> <span class="name">Дверь входная</span> <span class="info">Металлическая. Производство-Россия. Утепленная, наружная отделка- молотковая эмаль, внутренняя- ламинация. Два замка, глазок, резиновый уплотнитель.</span></p>\r\n\r\n<p><span class="icon"><img src="/static/img/icon_balkon.png" /></span> <span class="name">Балкон, крыльцо, терраса.</span> <span class="info">Входит в стоимость</span></p>	<p><span class="icon"><img src="/static/img/icon_fund.png" /></span> <span class="name">Фундамент</span> <span class="info">Свайно-винтовой, (черный металл) диаметром = 108 мм, длиной = 2.5м, закручиваемые спецтехникой с засыпкой песко-бетонной смесью.</span></p>\r\n\r\n<p><span class="name">Обвязочный брус</span> <span class="info">200 x 200 мм. ( Еств.влажности ). Обработанный битумным праймером.</span></p>\r\n\r\n<p><span class="name">Цокольное перекрытие</span> <span class="info">СИП панели 224 мм, уложенные с шагом 625 мм. Состав панели : OSB 12 мм + ПСБ 25Ф 200 мм +OSB 12 мм. В замке: брус 95 х 195 мм ( еств.влажности ) . Обработанный битумным праймером от земли.</span></p>\r\n\r\n<p><span class="icon"><img src="/static/img/icon_sip.png" /></span> <span class="name">Наружные стены 1 этажа</span> <span class="info">СИП панели 174 мм, высотой 2.8 м. Состав панели: OSB 12 мм + ПСБ 25Ф 150 мм +OSB 12 мм. В замке: брус 95 х 145 мм ( еств.влажности ).</span></p>\r\n\r\n<p><span class="name">Внутренние стены 1 этажа</span> <span class="info"> Сип панели 174 мм ( Несущие ) и 124 мм ( Вспомогательные ). Состав панели: OSB 12 мм + ПСБ 25Ф 100-150 мм + OSB 12 мм. В замке: брус 95 х 95-145 мм ( еств.влажности). Высотой 2.8 м.</span></p>\r\n\r\n<p><span class="name">Междуэтажное перекрытие</span> <span class="info">Брус 95 x195 мм ( еств. влажности ) с настилом OSB 22 мм. Утепление 200 мм (по контуру). Шаг лаг 400 &ndash; 600 мм.</span></p>\r\n\r\n<p><span class="icon"><img src="/static/img/icon_sip.png" /></span> <span class="name">Наружные стены 2 этажа</span> <span class="info">СИП панели 174 мм, высотой 2.5 м. Состав панели: OSB 12 мм +ПСБ 25Ф 150 мм + OSB 12 мм. В замке: брус 95 х 145 мм. (еств. влажности )</span></p>\r\n\r\n<p><span class="name">Внутренние стены 2 этажа</span> <span class="info">Сип панели 174 мм ( Несущие ) и 124 мм ( Вспомогательные). Высотой 2.5 м. Состав панели: OSB 12 мм + ПСБ 25Ф 100-150 мм + OSB 12 мм. В замке: брус 95 х 95-145 мм ( еств.влажности.)</span></p>\r\n\r\n<p><span class="name">Чердачное перекрытие</span> <span class="info">Сип панели 174 мм. Состав панели: OSB 12 мм + ПСБ 25Ф 150 мм + OSB 12 мм. В замке: брус 95 х 145 мм ( еств.влажности ) . Шаг панелей 1250 мм.</span></p>\r\n\r\n<p><span class="name">Кровля</span> <span class="info">Металлочерепица &ndash; полиэстэр, толщина стали 0,5 мм. Комплектующие ( гидроизоляция, конек, карнизные и ветровые планки, саморезы и тд. )</span></p>\r\n\r\n<p><span class="icon"><img src="/static/img/icon_window.png" /></span> <span class="name">Окна</span> <span class="info">ПВХ &laquo;Штерн&raquo; 70-коробка. Двухкамерный стеклопакет, поворотно-откидные. Фурнитура- Roto. Подоконники, отливы, москитные сетки.</span></p>\r\n\r\n<p><span class="icon"><img src="/static/img/icon_door.png" /></span> <span class="name">Дверь входная</span> <span class="info">Металлическая. Производство-Россия. Утепленная, наружная отделка- молотковая эмаль, внутренняя- ламинация. Два замка, глазок, резиновый уплотнитель.</span></p>\r\n\r\n<p><span class="icon"><img src="/static/img/icon_balkon.png" /></span> <span class="name">Балкон, крыльцо, терраса.</span> <span class="info">Входит в стоимость</span></p>\r\n\r\n<p><span class="name">Монтаж, проект, бытовка для строителей</span> <span class="info">Входит в стоимость</span></p>	12	2	<p><span class="icon"><img src="/static/img/icon_fund.png" /></span> <span class="name">Фундамент</span> <span class="info">Свайно-винтовой, (оцинкованные) диаметром = 108 мм, длиной = 2.5м, закручиваемые спецтехникой с засыпкой песко-бетонной смесью.</span></p>\r\n\r\n<p><span class="name">Обвязочный брус</span> <span class="info">200 x 200 мм. (еств.влажности). Обработанный битумным праймером.</span></p>\r\n\r\n<p><span class="name">Цокольное перекрытие</span> <span class="info">СИП панели 224 мм, уложенные с шагом 625 мм. Состав панели : OSB 12 мм + ПСБ 25Ф 200 мм +OSB 12 мм. В замке: доска 45 х 195 мм (сухой пиломатериал, камерный сушки). Обработанный битумным праймером от земли.</span></p>\r\n\r\n<p><span class="icon"><img src="/static/img/icon_sip.png" /></span> <span class="name">Наружные стены 1 этажа</span> <span class="info">СИП панели 174 мм, высотой 2.8 м. Состав панели: OSB 12 мм + ПСБ 25Ф 150 мм + OSB 12 мм. В замке: доска 45 х 145 мм (сухой пиломатериал, камерной сушки).</span></p>\r\n\r\n<p><span class="name">Внутренние стены 1 этажа</span> <span class="info">Сип панели 174 мм (несущие) и 124 мм (вспомогательные). Состав панели: OSB 12 мм + ПСБ 25Ф 100-150 мм + OSB 12 мм. В замке: Доска 45 х 145 мм, 45 х 95 мм (сухой пиломатериал, камерной сушки). Высотой 2.8 м.</span></p>\r\n\r\n<p><span class="name">Междуэтажное перекрытие</span> <span class="info">Сип панель 224 мм, уложенные с шагом 625 мм. Состав панели: OSB 12 мм + ПСБ 25Ф 200 мм + OSB 12 мм. (сухой пиломатериал, камерной сушки)</span></p>\r\n\r\n<p><span class="icon"><img src="/static/img/icon_sip.png" /></span> <span class="name">Наружные стены 2 этажа</span> <span class="info">СИП панели 174 мм, высотой 2.5 м. Состав панели: OSB 12 мм +ПСБ 25Ф 150 мм +OSB 12 мм. В замке: доска 45 х 145 мм (сухой пиломатериал, камерной сушки).</span></p>\r\n\r\n<p><span class="name">Внутренние стены 2 этажа</span> <span class="info">Сип панели 174 мм (несущие) и 124 мм (вспомогательные). Высотой 2.5 м. Состав панели: OSB 12 мм + ПСБ 25Ф 100-150 мм + OSB 12 мм. В замке: доска 45 х 95-145 мм (сухой пиломатериал, камерной сушки).</span></p>\r\n\r\n<p><span class="name">Чердачное перекрытие</span> <span class="info">Сип панели 174 мм. Состав панели: OSB 12 мм + ПСБ 25Ф 150 мм + OSB 12 мм. В замке: доска 45 х 145 мм (сухой пиломатериал, камерной сушки). Шаг панелей 1250 мм.</span></p>\r\n\r\n<p><span class="name">Кровля</span> <span class="info">Металлочерепица &ndash; полиэстэр, толщина стали 0,5 мм. Комплектующие (гидроизоляция, конек, карнизные и ветровые планки, саморезы и тд.)</span></p>\r\n\r\n<p><span class="icon"><img src="/static/img/icon_window.png" /></span> <span class="name">Окна</span> <span class="info">ПВХ &laquo;Штерн&raquo; 70-коробка. Двухкамерный, энергосберегающий стеклопакет, поворотно-откидные. Фурнитура- Roto. Подоконники, отливы, москитные сетки.</span></p>\r\n\r\n<p><span class="icon"><img src="/static/img/icon_door.png" /></span> <span class="name">Дверь входная</span> <span class="info">Металлическая. Производство-Россия. Утепленная, наружная отделка- молотковая эмаль, внутренняя- ламинация. Два замка, глазок, резиновый уплотнитель.</span></p>\r\n\r\n<p><span class="icon"><img src="/static/img/icon_balkon.png" /></span> <span class="name">Балкон, крыльцо, терраса.</span> <span class="info">Входит в стоимость</span></p>\r\n\r\n<p><span class="name">Монтаж, проект, бытовка для строителей</span> <span class="info">Входит в стоимость</span></p>	0
23	0	0	<p><span class="icon"><img src="/static/img/icon_fund.png" /></span> <span class="name">Фундамент</span> <span class="info">Свайно-винтовой, (черный металл) диаметром = 108 мм, длиной = 2.5м, закручиваемые спецтехникой с засыпкой песко-бетонной смесью.</span></p>\r\n\r\n<p><span class="name">Обвязочный брус</span> <span class="info">150 x 150 мм. Обработанный битумным праймером.</span></p>\r\n\r\n<p><span class="name">Цокольное перекрытие</span> <span class="info">СИП панели 174 мм, уложенные с шагом 625 мм. Состав панели: OSB 12 мм + ПСБ 25Ф 150 мм +OSB 12 мм. В замке: брус 95 х 145 мм. ( еств.влажности.) </span></p>\r\n\r\n<p><span class="icon"><img src="/static/img/icon_sip.png" /></span> <span class="name">Наружные стены 1 этажа</span> <span class="info">СИП панели 174 мм, высотой 2.5 м. Состав панели: OSB 12 мм +ПСБ 25Ф 150 мм +OSB 12 мм. В замке: брус 95 х 145 мм. ( еств. влажности.)</span></p>\r\n\r\n<p><span class="name">Внутренние стены 1 этажа</span> <span class="info">Внутренние стены - каркасно-обшивные, доска 50 х 150 мм. ( еств. влажности.) Шаг- 600мм, без обшивки.</span></p>\r\n\r\n<p><span class="name">Междуэтажное перекрытие</span> <span class="info">Брус 95 x195 мм ( еств. влажности ) с настилом OSB 22 мм. Утепление 200 мм (по контуру). Шаг лаг 400 &ndash; 600 мм.</span></p>\r\n\r\n<p><span class="icon"><img src="/static/img/icon_sip.png" /></span> <span class="name">Наружные стены 2 этажа</span> <span class="info">СИП панели 174 мм, высотой 2.5 м. Состав панели: OSB 12 мм +ПСБ 25Ф 150 мм + OSB 12 мм. В замке: брус 95 х 145 мм. (еств. влажности )</span></p>\r\n\r\n<p><span class="name">Внутренние стены 2 этажа</span> <span class="info">Внутренние стены - каркасно-обшивные, доска &ndash; 50 х 150 мм ( еств. влажности ) Шаг- 600 мм, без обшивки. Высотой 2.5 м.</span></p>\r\n\r\n<p><span class="name">Чердачное перекрытие</span> <span class="info">Доска 50 х 200 мм ( еств. влажности. ) Шаг лаг 400 &ndash; 600 мм. Утепление 200 мм.</span></p>\r\n\r\n<p><span class="name">Кровля</span> <span class="info">Металлочерепица &ndash; полиэстэр , толщина стали 0.5 мм. Комплектующие (гидроизоляция, конек, карнизные и ветровые планки, саморезы и др.)</span></p>\r\n\r\n<p><span class="icon"><img src="/static/img/icon_window.png" /></span> <span class="name">Окна</span> <span class="info">ПВХ &laquo;Штерн&raquo; 58-коробка.Двухкамерный стеклопакет, поворотно-откидные. Фурнитура- Roto.</span></p>\r\n\r\n<p><span class="icon"><img src="/static/img/icon_door.png" /></span> <span class="name">Дверь входная</span> <span class="info">Металлическая. Производство-Россия. Утепленная, наружная отделка- молотковая эмаль, внутренняя- ламинация. Два замка, глазок, резиновый уплотнитель.</span></p>\r\n\r\n<p><span class="icon"><img src="/static/img/icon_balkon.png" /></span> <span class="name">Балкон, крыльцо, терраса.</span> <span class="info">Входит в стоимость</span></p>	<p><span class="icon"><img src="/static/img/icon_fund.png" /></span> <span class="name">Фундамент</span> <span class="info">Свайно-винтовой, (черный металл) диаметром = 108 мм, длиной = 2.5м, закручиваемые спецтехникой с засыпкой песко-бетонной смесью.</span></p>\r\n\r\n<p><span class="name">Обвязочный брус</span> <span class="info">200 x 200 мм. ( Еств.влажности ). Обработанный битумным праймером.</span></p>\r\n\r\n<p><span class="name">Цокольное перекрытие</span> <span class="info">СИП панели 224 мм, уложенные с шагом 625 мм. Состав панели : OSB 12 мм + ПСБ 25Ф 200 мм +OSB 12 мм. В замке: брус 95 х 195 мм ( еств.влажности ) . Обработанный битумным праймером от земли.</span></p>\r\n\r\n<p><span class="icon"><img src="/static/img/icon_sip.png" /></span> <span class="name">Наружные стены 1 этажа</span> <span class="info">СИП панели 174 мм, высотой 2.8 м. Состав панели: OSB 12 мм + ПСБ 25Ф 150 мм +OSB 12 мм. В замке: брус 95 х 145 мм ( еств.влажности ).</span></p>\r\n\r\n<p><span class="name">Внутренние стены 1 этажа</span> <span class="info"> Сип панели 174 мм ( Несущие ) и 124 мм ( Вспомогательные ). Состав панели: OSB 12 мм + ПСБ 25Ф 100-150 мм + OSB 12 мм. В замке: брус 95 х 95-145 мм ( еств.влажности). Высотой 2.8 м.</span></p>\r\n\r\n<p><span class="name">Междуэтажное перекрытие</span> <span class="info">Брус 95 x195 мм ( еств. влажности ) с настилом OSB 22 мм. Утепление 200 мм (по контуру). Шаг лаг 400 &ndash; 600 мм.</span></p>\r\n\r\n<p><span class="icon"><img src="/static/img/icon_sip.png" /></span> <span class="name">Наружные стены 2 этажа</span> <span class="info">СИП панели 174 мм, высотой 2.5 м. Состав панели: OSB 12 мм +ПСБ 25Ф 150 мм + OSB 12 мм. В замке: брус 95 х 145 мм. (еств. влажности )</span></p>\r\n\r\n<p><span class="name">Внутренние стены 2 этажа</span> <span class="info">Сип панели 174 мм ( Несущие ) и 124 мм ( Вспомогательные). Высотой 2.5 м. Состав панели: OSB 12 мм + ПСБ 25Ф 100-150 мм + OSB 12 мм. В замке: брус 95 х 95-145 мм ( еств.влажности.)</span></p>\r\n\r\n<p><span class="name">Чердачное перекрытие</span> <span class="info">Сип панели 174 мм. Состав панели: OSB 12 мм + ПСБ 25Ф 150 мм + OSB 12 мм. В замке: брус 95 х 145 мм ( еств.влажности ) . Шаг панелей 1250 мм.</span></p>\r\n\r\n<p><span class="name">Кровля</span> <span class="info">Металлочерепица &ndash; полиэстэр, толщина стали 0,5 мм. Комплектующие ( гидроизоляция, конек, карнизные и ветровые планки, саморезы и тд. )</span></p>\r\n\r\n<p><span class="icon"><img src="/static/img/icon_window.png" /></span> <span class="name">Окна</span> <span class="info">ПВХ &laquo;Штерн&raquo; 70-коробка. Двухкамерный стеклопакет, поворотно-откидные. Фурнитура- Roto. Подоконники, отливы, москитные сетки.</span></p>\r\n\r\n<p><span class="icon"><img src="/static/img/icon_door.png" /></span> <span class="name">Дверь входная</span> <span class="info">Металлическая. Производство-Россия. Утепленная, наружная отделка- молотковая эмаль, внутренняя- ламинация. Два замка, глазок, резиновый уплотнитель.</span></p>\r\n\r\n<p><span class="icon"><img src="/static/img/icon_balkon.png" /></span> <span class="name">Балкон, крыльцо, терраса.</span> <span class="info">Входит в стоимость</span></p>\r\n\r\n<p><span class="name">Монтаж, проект, бытовка для строителей</span> <span class="info">Входит в стоимость</span></p>	13	2	<p><span class="icon"><img src="/static/img/icon_fund.png" /></span> <span class="name">Фундамент</span> <span class="info">Свайно-винтовой, (оцинкованные) диаметром = 108 мм, длиной = 2.5м, закручиваемые спецтехникой с засыпкой песко-бетонной смесью.</span></p>\r\n\r\n<p><span class="name">Обвязочный брус</span> <span class="info">200 x 200 мм. (еств.влажности). Обработанный битумным праймером.</span></p>\r\n\r\n<p><span class="name">Цокольное перекрытие</span> <span class="info">СИП панели 224 мм, уложенные с шагом 625 мм. Состав панели : OSB 12 мм + ПСБ 25Ф 200 мм +OSB 12 мм. В замке: доска 45 х 195 мм (сухой пиломатериал, камерный сушки). Обработанный битумным праймером от земли.</span></p>\r\n\r\n<p><span class="icon"><img src="/static/img/icon_sip.png" /></span> <span class="name">Наружные стены 1 этажа</span> <span class="info">СИП панели 174 мм, высотой 2.8 м. Состав панели: OSB 12 мм + ПСБ 25Ф 150 мм + OSB 12 мм. В замке: доска 45 х 145 мм (сухой пиломатериал, камерной сушки).</span></p>\r\n\r\n<p><span class="name">Внутренние стены 1 этажа</span> <span class="info">Сип панели 174 мм (несущие) и 124 мм (вспомогательные). Состав панели: OSB 12 мм + ПСБ 25Ф 100-150 мм + OSB 12 мм. В замке: Доска 45 х 145 мм, 45 х 95 мм (сухой пиломатериал, камерной сушки). Высотой 2.8 м.</span></p>\r\n\r\n<p><span class="name">Междуэтажное перекрытие</span> <span class="info">Сип панель 224 мм, уложенные с шагом 625 мм. Состав панели: OSB 12 мм + ПСБ 25Ф 200 мм + OSB 12 мм. (сухой пиломатериал, камерной сушки)</span></p>\r\n\r\n<p><span class="icon"><img src="/static/img/icon_sip.png" /></span> <span class="name">Наружные стены 2 этажа</span> <span class="info">СИП панели 174 мм, высотой 2.5 м. Состав панели: OSB 12 мм +ПСБ 25Ф 150 мм +OSB 12 мм. В замке: доска 45 х 145 мм (сухой пиломатериал, камерной сушки).</span></p>\r\n\r\n<p><span class="name">Внутренние стены 2 этажа</span> <span class="info">Сип панели 174 мм (несущие) и 124 мм (вспомогательные). Высотой 2.5 м. Состав панели: OSB 12 мм + ПСБ 25Ф 100-150 мм + OSB 12 мм. В замке: доска 45 х 95-145 мм (сухой пиломатериал, камерной сушки).</span></p>\r\n\r\n<p><span class="name">Чердачное перекрытие</span> <span class="info">Сип панели 174 мм. Состав панели: OSB 12 мм + ПСБ 25Ф 150 мм + OSB 12 мм. В замке: доска 45 х 145 мм (сухой пиломатериал, камерной сушки). Шаг панелей 1250 мм.</span></p>\r\n\r\n<p><span class="name">Кровля</span> <span class="info">Металлочерепица &ndash; полиэстэр, толщина стали 0,5 мм. Комплектующие (гидроизоляция, конек, карнизные и ветровые планки, саморезы и тд.)</span></p>\r\n\r\n<p><span class="icon"><img src="/static/img/icon_window.png" /></span> <span class="name">Окна</span> <span class="info">ПВХ &laquo;Штерн&raquo; 70-коробка. Двухкамерный, энергосберегающий стеклопакет, поворотно-откидные. Фурнитура- Roto. Подоконники, отливы, москитные сетки.</span></p>\r\n\r\n<p><span class="icon"><img src="/static/img/icon_door.png" /></span> <span class="name">Дверь входная</span> <span class="info">Металлическая. Производство-Россия. Утепленная, наружная отделка- молотковая эмаль, внутренняя- ламинация. Два замка, глазок, резиновый уплотнитель.</span></p>\r\n\r\n<p><span class="icon"><img src="/static/img/icon_balkon.png" /></span> <span class="name">Балкон, крыльцо, терраса.</span> <span class="info">Входит в стоимость</span></p>\r\n\r\n<p><span class="name">Монтаж, проект, бытовка для строителей</span> <span class="info">Входит в стоимость</span></p>	0
24	0	0	<p><span class="icon"><img src="/static/img/icon_fund.png" /></span> <span class="name">Фундамент</span> <span class="info">Свайно-винтовой, (черный металл) диаметром = 108 мм, длиной = 2.5м, закручиваемые спецтехникой с засыпкой песко-бетонной смесью.</span></p>\r\n\r\n<p><span class="name">Обвязочный брус</span> <span class="info">150 x 150 мм. Обработанный битумным праймером.</span></p>\r\n\r\n<p><span class="name">Цокольное перекрытие</span> <span class="info">СИП панели 174 мм, уложенные с шагом 625 мм. Состав панели: OSB 12 мм + ПСБ 25Ф 150 мм +OSB 12 мм. В замке: брус 95 х 145 мм. ( еств.влажности.) </span></p>\r\n\r\n<p><span class="icon"><img src="/static/img/icon_sip.png" /></span> <span class="name">Наружные стены 1 этажа</span> <span class="info">СИП панели 174 мм, высотой 2.5 м. Состав панели: OSB 12 мм +ПСБ 25Ф 150 мм +OSB 12 мм. В замке: брус 95 х 145 мм. ( еств. влажности.)</span></p>\r\n\r\n<p><span class="name">Внутренние стены 1 этажа</span> <span class="info">Внутренние стены - каркасно-обшивные, доска 50 х 150 мм. ( еств. влажности.) Шаг- 600мм, без обшивки.</span></p>\r\n\r\n<p><span class="name">Междуэтажное перекрытие</span> <span class="info">Брус 95 x195 мм ( еств. влажности ) с настилом OSB 22 мм. Утепление 200 мм (по контуру). Шаг лаг 400 &ndash; 600 мм.</span></p>\r\n\r\n<p><span class="icon"><img src="/static/img/icon_sip.png" /></span> <span class="name">Наружные стены 2 этажа</span> <span class="info">СИП панели 174 мм, высотой 2.5 м. Состав панели: OSB 12 мм +ПСБ 25Ф 150 мм + OSB 12 мм. В замке: брус 95 х 145 мм. (еств. влажности )</span></p>\r\n\r\n<p><span class="name">Внутренние стены 2 этажа</span> <span class="info">Внутренние стены - каркасно-обшивные, доска &ndash; 50 х 150 мм ( еств. влажности ) Шаг- 600 мм, без обшивки. Высотой 2.5 м.</span></p>\r\n\r\n<p><span class="name">Чердачное перекрытие</span> <span class="info">Доска 50 х 200 мм ( еств. влажности. ) Шаг лаг 400 &ndash; 600 мм. Утепление 200 мм.</span></p>\r\n\r\n<p><span class="name">Кровля</span> <span class="info">Металлочерепица &ndash; полиэстэр , толщина стали 0.5 мм. Комплектующие (гидроизоляция, конек, карнизные и ветровые планки, саморезы и др.)</span></p>\r\n\r\n<p><span class="icon"><img src="/static/img/icon_window.png" /></span> <span class="name">Окна</span> <span class="info">ПВХ &laquo;Штерн&raquo; 58-коробка.Двухкамерный стеклопакет, поворотно-откидные. Фурнитура- Roto.</span></p>\r\n\r\n<p><span class="icon"><img src="/static/img/icon_door.png" /></span> <span class="name">Дверь входная</span> <span class="info">Металлическая. Производство-Россия. Утепленная, наружная отделка- молотковая эмаль, внутренняя- ламинация. Два замка, глазок, резиновый уплотнитель.</span></p>\r\n\r\n<p><span class="icon"><img src="/static/img/icon_balkon.png" /></span> <span class="name">Балкон, крыльцо, терраса.</span> <span class="info">Входит в стоимость</span></p>	<p><span class="icon"><img src="/static/img/icon_fund.png" /></span> <span class="name">Фундамент</span> <span class="info">Свайно-винтовой, (черный металл) диаметром = 108 мм, длиной = 2.5м, закручиваемые спецтехникой с засыпкой песко-бетонной смесью.</span></p>\r\n\r\n<p><span class="name">Обвязочный брус</span> <span class="info">200 x 200 мм. ( Еств.влажности ). Обработанный битумным праймером.</span></p>\r\n\r\n<p><span class="name">Цокольное перекрытие</span> <span class="info">СИП панели 224 мм, уложенные с шагом 625 мм. Состав панели : OSB 12 мм + ПСБ 25Ф 200 мм +OSB 12 мм. В замке: брус 95 х 195 мм ( еств.влажности ) . Обработанный битумным праймером от земли.</span></p>\r\n\r\n<p><span class="icon"><img src="/static/img/icon_sip.png" /></span> <span class="name">Наружные стены 1 этажа</span> <span class="info">СИП панели 174 мм, высотой 2.8 м. Состав панели: OSB 12 мм + ПСБ 25Ф 150 мм +OSB 12 мм. В замке: брус 95 х 145 мм ( еств.влажности ).</span></p>\r\n\r\n<p><span class="name">Внутренние стены 1 этажа</span> <span class="info"> Сип панели 174 мм ( Несущие ) и 124 мм ( Вспомогательные ). Состав панели: OSB 12 мм + ПСБ 25Ф 100-150 мм + OSB 12 мм. В замке: брус 95 х 95-145 мм ( еств.влажности). Высотой 2.8 м.</span></p>\r\n\r\n<p><span class="name">Междуэтажное перекрытие</span> <span class="info">Брус 95 x195 мм ( еств. влажности ) с настилом OSB 22 мм. Утепление 200 мм (по контуру). Шаг лаг 400 &ndash; 600 мм.</span></p>\r\n\r\n<p><span class="icon"><img src="/static/img/icon_sip.png" /></span> <span class="name">Наружные стены 2 этажа</span> <span class="info">СИП панели 174 мм, высотой 2.5 м. Состав панели: OSB 12 мм +ПСБ 25Ф 150 мм + OSB 12 мм. В замке: брус 95 х 145 мм. (еств. влажности )</span></p>\r\n\r\n<p><span class="name">Внутренние стены 2 этажа</span> <span class="info">Сип панели 174 мм ( Несущие ) и 124 мм ( Вспомогательные). Высотой 2.5 м. Состав панели: OSB 12 мм + ПСБ 25Ф 100-150 мм + OSB 12 мм. В замке: брус 95 х 95-145 мм ( еств.влажности.)</span></p>\r\n\r\n<p><span class="name">Чердачное перекрытие</span> <span class="info">Сип панели 174 мм. Состав панели: OSB 12 мм + ПСБ 25Ф 150 мм + OSB 12 мм. В замке: брус 95 х 145 мм ( еств.влажности ) . Шаг панелей 1250 мм.</span></p>\r\n\r\n<p><span class="name">Кровля</span> <span class="info">Металлочерепица &ndash; полиэстэр, толщина стали 0,5 мм. Комплектующие ( гидроизоляция, конек, карнизные и ветровые планки, саморезы и тд. )</span></p>\r\n\r\n<p><span class="icon"><img src="/static/img/icon_window.png" /></span> <span class="name">Окна</span> <span class="info">ПВХ &laquo;Штерн&raquo; 70-коробка. Двухкамерный стеклопакет, поворотно-откидные. Фурнитура- Roto. Подоконники, отливы, москитные сетки.</span></p>\r\n\r\n<p><span class="icon"><img src="/static/img/icon_door.png" /></span> <span class="name">Дверь входная</span> <span class="info">Металлическая. Производство-Россия. Утепленная, наружная отделка- молотковая эмаль, внутренняя- ламинация. Два замка, глазок, резиновый уплотнитель.</span></p>\r\n\r\n<p><span class="icon"><img src="/static/img/icon_balkon.png" /></span> <span class="name">Балкон, крыльцо, терраса.</span> <span class="info">Входит в стоимость</span></p>\r\n\r\n<p><span class="name">Монтаж, проект, бытовка для строителей</span> <span class="info">Входит в стоимость</span></p>	14	2	3	0
25	0	0	<p><span class="icon"><img src="/static/img/icon_fund.png" /></span> <span class="name">Фундамент</span> <span class="info">Свайно-винтовой, (черный металл) диаметром = 108 мм, длиной = 2.5м, закручиваемые спецтехникой с засыпкой песко-бетонной смесью.</span></p>\r\n\r\n<p><span class="name">Обвязочный брус</span> <span class="info">150 x 150 мм. Обработанный битумным праймером.</span></p>\r\n\r\n<p><span class="name">Цокольное перекрытие</span> <span class="info">СИП панели 174 мм, уложенные с шагом 625 мм. Состав панели: OSB 12 мм + ПСБ 25Ф 150 мм +OSB 12 мм. В замке: брус 95 х 145 мм. ( еств.влажности.) </span></p>\r\n\r\n<p><span class="icon"><img src="/static/img/icon_sip.png" /></span> <span class="name">Наружные стены 1 этажа</span> <span class="info">СИП панели 174 мм, высотой 2.5 м. Состав панели: OSB 12 мм +ПСБ 25Ф 150 мм +OSB 12 мм. В замке: брус 95 х 145 мм. ( еств. влажности.)</span></p>\r\n\r\n<p><span class="name">Внутренние стены 1 этажа</span> <span class="info">Внутренние стены - каркасно-обшивные, доска 50 х 150 мм. ( еств. влажности.) Шаг- 600мм, без обшивки.</span></p>\r\n\r\n<p><span class="name">Междуэтажное перекрытие</span> <span class="info">Брус 95 x195 мм ( еств. влажности ) с настилом OSB 22 мм. Утепление 200 мм (по контуру). Шаг лаг 400 &ndash; 600 мм.</span></p>\r\n\r\n<p><span class="icon"><img src="/static/img/icon_sip.png" /></span> <span class="name">Наружные стены 2 этажа</span> <span class="info">СИП панели 174 мм, высотой 2.5 м. Состав панели: OSB 12 мм +ПСБ 25Ф 150 мм + OSB 12 мм. В замке: брус 95 х 145 мм. (еств. влажности )</span></p>\r\n\r\n<p><span class="name">Внутренние стены 2 этажа</span> <span class="info">Внутренние стены - каркасно-обшивные, доска &ndash; 50 х 150 мм ( еств. влажности ) Шаг- 600 мм, без обшивки. Высотой 2.5 м.</span></p>\r\n\r\n<p><span class="name">Чердачное перекрытие</span> <span class="info">Доска 50 х 200 мм ( еств. влажности. ) Шаг лаг 400 &ndash; 600 мм. Утепление 200 мм.</span></p>\r\n\r\n<p><span class="name">Кровля</span> <span class="info">Металлочерепица &ndash; полиэстэр , толщина стали 0.5 мм. Комплектующие (гидроизоляция, конек, карнизные и ветровые планки, саморезы и др.)</span></p>\r\n\r\n<p><span class="icon"><img src="/static/img/icon_window.png" /></span> <span class="name">Окна</span> <span class="info">ПВХ &laquo;Штерн&raquo; 58-коробка.Двухкамерный стеклопакет, поворотно-откидные. Фурнитура- Roto.</span></p>\r\n\r\n<p><span class="icon"><img src="/static/img/icon_door.png" /></span> <span class="name">Дверь входная</span> <span class="info">Металлическая. Производство-Россия. Утепленная, наружная отделка- молотковая эмаль, внутренняя- ламинация. Два замка, глазок, резиновый уплотнитель.</span></p>\r\n\r\n<p><span class="icon"><img src="/static/img/icon_balkon.png" /></span> <span class="name">Балкон, крыльцо, терраса.</span> <span class="info">Входит в стоимость</span></p>	<p><span class="icon"><img src="/static/img/icon_fund.png" /></span> <span class="name">Фундамент</span> <span class="info">Свайно-винтовой, (черный металл) диаметром = 108 мм, длиной = 2.5м, закручиваемые спецтехникой с засыпкой песко-бетонной смесью.</span></p>\r\n\r\n<p><span class="name">Обвязочный брус</span> <span class="info">200 x 200 мм. ( Еств.влажности ). Обработанный битумным праймером.</span></p>\r\n\r\n<p><span class="name">Цокольное перекрытие</span> <span class="info">СИП панели 224 мм, уложенные с шагом 625 мм. Состав панели : OSB 12 мм + ПСБ 25Ф 200 мм +OSB 12 мм. В замке: брус 95 х 195 мм ( еств.влажности ) . Обработанный битумным праймером от земли.</span></p>\r\n\r\n<p><span class="icon"><img src="/static/img/icon_sip.png" /></span> <span class="name">Наружные стены 1 этажа</span> <span class="info">СИП панели 174 мм, высотой 2.8 м. Состав панели: OSB 12 мм + ПСБ 25Ф 150 мм +OSB 12 мм. В замке: брус 95 х 145 мм ( еств.влажности ).</span></p>\r\n\r\n<p><span class="name">Внутренние стены 1 этажа</span> <span class="info"> Сип панели 174 мм ( Несущие ) и 124 мм ( Вспомогательные ). Состав панели: OSB 12 мм + ПСБ 25Ф 100-150 мм + OSB 12 мм. В замке: брус 95 х 95-145 мм ( еств.влажности). Высотой 2.8 м.</span></p>\r\n\r\n<p><span class="name">Междуэтажное перекрытие</span> <span class="info">Брус 95 x195 мм ( еств. влажности ) с настилом OSB 22 мм. Утепление 200 мм (по контуру). Шаг лаг 400 &ndash; 600 мм.</span></p>\r\n\r\n<p><span class="icon"><img src="/static/img/icon_sip.png" /></span> <span class="name">Наружные стены 2 этажа</span> <span class="info">СИП панели 174 мм, высотой 2.5 м. Состав панели: OSB 12 мм +ПСБ 25Ф 150 мм + OSB 12 мм. В замке: брус 95 х 145 мм. (еств. влажности )</span></p>\r\n\r\n<p><span class="name">Внутренние стены 2 этажа</span> <span class="info">Сип панели 174 мм ( Несущие ) и 124 мм ( Вспомогательные). Высотой 2.5 м. Состав панели: OSB 12 мм + ПСБ 25Ф 100-150 мм + OSB 12 мм. В замке: брус 95 х 95-145 мм ( еств.влажности.)</span></p>\r\n\r\n<p><span class="name">Чердачное перекрытие</span> <span class="info">Сип панели 174 мм. Состав панели: OSB 12 мм + ПСБ 25Ф 150 мм + OSB 12 мм. В замке: брус 95 х 145 мм ( еств.влажности ) . Шаг панелей 1250 мм.</span></p>\r\n\r\n<p><span class="name">Кровля</span> <span class="info">Металлочерепица &ndash; полиэстэр, толщина стали 0,5 мм. Комплектующие ( гидроизоляция, конек, карнизные и ветровые планки, саморезы и тд. )</span></p>\r\n\r\n<p><span class="icon"><img src="/static/img/icon_window.png" /></span> <span class="name">Окна</span> <span class="info">ПВХ &laquo;Штерн&raquo; 70-коробка. Двухкамерный стеклопакет, поворотно-откидные. Фурнитура- Roto. Подоконники, отливы, москитные сетки.</span></p>\r\n\r\n<p><span class="icon"><img src="/static/img/icon_door.png" /></span> <span class="name">Дверь входная</span> <span class="info">Металлическая. Производство-Россия. Утепленная, наружная отделка- молотковая эмаль, внутренняя- ламинация. Два замка, глазок, резиновый уплотнитель.</span></p>\r\n\r\n<p><span class="icon"><img src="/static/img/icon_balkon.png" /></span> <span class="name">Балкон, крыльцо, терраса.</span> <span class="info">Входит в стоимость</span></p>\r\n\r\n<p><span class="name">Монтаж, проект, бытовка для строителей</span> <span class="info">Входит в стоимость</span></p>	15	2	3	0
26	0	0	<p><span class="icon"><img src="/static/img/icon_fund.png" /></span> <span class="name">Фундамент</span> <span class="info">Свайно-винтовой, (черный металл) диаметром = 108 мм, длиной = 2.5м, закручиваемые спецтехникой с засыпкой песко-бетонной смесью.</span></p>\r\n\r\n<p><span class="name">Обвязочный брус</span> <span class="info">150 x 150 мм. Обработанный битумным праймером.</span></p>\r\n\r\n<p><span class="name">Цокольное перекрытие</span> <span class="info">СИП панели 174 мм, уложенные с шагом 625 мм. Состав панели: OSB 12 мм + ПСБ 25Ф 150 мм +OSB 12 мм. В замке: брус 95 х 145 мм. ( еств.влажности.) </span></p>\r\n\r\n<p><span class="icon"><img src="/static/img/icon_sip.png" /></span> <span class="name">Наружные стены 1 этажа</span> <span class="info">СИП панели 174 мм, высотой 2.5 м. Состав панели: OSB 12 мм +ПСБ 25Ф 150 мм +OSB 12 мм. В замке: брус 95 х 145 мм. ( еств. влажности.)</span></p>\r\n\r\n<p><span class="name">Внутренние стены 1 этажа</span> <span class="info">Внутренние стены - каркасно-обшивные, доска 50 х 150 мм. ( еств. влажности.) Шаг- 600мм, без обшивки.</span></p>\r\n\r\n<p><span class="name">Междуэтажное перекрытие</span> <span class="info">Брус 95 x195 мм ( еств. влажности ) с настилом OSB 22 мм. Утепление 200 мм (по контуру). Шаг лаг 400 &ndash; 600 мм.</span></p>\r\n\r\n<p><span class="icon"><img src="/static/img/icon_sip.png" /></span> <span class="name">Наружные стены 2 этажа</span> <span class="info">СИП панели 174 мм, высотой 2.5 м. Состав панели: OSB 12 мм +ПСБ 25Ф 150 мм + OSB 12 мм. В замке: брус 95 х 145 мм. (еств. влажности )</span></p>\r\n\r\n<p><span class="name">Внутренние стены 2 этажа</span> <span class="info">Внутренние стены - каркасно-обшивные, доска &ndash; 50 х 150 мм ( еств. влажности ) Шаг- 600 мм, без обшивки. Высотой 2.5 м.</span></p>\r\n\r\n<p><span class="name">Чердачное перекрытие</span> <span class="info">Доска 50 х 200 мм ( еств. влажности. ) Шаг лаг 400 &ndash; 600 мм. Утепление 200 мм.</span></p>\r\n\r\n<p><span class="name">Кровля</span> <span class="info">Металлочерепица &ndash; полиэстэр , толщина стали 0.5 мм. Комплектующие (гидроизоляция, конек, карнизные и ветровые планки, саморезы и др.)</span></p>\r\n\r\n<p><span class="icon"><img src="/static/img/icon_window.png" /></span> <span class="name">Окна</span> <span class="info">ПВХ &laquo;Штерн&raquo; 58-коробка.Двухкамерный стеклопакет, поворотно-откидные. Фурнитура- Roto.</span></p>\r\n\r\n<p><span class="icon"><img src="/static/img/icon_door.png" /></span> <span class="name">Дверь входная</span> <span class="info">Металлическая. Производство-Россия. Утепленная, наружная отделка- молотковая эмаль, внутренняя- ламинация. Два замка, глазок, резиновый уплотнитель.</span></p>\r\n\r\n<p><span class="icon"><img src="/static/img/icon_balkon.png" /></span> <span class="name">Балкон, крыльцо, терраса.</span> <span class="info">Входит в стоимость</span></p>	<p><span class="icon"><img src="/static/img/icon_fund.png" /></span> <span class="name">Фундамент</span> <span class="info">Свайно-винтовой, (черный металл) диаметром = 108 мм, длиной = 2.5м, закручиваемые спецтехникой с засыпкой песко-бетонной смесью.</span></p>\r\n\r\n<p><span class="name">Обвязочный брус</span> <span class="info">200 x 200 мм. ( Еств.влажности ). Обработанный битумным праймером.</span></p>\r\n\r\n<p><span class="name">Цокольное перекрытие</span> <span class="info">СИП панели 224 мм, уложенные с шагом 625 мм. Состав панели : OSB 12 мм + ПСБ 25Ф 200 мм +OSB 12 мм. В замке: брус 95 х 195 мм ( еств.влажности ) . Обработанный битумным праймером от земли.</span></p>\r\n\r\n<p><span class="icon"><img src="/static/img/icon_sip.png" /></span> <span class="name">Наружные стены 1 этажа</span> <span class="info">СИП панели 174 мм, высотой 2.8 м. Состав панели: OSB 12 мм + ПСБ 25Ф 150 мм +OSB 12 мм. В замке: брус 95 х 145 мм ( еств.влажности ).</span></p>\r\n\r\n<p><span class="name">Внутренние стены 1 этажа</span> <span class="info"> Сип панели 174 мм ( Несущие ) и 124 мм ( Вспомогательные ). Состав панели: OSB 12 мм + ПСБ 25Ф 100-150 мм + OSB 12 мм. В замке: брус 95 х 95-145 мм ( еств.влажности). Высотой 2.8 м.</span></p>\r\n\r\n<p><span class="name">Междуэтажное перекрытие</span> <span class="info">Брус 95 x195 мм ( еств. влажности ) с настилом OSB 22 мм. Утепление 200 мм (по контуру). Шаг лаг 400 &ndash; 600 мм.</span></p>\r\n\r\n<p><span class="icon"><img src="/static/img/icon_sip.png" /></span> <span class="name">Наружные стены 2 этажа</span> <span class="info">СИП панели 174 мм, высотой 2.5 м. Состав панели: OSB 12 мм +ПСБ 25Ф 150 мм + OSB 12 мм. В замке: брус 95 х 145 мм. (еств. влажности )</span></p>\r\n\r\n<p><span class="name">Внутренние стены 2 этажа</span> <span class="info">Сип панели 174 мм ( Несущие ) и 124 мм ( Вспомогательные). Высотой 2.5 м. Состав панели: OSB 12 мм + ПСБ 25Ф 100-150 мм + OSB 12 мм. В замке: брус 95 х 95-145 мм ( еств.влажности.)</span></p>\r\n\r\n<p><span class="name">Чердачное перекрытие</span> <span class="info">Сип панели 174 мм. Состав панели: OSB 12 мм + ПСБ 25Ф 150 мм + OSB 12 мм. В замке: брус 95 х 145 мм ( еств.влажности ) . Шаг панелей 1250 мм.</span></p>\r\n\r\n<p><span class="name">Кровля</span> <span class="info">Металлочерепица &ndash; полиэстэр, толщина стали 0,5 мм. Комплектующие ( гидроизоляция, конек, карнизные и ветровые планки, саморезы и тд. )</span></p>\r\n\r\n<p><span class="icon"><img src="/static/img/icon_window.png" /></span> <span class="name">Окна</span> <span class="info">ПВХ &laquo;Штерн&raquo; 70-коробка. Двухкамерный стеклопакет, поворотно-откидные. Фурнитура- Roto. Подоконники, отливы, москитные сетки.</span></p>\r\n\r\n<p><span class="icon"><img src="/static/img/icon_door.png" /></span> <span class="name">Дверь входная</span> <span class="info">Металлическая. Производство-Россия. Утепленная, наружная отделка- молотковая эмаль, внутренняя- ламинация. Два замка, глазок, резиновый уплотнитель.</span></p>\r\n\r\n<p><span class="icon"><img src="/static/img/icon_balkon.png" /></span> <span class="name">Балкон, крыльцо, терраса.</span> <span class="info">Входит в стоимость</span></p>\r\n\r\n<p><span class="name">Монтаж, проект, бытовка для строителей</span> <span class="info">Входит в стоимость</span></p>	16	2	3	0
27	0	0	<p><span class="icon"><img src="/static/img/icon_fund.png" /></span> <span class="name">Фундамент</span> <span class="info">Свайно-винтовой, (черный металл) диаметром = 108 мм, длиной = 2.5м, закручиваемые спецтехникой с засыпкой песко-бетонной смесью.</span></p>\r\n\r\n<p><span class="name">Обвязочный брус</span> <span class="info">150 x 150 мм. Обработанный битумным праймером.</span></p>\r\n\r\n<p><span class="name">Цокольное перекрытие</span> <span class="info">СИП панели 174 мм, уложенные с шагом 625 мм. Состав панели: OSB 12 мм + ПСБ 25Ф 150 мм +OSB 12 мм. В замке: брус 95 х 145 мм. ( еств.влажности.) </span></p>\r\n\r\n<p><span class="icon"><img src="/static/img/icon_sip.png" /></span> <span class="name">Наружные стены 1 этажа</span> <span class="info">СИП панели 174 мм, высотой 2.5 м. Состав панели: OSB 12 мм +ПСБ 25Ф 150 мм +OSB 12 мм. В замке: брус 95 х 145 мм. ( еств. влажности.)</span></p>\r\n\r\n<p><span class="name">Внутренние стены 1 этажа</span> <span class="info">Внутренние стены - каркасно-обшивные, доска 50 х 150 мм. ( еств. влажности.) Шаг- 600мм, без обшивки.</span></p>\r\n\r\n<p><span class="name">Междуэтажное перекрытие</span> <span class="info">Брус 95 x195 мм ( еств. влажности ) с настилом OSB 22 мм. Утепление 200 мм (по контуру). Шаг лаг 400 &ndash; 600 мм.</span></p>\r\n\r\n<p><span class="icon"><img src="/static/img/icon_sip.png" /></span> <span class="name">Наружные стены 2 этажа</span> <span class="info">СИП панели 174 мм, высотой 2.5 м. Состав панели: OSB 12 мм +ПСБ 25Ф 150 мм + OSB 12 мм. В замке: брус 95 х 145 мм. (еств. влажности )</span></p>\r\n\r\n<p><span class="name">Внутренние стены 2 этажа</span> <span class="info">Внутренние стены - каркасно-обшивные, доска &ndash; 50 х 150 мм ( еств. влажности ) Шаг- 600 мм, без обшивки. Высотой 2.5 м.</span></p>\r\n\r\n<p><span class="name">Чердачное перекрытие</span> <span class="info">Доска 50 х 200 мм ( еств. влажности. ) Шаг лаг 400 &ndash; 600 мм. Утепление 200 мм.</span></p>\r\n\r\n<p><span class="name">Кровля</span> <span class="info">Металлочерепица &ndash; полиэстэр , толщина стали 0.5 мм. Комплектующие (гидроизоляция, конек, карнизные и ветровые планки, саморезы и др.)</span></p>\r\n\r\n<p><span class="icon"><img src="/static/img/icon_window.png" /></span> <span class="name">Окна</span> <span class="info">ПВХ &laquo;Штерн&raquo; 58-коробка.Двухкамерный стеклопакет, поворотно-откидные. Фурнитура- Roto.</span></p>\r\n\r\n<p><span class="icon"><img src="/static/img/icon_door.png" /></span> <span class="name">Дверь входная</span> <span class="info">Металлическая. Производство-Россия. Утепленная, наружная отделка- молотковая эмаль, внутренняя- ламинация. Два замка, глазок, резиновый уплотнитель.</span></p>\r\n\r\n<p><span class="icon"><img src="/static/img/icon_balkon.png" /></span> <span class="name">Балкон, крыльцо, терраса.</span> <span class="info">Входит в стоимость</span></p>	<p><span class="icon"><img src="/static/img/icon_fund.png" /></span> <span class="name">Фундамент</span> <span class="info">Свайно-винтовой, (черный металл) диаметром = 108 мм, длиной = 2.5м, закручиваемые спецтехникой с засыпкой песко-бетонной смесью.</span></p>\r\n\r\n<p><span class="name">Обвязочный брус</span> <span class="info">200 x 200 мм. ( Еств.влажности ). Обработанный битумным праймером.</span></p>\r\n\r\n<p><span class="name">Цокольное перекрытие</span> <span class="info">СИП панели 224 мм, уложенные с шагом 625 мм. Состав панели : OSB 12 мм + ПСБ 25Ф 200 мм +OSB 12 мм. В замке: брус 95 х 195 мм ( еств.влажности ) . Обработанный битумным праймером от земли.</span></p>\r\n\r\n<p><span class="icon"><img src="/static/img/icon_sip.png" /></span> <span class="name">Наружные стены 1 этажа</span> <span class="info">СИП панели 174 мм, высотой 2.8 м. Состав панели: OSB 12 мм + ПСБ 25Ф 150 мм +OSB 12 мм. В замке: брус 95 х 145 мм ( еств.влажности ).</span></p>\r\n\r\n<p><span class="name">Внутренние стены 1 этажа</span> <span class="info"> Сип панели 174 мм ( Несущие ) и 124 мм ( Вспомогательные ). Состав панели: OSB 12 мм + ПСБ 25Ф 100-150 мм + OSB 12 мм. В замке: брус 95 х 95-145 мм ( еств.влажности). Высотой 2.8 м.</span></p>\r\n\r\n<p><span class="name">Междуэтажное перекрытие</span> <span class="info">Брус 95 x195 мм ( еств. влажности ) с настилом OSB 22 мм. Утепление 200 мм (по контуру). Шаг лаг 400 &ndash; 600 мм.</span></p>\r\n\r\n<p><span class="icon"><img src="/static/img/icon_sip.png" /></span> <span class="name">Наружные стены 2 этажа</span> <span class="info">СИП панели 174 мм, высотой 2.5 м. Состав панели: OSB 12 мм +ПСБ 25Ф 150 мм + OSB 12 мм. В замке: брус 95 х 145 мм. (еств. влажности )</span></p>\r\n\r\n<p><span class="name">Внутренние стены 2 этажа</span> <span class="info">Сип панели 174 мм ( Несущие ) и 124 мм ( Вспомогательные). Высотой 2.5 м. Состав панели: OSB 12 мм + ПСБ 25Ф 100-150 мм + OSB 12 мм. В замке: брус 95 х 95-145 мм ( еств.влажности.)</span></p>\r\n\r\n<p><span class="name">Чердачное перекрытие</span> <span class="info">Сип панели 174 мм. Состав панели: OSB 12 мм + ПСБ 25Ф 150 мм + OSB 12 мм. В замке: брус 95 х 145 мм ( еств.влажности ) . Шаг панелей 1250 мм.</span></p>\r\n\r\n<p><span class="name">Кровля</span> <span class="info">Металлочерепица &ndash; полиэстэр, толщина стали 0,5 мм. Комплектующие ( гидроизоляция, конек, карнизные и ветровые планки, саморезы и тд. )</span></p>\r\n\r\n<p><span class="icon"><img src="/static/img/icon_window.png" /></span> <span class="name">Окна</span> <span class="info">ПВХ &laquo;Штерн&raquo; 70-коробка. Двухкамерный стеклопакет, поворотно-откидные. Фурнитура- Roto. Подоконники, отливы, москитные сетки.</span></p>\r\n\r\n<p><span class="icon"><img src="/static/img/icon_door.png" /></span> <span class="name">Дверь входная</span> <span class="info">Металлическая. Производство-Россия. Утепленная, наружная отделка- молотковая эмаль, внутренняя- ламинация. Два замка, глазок, резиновый уплотнитель.</span></p>\r\n\r\n<p><span class="icon"><img src="/static/img/icon_balkon.png" /></span> <span class="name">Балкон, крыльцо, терраса.</span> <span class="info">Входит в стоимость</span></p>\r\n\r\n<p><span class="name">Монтаж, проект, бытовка для строителей</span> <span class="info">Входит в стоимость</span></p>	17	2	3	0
28	0	0	<p><span class="icon"><img src="/static/img/icon_fund.png" /></span> <span class="name">Фундамент</span> <span class="info">Свайно-винтовой, (черный металл) диаметром = 108 мм, длиной = 2.5м, закручиваемые спецтехникой с засыпкой песко-бетонной смесью.</span></p>\r\n\r\n<p><span class="name">Обвязочный брус</span> <span class="info">150 x 150 мм. Обработанный битумным праймером.</span></p>\r\n\r\n<p><span class="name">Цокольное перекрытие</span> <span class="info">СИП панели 174 мм, уложенные с шагом 625 мм. Состав панели: OSB 12 мм + ПСБ 25Ф 150 мм +OSB 12 мм. В замке: брус 95 х 145 мм. ( еств.влажности.) </span></p>\r\n\r\n<p><span class="icon"><img src="/static/img/icon_sip.png" /></span> <span class="name">Наружные стены 1 этажа</span> <span class="info">СИП панели 174 мм, высотой 2.5 м. Состав панели: OSB 12 мм +ПСБ 25Ф 150 мм +OSB 12 мм. В замке: брус 95 х 145 мм. ( еств. влажности.)</span></p>\r\n\r\n<p><span class="name">Внутренние стены 1 этажа</span> <span class="info">Внутренние стены - каркасно-обшивные, доска 50 х 150 мм. ( еств. влажности.) Шаг- 600мм, без обшивки.</span></p>\r\n\r\n<p><span class="name">Междуэтажное перекрытие</span> <span class="info">Брус 95 x195 мм ( еств. влажности ) с настилом OSB 22 мм. Утепление 200 мм (по контуру). Шаг лаг 400 &ndash; 600 мм.</span></p>\r\n\r\n<p><span class="icon"><img src="/static/img/icon_sip.png" /></span> <span class="name">Наружные стены 2 этажа</span> <span class="info">СИП панели 174 мм, высотой 2.5 м. Состав панели: OSB 12 мм +ПСБ 25Ф 150 мм + OSB 12 мм. В замке: брус 95 х 145 мм. (еств. влажности )</span></p>\r\n\r\n<p><span class="name">Внутренние стены 2 этажа</span> <span class="info">Внутренние стены - каркасно-обшивные, доска &ndash; 50 х 150 мм ( еств. влажности ) Шаг- 600 мм, без обшивки. Высотой 2.5 м.</span></p>\r\n\r\n<p><span class="name">Чердачное перекрытие</span> <span class="info">Доска 50 х 200 мм ( еств. влажности. ) Шаг лаг 400 &ndash; 600 мм. Утепление 200 мм.</span></p>\r\n\r\n<p><span class="name">Кровля</span> <span class="info">Металлочерепица &ndash; полиэстэр , толщина стали 0.5 мм. Комплектующие (гидроизоляция, конек, карнизные и ветровые планки, саморезы и др.)</span></p>\r\n\r\n<p><span class="icon"><img src="/static/img/icon_window.png" /></span> <span class="name">Окна</span> <span class="info">ПВХ &laquo;Штерн&raquo; 58-коробка.Двухкамерный стеклопакет, поворотно-откидные. Фурнитура- Roto.</span></p>\r\n\r\n<p><span class="icon"><img src="/static/img/icon_door.png" /></span> <span class="name">Дверь входная</span> <span class="info">Металлическая. Производство-Россия. Утепленная, наружная отделка- молотковая эмаль, внутренняя- ламинация. Два замка, глазок, резиновый уплотнитель.</span></p>\r\n\r\n<p><span class="icon"><img src="/static/img/icon_balkon.png" /></span> <span class="name">Балкон, крыльцо, терраса.</span> <span class="info">Входит в стоимость</span></p>	<p><span class="icon"><img src="/static/img/icon_fund.png" /></span> <span class="name">Фундамент</span> <span class="info">Свайно-винтовой, (черный металл) диаметром = 108 мм, длиной = 2.5м, закручиваемые спецтехникой с засыпкой песко-бетонной смесью.</span></p>\r\n\r\n<p><span class="name">Обвязочный брус</span> <span class="info">200 x 200 мм. ( Еств.влажности ). Обработанный битумным праймером.</span></p>\r\n\r\n<p><span class="name">Цокольное перекрытие</span> <span class="info">СИП панели 224 мм, уложенные с шагом 625 мм. Состав панели : OSB 12 мм + ПСБ 25Ф 200 мм +OSB 12 мм. В замке: брус 95 х 195 мм ( еств.влажности ) . Обработанный битумным праймером от земли.</span></p>\r\n\r\n<p><span class="icon"><img src="/static/img/icon_sip.png" /></span> <span class="name">Наружные стены 1 этажа</span> <span class="info">СИП панели 174 мм, высотой 2.8 м. Состав панели: OSB 12 мм + ПСБ 25Ф 150 мм +OSB 12 мм. В замке: брус 95 х 145 мм ( еств.влажности ).</span></p>\r\n\r\n<p><span class="name">Внутренние стены 1 этажа</span> <span class="info"> Сип панели 174 мм ( Несущие ) и 124 мм ( Вспомогательные ). Состав панели: OSB 12 мм + ПСБ 25Ф 100-150 мм + OSB 12 мм. В замке: брус 95 х 95-145 мм ( еств.влажности). Высотой 2.8 м.</span></p>\r\n\r\n<p><span class="name">Междуэтажное перекрытие</span> <span class="info">Брус 95 x195 мм ( еств. влажности ) с настилом OSB 22 мм. Утепление 200 мм (по контуру). Шаг лаг 400 &ndash; 600 мм.</span></p>\r\n\r\n<p><span class="icon"><img src="/static/img/icon_sip.png" /></span> <span class="name">Наружные стены 2 этажа</span> <span class="info">СИП панели 174 мм, высотой 2.5 м. Состав панели: OSB 12 мм +ПСБ 25Ф 150 мм + OSB 12 мм. В замке: брус 95 х 145 мм. (еств. влажности )</span></p>\r\n\r\n<p><span class="name">Внутренние стены 2 этажа</span> <span class="info">Сип панели 174 мм ( Несущие ) и 124 мм ( Вспомогательные). Высотой 2.5 м. Состав панели: OSB 12 мм + ПСБ 25Ф 100-150 мм + OSB 12 мм. В замке: брус 95 х 95-145 мм ( еств.влажности.)</span></p>\r\n\r\n<p><span class="name">Чердачное перекрытие</span> <span class="info">Сип панели 174 мм. Состав панели: OSB 12 мм + ПСБ 25Ф 150 мм + OSB 12 мм. В замке: брус 95 х 145 мм ( еств.влажности ) . Шаг панелей 1250 мм.</span></p>\r\n\r\n<p><span class="name">Кровля</span> <span class="info">Металлочерепица &ndash; полиэстэр, толщина стали 0,5 мм. Комплектующие ( гидроизоляция, конек, карнизные и ветровые планки, саморезы и тд. )</span></p>\r\n\r\n<p><span class="icon"><img src="/static/img/icon_window.png" /></span> <span class="name">Окна</span> <span class="info">ПВХ &laquo;Штерн&raquo; 70-коробка. Двухкамерный стеклопакет, поворотно-откидные. Фурнитура- Roto. Подоконники, отливы, москитные сетки.</span></p>\r\n\r\n<p><span class="icon"><img src="/static/img/icon_door.png" /></span> <span class="name">Дверь входная</span> <span class="info">Металлическая. Производство-Россия. Утепленная, наружная отделка- молотковая эмаль, внутренняя- ламинация. Два замка, глазок, резиновый уплотнитель.</span></p>\r\n\r\n<p><span class="icon"><img src="/static/img/icon_balkon.png" /></span> <span class="name">Балкон, крыльцо, терраса.</span> <span class="info">Входит в стоимость</span></p>\r\n\r\n<p><span class="name">Монтаж, проект, бытовка для строителей</span> <span class="info">Входит в стоимость</span></p>	18	2	3	0
29	0	0	<p><span class="icon"><img src="/static/img/icon_fund.png" /></span> <span class="name">Фундамент</span> <span class="info">Свайно-винтовой, (черный металл) диаметром = 108 мм, длиной = 2.5м, закручиваемые спецтехникой с засыпкой песко-бетонной смесью.</span></p>\r\n\r\n<p><span class="name">Обвязочный брус</span> <span class="info">150 x 150 мм. Обработанный битумным праймером.</span></p>\r\n\r\n<p><span class="name">Цокольное перекрытие</span> <span class="info">СИП панели 174 мм, уложенные с шагом 625 мм. Состав панели: OSB 12 мм + ПСБ 25Ф 150 мм +OSB 12 мм. В замке: брус 95 х 145 мм. ( еств.влажности.) </span></p>\r\n\r\n<p><span class="icon"><img src="/static/img/icon_sip.png" /></span> <span class="name">Наружные стены 1 этажа</span> <span class="info">СИП панели 174 мм, высотой 2.5 м. Состав панели: OSB 12 мм +ПСБ 25Ф 150 мм +OSB 12 мм. В замке: брус 95 х 145 мм. ( еств. влажности.)</span></p>\r\n\r\n<p><span class="name">Внутренние стены 1 этажа</span> <span class="info">Внутренние стены - каркасно-обшивные, доска 50 х 150 мм. ( еств. влажности.) Шаг- 600мм, без обшивки.</span></p>\r\n\r\n<p><span class="name">Междуэтажное перекрытие</span> <span class="info">Брус 95 x195 мм ( еств. влажности ) с настилом OSB 22 мм. Утепление 200 мм (по контуру). Шаг лаг 400 &ndash; 600 мм.</span></p>\r\n\r\n<p><span class="icon"><img src="/static/img/icon_sip.png" /></span> <span class="name">Наружные стены 2 этажа</span> <span class="info">СИП панели 174 мм, высотой 2.5 м. Состав панели: OSB 12 мм +ПСБ 25Ф 150 мм + OSB 12 мм. В замке: брус 95 х 145 мм. (еств. влажности )</span></p>\r\n\r\n<p><span class="name">Внутренние стены 2 этажа</span> <span class="info">Внутренние стены - каркасно-обшивные, доска &ndash; 50 х 150 мм ( еств. влажности ) Шаг- 600 мм, без обшивки. Высотой 2.5 м.</span></p>\r\n\r\n<p><span class="name">Чердачное перекрытие</span> <span class="info">Доска 50 х 200 мм ( еств. влажности. ) Шаг лаг 400 &ndash; 600 мм. Утепление 200 мм.</span></p>\r\n\r\n<p><span class="name">Кровля</span> <span class="info">Металлочерепица &ndash; полиэстэр , толщина стали 0.5 мм. Комплектующие (гидроизоляция, конек, карнизные и ветровые планки, саморезы и др.)</span></p>\r\n\r\n<p><span class="icon"><img src="/static/img/icon_window.png" /></span> <span class="name">Окна</span> <span class="info">ПВХ &laquo;Штерн&raquo; 58-коробка.Двухкамерный стеклопакет, поворотно-откидные. Фурнитура- Roto.</span></p>\r\n\r\n<p><span class="icon"><img src="/static/img/icon_door.png" /></span> <span class="name">Дверь входная</span> <span class="info">Металлическая. Производство-Россия. Утепленная, наружная отделка- молотковая эмаль, внутренняя- ламинация. Два замка, глазок, резиновый уплотнитель.</span></p>\r\n\r\n<p><span class="icon"><img src="/static/img/icon_balkon.png" /></span> <span class="name">Балкон, крыльцо, терраса.</span> <span class="info">Входит в стоимость</span></p>	<p><span class="icon"><img src="/static/img/icon_fund.png" /></span> <span class="name">Фундамент</span> <span class="info">Свайно-винтовой, (черный металл) диаметром = 108 мм, длиной = 2.5м, закручиваемые спецтехникой с засыпкой песко-бетонной смесью.</span></p>\r\n\r\n<p><span class="name">Обвязочный брус</span> <span class="info">200 x 200 мм. ( Еств.влажности ). Обработанный битумным праймером.</span></p>\r\n\r\n<p><span class="name">Цокольное перекрытие</span> <span class="info">СИП панели 224 мм, уложенные с шагом 625 мм. Состав панели : OSB 12 мм + ПСБ 25Ф 200 мм +OSB 12 мм. В замке: брус 95 х 195 мм ( еств.влажности ) . Обработанный битумным праймером от земли.</span></p>\r\n\r\n<p><span class="icon"><img src="/static/img/icon_sip.png" /></span> <span class="name">Наружные стены 1 этажа</span> <span class="info">СИП панели 174 мм, высотой 2.8 м. Состав панели: OSB 12 мм + ПСБ 25Ф 150 мм +OSB 12 мм. В замке: брус 95 х 145 мм ( еств.влажности ).</span></p>\r\n\r\n<p><span class="name">Внутренние стены 1 этажа</span> <span class="info"> Сип панели 174 мм ( Несущие ) и 124 мм ( Вспомогательные ). Состав панели: OSB 12 мм + ПСБ 25Ф 100-150 мм + OSB 12 мм. В замке: брус 95 х 95-145 мм ( еств.влажности). Высотой 2.8 м.</span></p>\r\n\r\n<p><span class="name">Междуэтажное перекрытие</span> <span class="info">Брус 95 x195 мм ( еств. влажности ) с настилом OSB 22 мм. Утепление 200 мм (по контуру). Шаг лаг 400 &ndash; 600 мм.</span></p>\r\n\r\n<p><span class="icon"><img src="/static/img/icon_sip.png" /></span> <span class="name">Наружные стены 2 этажа</span> <span class="info">СИП панели 174 мм, высотой 2.5 м. Состав панели: OSB 12 мм +ПСБ 25Ф 150 мм + OSB 12 мм. В замке: брус 95 х 145 мм. (еств. влажности )</span></p>\r\n\r\n<p><span class="name">Внутренние стены 2 этажа</span> <span class="info">Сип панели 174 мм ( Несущие ) и 124 мм ( Вспомогательные). Высотой 2.5 м. Состав панели: OSB 12 мм + ПСБ 25Ф 100-150 мм + OSB 12 мм. В замке: брус 95 х 95-145 мм ( еств.влажности.)</span></p>\r\n\r\n<p><span class="name">Чердачное перекрытие</span> <span class="info">Сип панели 174 мм. Состав панели: OSB 12 мм + ПСБ 25Ф 150 мм + OSB 12 мм. В замке: брус 95 х 145 мм ( еств.влажности ) . Шаг панелей 1250 мм.</span></p>\r\n\r\n<p><span class="name">Кровля</span> <span class="info">Металлочерепица &ndash; полиэстэр, толщина стали 0,5 мм. Комплектующие ( гидроизоляция, конек, карнизные и ветровые планки, саморезы и тд. )</span></p>\r\n\r\n<p><span class="icon"><img src="/static/img/icon_window.png" /></span> <span class="name">Окна</span> <span class="info">ПВХ &laquo;Штерн&raquo; 70-коробка. Двухкамерный стеклопакет, поворотно-откидные. Фурнитура- Roto. Подоконники, отливы, москитные сетки.</span></p>\r\n\r\n<p><span class="icon"><img src="/static/img/icon_door.png" /></span> <span class="name">Дверь входная</span> <span class="info">Металлическая. Производство-Россия. Утепленная, наружная отделка- молотковая эмаль, внутренняя- ламинация. Два замка, глазок, резиновый уплотнитель.</span></p>\r\n\r\n<p><span class="icon"><img src="/static/img/icon_balkon.png" /></span> <span class="name">Балкон, крыльцо, терраса.</span> <span class="info">Входит в стоимость</span></p>\r\n\r\n<p><span class="name">Монтаж, проект, бытовка для строителей</span> <span class="info">Входит в стоимость</span></p>	19	2	3	0
30	0	0	<p><span class="icon"><img src="/static/img/icon_fund.png" /></span> <span class="name">Фундамент</span> <span class="info">Свайно-винтовой, (черный металл) диаметром = 108 мм, длиной = 2.5м, закручиваемые спецтехникой с засыпкой песко-бетонной смесью.</span></p>\r\n\r\n<p><span class="name">Обвязочный брус</span> <span class="info">150 x 150 мм. Обработанный битумным праймером.</span></p>\r\n\r\n<p><span class="name">Цокольное перекрытие</span> <span class="info">СИП панели 174 мм, уложенные с шагом 625 мм. Состав панели: OSB 12 мм + ПСБ 25Ф 150 мм +OSB 12 мм. В замке: брус 95 х 145 мм. ( еств.влажности.) </span></p>\r\n\r\n<p><span class="icon"><img src="/static/img/icon_sip.png" /></span> <span class="name">Наружные стены 1 этажа</span> <span class="info">СИП панели 174 мм, высотой 2.5 м. Состав панели: OSB 12 мм +ПСБ 25Ф 150 мм +OSB 12 мм. В замке: брус 95 х 145 мм. ( еств. влажности.)</span></p>\r\n\r\n<p><span class="name">Внутренние стены 1 этажа</span> <span class="info">Внутренние стены - каркасно-обшивные, доска 50 х 150 мм. ( еств. влажности.) Шаг- 600мм, без обшивки.</span></p>\r\n\r\n<p><span class="name">Междуэтажное перекрытие</span> <span class="info">Брус 95 x195 мм ( еств. влажности ) с настилом OSB 22 мм. Утепление 200 мм (по контуру). Шаг лаг 400 &ndash; 600 мм.</span></p>\r\n\r\n<p><span class="icon"><img src="/static/img/icon_sip.png" /></span> <span class="name">Наружные стены 2 этажа</span> <span class="info">СИП панели 174 мм, высотой 2.5 м. Состав панели: OSB 12 мм +ПСБ 25Ф 150 мм + OSB 12 мм. В замке: брус 95 х 145 мм. (еств. влажности )</span></p>\r\n\r\n<p><span class="name">Внутренние стены 2 этажа</span> <span class="info">Внутренние стены - каркасно-обшивные, доска &ndash; 50 х 150 мм ( еств. влажности ) Шаг- 600 мм, без обшивки. Высотой 2.5 м.</span></p>\r\n\r\n<p><span class="name">Чердачное перекрытие</span> <span class="info">Доска 50 х 200 мм ( еств. влажности. ) Шаг лаг 400 &ndash; 600 мм. Утепление 200 мм.</span></p>\r\n\r\n<p><span class="name">Кровля</span> <span class="info">Металлочерепица &ndash; полиэстэр , толщина стали 0.5 мм. Комплектующие (гидроизоляция, конек, карнизные и ветровые планки, саморезы и др.)</span></p>\r\n\r\n<p><span class="icon"><img src="/static/img/icon_window.png" /></span> <span class="name">Окна</span> <span class="info">ПВХ &laquo;Штерн&raquo; 58-коробка.Двухкамерный стеклопакет, поворотно-откидные. Фурнитура- Roto.</span></p>\r\n\r\n<p><span class="icon"><img src="/static/img/icon_door.png" /></span> <span class="name">Дверь входная</span> <span class="info">Металлическая. Производство-Россия. Утепленная, наружная отделка- молотковая эмаль, внутренняя- ламинация. Два замка, глазок, резиновый уплотнитель.</span></p>\r\n\r\n<p><span class="icon"><img src="/static/img/icon_balkon.png" /></span> <span class="name">Балкон, крыльцо, терраса.</span> <span class="info">Входит в стоимость</span></p>	<p><span class="icon"><img src="/static/img/icon_fund.png" /></span> <span class="name">Фундамент</span> <span class="info">Свайно-винтовой, (черный металл) диаметром = 108 мм, длиной = 2.5м, закручиваемые спецтехникой с засыпкой песко-бетонной смесью.</span></p>\r\n\r\n<p><span class="name">Обвязочный брус</span> <span class="info">200 x 200 мм. ( Еств.влажности ). Обработанный битумным праймером.</span></p>\r\n\r\n<p><span class="name">Цокольное перекрытие</span> <span class="info">СИП панели 224 мм, уложенные с шагом 625 мм. Состав панели : OSB 12 мм + ПСБ 25Ф 200 мм +OSB 12 мм. В замке: брус 95 х 195 мм ( еств.влажности ) . Обработанный битумным праймером от земли.</span></p>\r\n\r\n<p><span class="icon"><img src="/static/img/icon_sip.png" /></span> <span class="name">Наружные стены 1 этажа</span> <span class="info">СИП панели 174 мм, высотой 2.8 м. Состав панели: OSB 12 мм + ПСБ 25Ф 150 мм +OSB 12 мм. В замке: брус 95 х 145 мм ( еств.влажности ).</span></p>\r\n\r\n<p><span class="name">Внутренние стены 1 этажа</span> <span class="info"> Сип панели 174 мм ( Несущие ) и 124 мм ( Вспомогательные ). Состав панели: OSB 12 мм + ПСБ 25Ф 100-150 мм + OSB 12 мм. В замке: брус 95 х 95-145 мм ( еств.влажности). Высотой 2.8 м.</span></p>\r\n\r\n<p><span class="name">Междуэтажное перекрытие</span> <span class="info">Брус 95 x195 мм ( еств. влажности ) с настилом OSB 22 мм. Утепление 200 мм (по контуру). Шаг лаг 400 &ndash; 600 мм.</span></p>\r\n\r\n<p><span class="icon"><img src="/static/img/icon_sip.png" /></span> <span class="name">Наружные стены 2 этажа</span> <span class="info">СИП панели 174 мм, высотой 2.5 м. Состав панели: OSB 12 мм +ПСБ 25Ф 150 мм + OSB 12 мм. В замке: брус 95 х 145 мм. (еств. влажности )</span></p>\r\n\r\n<p><span class="name">Внутренние стены 2 этажа</span> <span class="info">Сип панели 174 мм ( Несущие ) и 124 мм ( Вспомогательные). Высотой 2.5 м. Состав панели: OSB 12 мм + ПСБ 25Ф 100-150 мм + OSB 12 мм. В замке: брус 95 х 95-145 мм ( еств.влажности.)</span></p>\r\n\r\n<p><span class="name">Чердачное перекрытие</span> <span class="info">Сип панели 174 мм. Состав панели: OSB 12 мм + ПСБ 25Ф 150 мм + OSB 12 мм. В замке: брус 95 х 145 мм ( еств.влажности ) . Шаг панелей 1250 мм.</span></p>\r\n\r\n<p><span class="name">Кровля</span> <span class="info">Металлочерепица &ndash; полиэстэр, толщина стали 0,5 мм. Комплектующие ( гидроизоляция, конек, карнизные и ветровые планки, саморезы и тд. )</span></p>\r\n\r\n<p><span class="icon"><img src="/static/img/icon_window.png" /></span> <span class="name">Окна</span> <span class="info">ПВХ &laquo;Штерн&raquo; 70-коробка. Двухкамерный стеклопакет, поворотно-откидные. Фурнитура- Roto. Подоконники, отливы, москитные сетки.</span></p>\r\n\r\n<p><span class="icon"><img src="/static/img/icon_door.png" /></span> <span class="name">Дверь входная</span> <span class="info">Металлическая. Производство-Россия. Утепленная, наружная отделка- молотковая эмаль, внутренняя- ламинация. Два замка, глазок, резиновый уплотнитель.</span></p>\r\n\r\n<p><span class="icon"><img src="/static/img/icon_balkon.png" /></span> <span class="name">Балкон, крыльцо, терраса.</span> <span class="info">Входит в стоимость</span></p>\r\n\r\n<p><span class="name">Монтаж, проект, бытовка для строителей</span> <span class="info">Входит в стоимость</span></p>	20	2	3	0
31	0	0	<p><span class="icon"><img src="/static/img/icon_fund.png" /></span> <span class="name">Фундамент</span> <span class="info">Свайно-винтовой, (черный металл) диаметром = 108 мм, длиной = 2.5м, закручиваемые спецтехникой с засыпкой песко-бетонной смесью.</span></p>\r\n\r\n<p><span class="name">Обвязочный брус</span> <span class="info">150 x 150 мм. Обработанный битумным праймером.</span></p>\r\n\r\n<p><span class="name">Цокольное перекрытие</span> <span class="info">СИП панели 174 мм, уложенные с шагом 625 мм. Состав панели: OSB 12 мм + ПСБ 25Ф 150 мм +OSB 12 мм. В замке: брус 95 х 145 мм. ( еств.влажности.) </span></p>\r\n\r\n<p><span class="icon"><img src="/static/img/icon_sip.png" /></span> <span class="name">Наружные стены 1 этажа</span> <span class="info">СИП панели 174 мм, высотой 2.5 м. Состав панели: OSB 12 мм +ПСБ 25Ф 150 мм +OSB 12 мм. В замке: брус 95 х 145 мм. ( еств. влажности.)</span></p>\r\n\r\n<p><span class="name">Внутренние стены 1 этажа</span> <span class="info">Внутренние стены - каркасно-обшивные, доска 50 х 150 мм. ( еств. влажности.) Шаг- 600мм, без обшивки.</span></p>\r\n\r\n<p><span class="name">Междуэтажное перекрытие</span> <span class="info">Брус 95 x195 мм ( еств. влажности ) с настилом OSB 22 мм. Утепление 200 мм (по контуру). Шаг лаг 400 &ndash; 600 мм.</span></p>\r\n\r\n<p><span class="icon"><img src="/static/img/icon_sip.png" /></span> <span class="name">Наружные стены 2 этажа</span> <span class="info">СИП панели 174 мм, высотой 2.5 м. Состав панели: OSB 12 мм +ПСБ 25Ф 150 мм + OSB 12 мм. В замке: брус 95 х 145 мм. (еств. влажности )</span></p>\r\n\r\n<p><span class="name">Внутренние стены 2 этажа</span> <span class="info">Внутренние стены - каркасно-обшивные, доска &ndash; 50 х 150 мм ( еств. влажности ) Шаг- 600 мм, без обшивки. Высотой 2.5 м.</span></p>\r\n\r\n<p><span class="name">Чердачное перекрытие</span> <span class="info">Доска 50 х 200 мм ( еств. влажности. ) Шаг лаг 400 &ndash; 600 мм. Утепление 200 мм.</span></p>\r\n\r\n<p><span class="name">Кровля</span> <span class="info">Металлочерепица &ndash; полиэстэр , толщина стали 0.5 мм. Комплектующие (гидроизоляция, конек, карнизные и ветровые планки, саморезы и др.)</span></p>\r\n\r\n<p><span class="icon"><img src="/static/img/icon_window.png" /></span> <span class="name">Окна</span> <span class="info">ПВХ &laquo;Штерн&raquo; 58-коробка.Двухкамерный стеклопакет, поворотно-откидные. Фурнитура- Roto.</span></p>\r\n\r\n<p><span class="icon"><img src="/static/img/icon_door.png" /></span> <span class="name">Дверь входная</span> <span class="info">Металлическая. Производство-Россия. Утепленная, наружная отделка- молотковая эмаль, внутренняя- ламинация. Два замка, глазок, резиновый уплотнитель.</span></p>\r\n\r\n<p><span class="icon"><img src="/static/img/icon_balkon.png" /></span> <span class="name">Балкон, крыльцо, терраса.</span> <span class="info">Входит в стоимость</span></p>	<p><span class="icon"><img src="/static/img/icon_fund.png" /></span> <span class="name">Фундамент</span> <span class="info">Свайно-винтовой, (черный металл) диаметром = 108 мм, длиной = 2.5м, закручиваемые спецтехникой с засыпкой песко-бетонной смесью.</span></p>\r\n\r\n<p><span class="name">Обвязочный брус</span> <span class="info">200 x 200 мм. ( Еств.влажности ). Обработанный битумным праймером.</span></p>\r\n\r\n<p><span class="name">Цокольное перекрытие</span> <span class="info">СИП панели 224 мм, уложенные с шагом 625 мм. Состав панели : OSB 12 мм + ПСБ 25Ф 200 мм +OSB 12 мм. В замке: брус 95 х 195 мм ( еств.влажности ) . Обработанный битумным праймером от земли.</span></p>\r\n\r\n<p><span class="icon"><img src="/static/img/icon_sip.png" /></span> <span class="name">Наружные стены 1 этажа</span> <span class="info">СИП панели 174 мм, высотой 2.8 м. Состав панели: OSB 12 мм + ПСБ 25Ф 150 мм +OSB 12 мм. В замке: брус 95 х 145 мм ( еств.влажности ).</span></p>\r\n\r\n<p><span class="name">Внутренние стены 1 этажа</span> <span class="info"> Сип панели 174 мм ( Несущие ) и 124 мм ( Вспомогательные ). Состав панели: OSB 12 мм + ПСБ 25Ф 100-150 мм + OSB 12 мм. В замке: брус 95 х 95-145 мм ( еств.влажности). Высотой 2.8 м.</span></p>\r\n\r\n<p><span class="name">Междуэтажное перекрытие</span> <span class="info">Брус 95 x195 мм ( еств. влажности ) с настилом OSB 22 мм. Утепление 200 мм (по контуру). Шаг лаг 400 &ndash; 600 мм.</span></p>\r\n\r\n<p><span class="icon"><img src="/static/img/icon_sip.png" /></span> <span class="name">Наружные стены 2 этажа</span> <span class="info">СИП панели 174 мм, высотой 2.5 м. Состав панели: OSB 12 мм +ПСБ 25Ф 150 мм + OSB 12 мм. В замке: брус 95 х 145 мм. (еств. влажности )</span></p>\r\n\r\n<p><span class="name">Внутренние стены 2 этажа</span> <span class="info">Сип панели 174 мм ( Несущие ) и 124 мм ( Вспомогательные). Высотой 2.5 м. Состав панели: OSB 12 мм + ПСБ 25Ф 100-150 мм + OSB 12 мм. В замке: брус 95 х 95-145 мм ( еств.влажности.)</span></p>\r\n\r\n<p><span class="name">Чердачное перекрытие</span> <span class="info">Сип панели 174 мм. Состав панели: OSB 12 мм + ПСБ 25Ф 150 мм + OSB 12 мм. В замке: брус 95 х 145 мм ( еств.влажности ) . Шаг панелей 1250 мм.</span></p>\r\n\r\n<p><span class="name">Кровля</span> <span class="info">Металлочерепица &ndash; полиэстэр, толщина стали 0,5 мм. Комплектующие ( гидроизоляция, конек, карнизные и ветровые планки, саморезы и тд. )</span></p>\r\n\r\n<p><span class="icon"><img src="/static/img/icon_window.png" /></span> <span class="name">Окна</span> <span class="info">ПВХ &laquo;Штерн&raquo; 70-коробка. Двухкамерный стеклопакет, поворотно-откидные. Фурнитура- Roto. Подоконники, отливы, москитные сетки.</span></p>\r\n\r\n<p><span class="icon"><img src="/static/img/icon_door.png" /></span> <span class="name">Дверь входная</span> <span class="info">Металлическая. Производство-Россия. Утепленная, наружная отделка- молотковая эмаль, внутренняя- ламинация. Два замка, глазок, резиновый уплотнитель.</span></p>\r\n\r\n<p><span class="icon"><img src="/static/img/icon_balkon.png" /></span> <span class="name">Балкон, крыльцо, терраса.</span> <span class="info">Входит в стоимость</span></p>\r\n\r\n<p><span class="name">Монтаж, проект, бытовка для строителей</span> <span class="info">Входит в стоимость</span></p>	21	2	3	0
32	0	0	<p><span class="icon"><img src="/static/img/icon_fund.png" /></span> <span class="name">Фундамент</span> <span class="info">Свайно-винтовой, (черный металл) диаметром = 108 мм, длиной = 2.5м, закручиваемые спецтехникой с засыпкой песко-бетонной смесью.</span></p>\r\n\r\n<p><span class="name">Обвязочный брус</span> <span class="info">150 x 150 мм. Обработанный битумным праймером.</span></p>\r\n\r\n<p><span class="name">Цокольное перекрытие</span> <span class="info">СИП панели 174 мм, уложенные с шагом 625 мм. Состав панели: OSB 12 мм + ПСБ 25Ф 150 мм +OSB 12 мм. В замке: брус 95 х 145 мм. ( еств.влажности.) </span></p>\r\n\r\n<p><span class="icon"><img src="/static/img/icon_sip.png" /></span> <span class="name">Наружные стены 1 этажа</span> <span class="info">СИП панели 174 мм, высотой 2.5 м. Состав панели: OSB 12 мм +ПСБ 25Ф 150 мм +OSB 12 мм. В замке: брус 95 х 145 мм. ( еств. влажности.)</span></p>\r\n\r\n<p><span class="name">Внутренние стены 1 этажа</span> <span class="info">Внутренние стены - каркасно-обшивные, доска 50 х 150 мм. ( еств. влажности.) Шаг- 600мм, без обшивки.</span></p>\r\n\r\n<p><span class="name">Междуэтажное перекрытие</span> <span class="info">Брус 95 x195 мм ( еств. влажности ) с настилом OSB 22 мм. Утепление 200 мм (по контуру). Шаг лаг 400 &ndash; 600 мм.</span></p>\r\n\r\n<p><span class="icon"><img src="/static/img/icon_sip.png" /></span> <span class="name">Наружные стены 2 этажа</span> <span class="info">СИП панели 174 мм, высотой 2.5 м. Состав панели: OSB 12 мм +ПСБ 25Ф 150 мм + OSB 12 мм. В замке: брус 95 х 145 мм. (еств. влажности )</span></p>\r\n\r\n<p><span class="name">Внутренние стены 2 этажа</span> <span class="info">Внутренние стены - каркасно-обшивные, доска &ndash; 50 х 150 мм ( еств. влажности ) Шаг- 600 мм, без обшивки. Высотой 2.5 м.</span></p>\r\n\r\n<p><span class="name">Чердачное перекрытие</span> <span class="info">Доска 50 х 200 мм ( еств. влажности. ) Шаг лаг 400 &ndash; 600 мм. Утепление 200 мм.</span></p>\r\n\r\n<p><span class="name">Кровля</span> <span class="info">Металлочерепица &ndash; полиэстэр , толщина стали 0.5 мм. Комплектующие (гидроизоляция, конек, карнизные и ветровые планки, саморезы и др.)</span></p>\r\n\r\n<p><span class="icon"><img src="/static/img/icon_window.png" /></span> <span class="name">Окна</span> <span class="info">ПВХ &laquo;Штерн&raquo; 58-коробка.Двухкамерный стеклопакет, поворотно-откидные. Фурнитура- Roto.</span></p>\r\n\r\n<p><span class="icon"><img src="/static/img/icon_door.png" /></span> <span class="name">Дверь входная</span> <span class="info">Металлическая. Производство-Россия. Утепленная, наружная отделка- молотковая эмаль, внутренняя- ламинация. Два замка, глазок, резиновый уплотнитель.</span></p>\r\n\r\n<p><span class="icon"><img src="/static/img/icon_balkon.png" /></span> <span class="name">Балкон, крыльцо, терраса.</span> <span class="info">Входит в стоимость</span></p>	<p><span class="icon"><img src="/static/img/icon_fund.png" /></span> <span class="name">Фундамент</span> <span class="info">Свайно-винтовой, (черный металл) диаметром = 108 мм, длиной = 2.5м, закручиваемые спецтехникой с засыпкой песко-бетонной смесью.</span></p>\r\n\r\n<p><span class="name">Обвязочный брус</span> <span class="info">200 x 200 мм. ( Еств.влажности ). Обработанный битумным праймером.</span></p>\r\n\r\n<p><span class="name">Цокольное перекрытие</span> <span class="info">СИП панели 224 мм, уложенные с шагом 625 мм. Состав панели : OSB 12 мм + ПСБ 25Ф 200 мм +OSB 12 мм. В замке: брус 95 х 195 мм ( еств.влажности ) . Обработанный битумным праймером от земли.</span></p>\r\n\r\n<p><span class="icon"><img src="/static/img/icon_sip.png" /></span> <span class="name">Наружные стены 1 этажа</span> <span class="info">СИП панели 174 мм, высотой 2.8 м. Состав панели: OSB 12 мм + ПСБ 25Ф 150 мм +OSB 12 мм. В замке: брус 95 х 145 мм ( еств.влажности ).</span></p>\r\n\r\n<p><span class="name">Внутренние стены 1 этажа</span> <span class="info"> Сип панели 174 мм ( Несущие ) и 124 мм ( Вспомогательные ). Состав панели: OSB 12 мм + ПСБ 25Ф 100-150 мм + OSB 12 мм. В замке: брус 95 х 95-145 мм ( еств.влажности). Высотой 2.8 м.</span></p>\r\n\r\n<p><span class="name">Междуэтажное перекрытие</span> <span class="info">Брус 95 x195 мм ( еств. влажности ) с настилом OSB 22 мм. Утепление 200 мм (по контуру). Шаг лаг 400 &ndash; 600 мм.</span></p>\r\n\r\n<p><span class="icon"><img src="/static/img/icon_sip.png" /></span> <span class="name">Наружные стены 2 этажа</span> <span class="info">СИП панели 174 мм, высотой 2.5 м. Состав панели: OSB 12 мм +ПСБ 25Ф 150 мм + OSB 12 мм. В замке: брус 95 х 145 мм. (еств. влажности )</span></p>\r\n\r\n<p><span class="name">Внутренние стены 2 этажа</span> <span class="info">Сип панели 174 мм ( Несущие ) и 124 мм ( Вспомогательные). Высотой 2.5 м. Состав панели: OSB 12 мм + ПСБ 25Ф 100-150 мм + OSB 12 мм. В замке: брус 95 х 95-145 мм ( еств.влажности.)</span></p>\r\n\r\n<p><span class="name">Чердачное перекрытие</span> <span class="info">Сип панели 174 мм. Состав панели: OSB 12 мм + ПСБ 25Ф 150 мм + OSB 12 мм. В замке: брус 95 х 145 мм ( еств.влажности ) . Шаг панелей 1250 мм.</span></p>\r\n\r\n<p><span class="name">Кровля</span> <span class="info">Металлочерепица &ndash; полиэстэр, толщина стали 0,5 мм. Комплектующие ( гидроизоляция, конек, карнизные и ветровые планки, саморезы и тд. )</span></p>\r\n\r\n<p><span class="icon"><img src="/static/img/icon_window.png" /></span> <span class="name">Окна</span> <span class="info">ПВХ &laquo;Штерн&raquo; 70-коробка. Двухкамерный стеклопакет, поворотно-откидные. Фурнитура- Roto. Подоконники, отливы, москитные сетки.</span></p>\r\n\r\n<p><span class="icon"><img src="/static/img/icon_door.png" /></span> <span class="name">Дверь входная</span> <span class="info">Металлическая. Производство-Россия. Утепленная, наружная отделка- молотковая эмаль, внутренняя- ламинация. Два замка, глазок, резиновый уплотнитель.</span></p>\r\n\r\n<p><span class="icon"><img src="/static/img/icon_balkon.png" /></span> <span class="name">Балкон, крыльцо, терраса.</span> <span class="info">Входит в стоимость</span></p>\r\n\r\n<p><span class="name">Монтаж, проект, бытовка для строителей</span> <span class="info">Входит в стоимость</span></p>	22	2	3	0
33	0	0	<p><span class="icon"><img src="/static/img/icon_fund.png" /></span> <span class="name">Фундамент</span> <span class="info">Свайно-винтовой, (черный металл) диаметром = 108 мм, длиной = 2.5м, закручиваемые спецтехникой с засыпкой песко-бетонной смесью.</span></p>\r\n\r\n<p><span class="name">Обвязочный брус</span> <span class="info">150 x 150 мм. Обработанный битумным праймером.</span></p>\r\n\r\n<p><span class="name">Цокольное перекрытие</span> <span class="info">СИП панели 174 мм, уложенные с шагом 625 мм. Состав панели: OSB 12 мм + ПСБ 25Ф 150 мм +OSB 12 мм. В замке: брус 95 х 145 мм. ( еств.влажности.) </span></p>\r\n\r\n<p><span class="icon"><img src="/static/img/icon_sip.png" /></span> <span class="name">Наружные стены 1 этажа</span> <span class="info">СИП панели 174 мм, высотой 2.5 м. Состав панели: OSB 12 мм +ПСБ 25Ф 150 мм +OSB 12 мм. В замке: брус 95 х 145 мм. ( еств. влажности.)</span></p>\r\n\r\n<p><span class="name">Внутренние стены 1 этажа</span> <span class="info">Внутренние стены - каркасно-обшивные, доска 50 х 150 мм. ( еств. влажности.) Шаг- 600мм, без обшивки.</span></p>\r\n\r\n<p><span class="name">Междуэтажное перекрытие</span> <span class="info">Брус 95 x195 мм ( еств. влажности ) с настилом OSB 22 мм. Утепление 200 мм (по контуру). Шаг лаг 400 &ndash; 600 мм.</span></p>\r\n\r\n<p><span class="icon"><img src="/static/img/icon_sip.png" /></span> <span class="name">Наружные стены 2 этажа</span> <span class="info">СИП панели 174 мм, высотой 2.5 м. Состав панели: OSB 12 мм +ПСБ 25Ф 150 мм + OSB 12 мм. В замке: брус 95 х 145 мм. (еств. влажности )</span></p>\r\n\r\n<p><span class="name">Внутренние стены 2 этажа</span> <span class="info">Внутренние стены - каркасно-обшивные, доска &ndash; 50 х 150 мм ( еств. влажности ) Шаг- 600 мм, без обшивки. Высотой 2.5 м.</span></p>\r\n\r\n<p><span class="name">Чердачное перекрытие</span> <span class="info">Доска 50 х 200 мм ( еств. влажности. ) Шаг лаг 400 &ndash; 600 мм. Утепление 200 мм.</span></p>\r\n\r\n<p><span class="name">Кровля</span> <span class="info">Металлочерепица &ndash; полиэстэр , толщина стали 0.5 мм. Комплектующие (гидроизоляция, конек, карнизные и ветровые планки, саморезы и др.)</span></p>\r\n\r\n<p><span class="icon"><img src="/static/img/icon_window.png" /></span> <span class="name">Окна</span> <span class="info">ПВХ &laquo;Штерн&raquo; 58-коробка.Двухкамерный стеклопакет, поворотно-откидные. Фурнитура- Roto.</span></p>\r\n\r\n<p><span class="icon"><img src="/static/img/icon_door.png" /></span> <span class="name">Дверь входная</span> <span class="info">Металлическая. Производство-Россия. Утепленная, наружная отделка- молотковая эмаль, внутренняя- ламинация. Два замка, глазок, резиновый уплотнитель.</span></p>\r\n\r\n<p><span class="icon"><img src="/static/img/icon_balkon.png" /></span> <span class="name">Балкон, крыльцо, терраса.</span> <span class="info">Входит в стоимость</span></p>	<p><span class="icon"><img src="/static/img/icon_fund.png" /></span> <span class="name">Фундамент</span> <span class="info">Свайно-винтовой, (черный металл) диаметром = 108 мм, длиной = 2.5м, закручиваемые спецтехникой с засыпкой песко-бетонной смесью.</span></p>\r\n\r\n<p><span class="name">Обвязочный брус</span> <span class="info">200 x 200 мм. ( Еств.влажности ). Обработанный битумным праймером.</span></p>\r\n\r\n<p><span class="name">Цокольное перекрытие</span> <span class="info">СИП панели 224 мм, уложенные с шагом 625 мм. Состав панели : OSB 12 мм + ПСБ 25Ф 200 мм +OSB 12 мм. В замке: брус 95 х 195 мм ( еств.влажности ) . Обработанный битумным праймером от земли.</span></p>\r\n\r\n<p><span class="icon"><img src="/static/img/icon_sip.png" /></span> <span class="name">Наружные стены 1 этажа</span> <span class="info">СИП панели 174 мм, высотой 2.8 м. Состав панели: OSB 12 мм + ПСБ 25Ф 150 мм +OSB 12 мм. В замке: брус 95 х 145 мм ( еств.влажности ).</span></p>\r\n\r\n<p><span class="name">Внутренние стены 1 этажа</span> <span class="info"> Сип панели 174 мм ( Несущие ) и 124 мм ( Вспомогательные ). Состав панели: OSB 12 мм + ПСБ 25Ф 100-150 мм + OSB 12 мм. В замке: брус 95 х 95-145 мм ( еств.влажности). Высотой 2.8 м.</span></p>\r\n\r\n<p><span class="name">Междуэтажное перекрытие</span> <span class="info">Брус 95 x195 мм ( еств. влажности ) с настилом OSB 22 мм. Утепление 200 мм (по контуру). Шаг лаг 400 &ndash; 600 мм.</span></p>\r\n\r\n<p><span class="icon"><img src="/static/img/icon_sip.png" /></span> <span class="name">Наружные стены 2 этажа</span> <span class="info">СИП панели 174 мм, высотой 2.5 м. Состав панели: OSB 12 мм +ПСБ 25Ф 150 мм + OSB 12 мм. В замке: брус 95 х 145 мм. (еств. влажности )</span></p>\r\n\r\n<p><span class="name">Внутренние стены 2 этажа</span> <span class="info">Сип панели 174 мм ( Несущие ) и 124 мм ( Вспомогательные). Высотой 2.5 м. Состав панели: OSB 12 мм + ПСБ 25Ф 100-150 мм + OSB 12 мм. В замке: брус 95 х 95-145 мм ( еств.влажности.)</span></p>\r\n\r\n<p><span class="name">Чердачное перекрытие</span> <span class="info">Сип панели 174 мм. Состав панели: OSB 12 мм + ПСБ 25Ф 150 мм + OSB 12 мм. В замке: брус 95 х 145 мм ( еств.влажности ) . Шаг панелей 1250 мм.</span></p>\r\n\r\n<p><span class="name">Кровля</span> <span class="info">Металлочерепица &ndash; полиэстэр, толщина стали 0,5 мм. Комплектующие ( гидроизоляция, конек, карнизные и ветровые планки, саморезы и тд. )</span></p>\r\n\r\n<p><span class="icon"><img src="/static/img/icon_window.png" /></span> <span class="name">Окна</span> <span class="info">ПВХ &laquo;Штерн&raquo; 70-коробка. Двухкамерный стеклопакет, поворотно-откидные. Фурнитура- Roto. Подоконники, отливы, москитные сетки.</span></p>\r\n\r\n<p><span class="icon"><img src="/static/img/icon_door.png" /></span> <span class="name">Дверь входная</span> <span class="info">Металлическая. Производство-Россия. Утепленная, наружная отделка- молотковая эмаль, внутренняя- ламинация. Два замка, глазок, резиновый уплотнитель.</span></p>\r\n\r\n<p><span class="icon"><img src="/static/img/icon_balkon.png" /></span> <span class="name">Балкон, крыльцо, терраса.</span> <span class="info">Входит в стоимость</span></p>\r\n\r\n<p><span class="name">Монтаж, проект, бытовка для строителей</span> <span class="info">Входит в стоимость</span></p>	23	2	3	0
34	0	0	<p><span class="icon"><img src="/static/img/icon_fund.png" /></span> <span class="name">Фундамент</span> <span class="info">Свайно-винтовой, (черный металл) диаметром = 108 мм, длиной = 2.5м, закручиваемые спецтехникой с засыпкой песко-бетонной смесью.</span></p>\r\n\r\n<p><span class="name">Обвязочный брус</span> <span class="info">150 x 150 мм. Обработанный битумным праймером.</span></p>\r\n\r\n<p><span class="name">Цокольное перекрытие</span> <span class="info">СИП панели 174 мм, уложенные с шагом 625 мм. Состав панели: OSB 12 мм + ПСБ 25Ф 150 мм +OSB 12 мм. В замке: брус 95 х 145 мм. ( еств.влажности.) </span></p>\r\n\r\n<p><span class="icon"><img src="/static/img/icon_sip.png" /></span> <span class="name">Наружные стены 1 этажа</span> <span class="info">СИП панели 174 мм, высотой 2.5 м. Состав панели: OSB 12 мм +ПСБ 25Ф 150 мм +OSB 12 мм. В замке: брус 95 х 145 мм. ( еств. влажности.)</span></p>\r\n\r\n<p><span class="name">Внутренние стены 1 этажа</span> <span class="info">Внутренние стены - каркасно-обшивные, доска 50 х 150 мм. ( еств. влажности.) Шаг- 600мм, без обшивки.</span></p>\r\n\r\n<p><span class="name">Междуэтажное перекрытие</span> <span class="info">Брус 95 x195 мм ( еств. влажности ) с настилом OSB 22 мм. Утепление 200 мм (по контуру). Шаг лаг 400 &ndash; 600 мм.</span></p>\r\n\r\n<p><span class="icon"><img src="/static/img/icon_sip.png" /></span> <span class="name">Наружные стены 2 этажа</span> <span class="info">СИП панели 174 мм, высотой 2.5 м. Состав панели: OSB 12 мм +ПСБ 25Ф 150 мм + OSB 12 мм. В замке: брус 95 х 145 мм. (еств. влажности )</span></p>\r\n\r\n<p><span class="name">Внутренние стены 2 этажа</span> <span class="info">Внутренние стены - каркасно-обшивные, доска &ndash; 50 х 150 мм ( еств. влажности ) Шаг- 600 мм, без обшивки. Высотой 2.5 м.</span></p>\r\n\r\n<p><span class="name">Чердачное перекрытие</span> <span class="info">Доска 50 х 200 мм ( еств. влажности. ) Шаг лаг 400 &ndash; 600 мм. Утепление 200 мм.</span></p>\r\n\r\n<p><span class="name">Кровля</span> <span class="info">Металлочерепица &ndash; полиэстэр , толщина стали 0.5 мм. Комплектующие (гидроизоляция, конек, карнизные и ветровые планки, саморезы и др.)</span></p>\r\n\r\n<p><span class="icon"><img src="/static/img/icon_window.png" /></span> <span class="name">Окна</span> <span class="info">ПВХ &laquo;Штерн&raquo; 58-коробка.Двухкамерный стеклопакет, поворотно-откидные. Фурнитура- Roto.</span></p>\r\n\r\n<p><span class="icon"><img src="/static/img/icon_door.png" /></span> <span class="name">Дверь входная</span> <span class="info">Металлическая. Производство-Россия. Утепленная, наружная отделка- молотковая эмаль, внутренняя- ламинация. Два замка, глазок, резиновый уплотнитель.</span></p>\r\n\r\n<p><span class="icon"><img src="/static/img/icon_balkon.png" /></span> <span class="name">Балкон, крыльцо, терраса.</span> <span class="info">Входит в стоимость</span></p>	<p><span class="icon"><img src="/static/img/icon_fund.png" /></span> <span class="name">Фундамент</span> <span class="info">Свайно-винтовой, (черный металл) диаметром = 108 мм, длиной = 2.5м, закручиваемые спецтехникой с засыпкой песко-бетонной смесью.</span></p>\r\n\r\n<p><span class="name">Обвязочный брус</span> <span class="info">200 x 200 мм. ( Еств.влажности ). Обработанный битумным праймером.</span></p>\r\n\r\n<p><span class="name">Цокольное перекрытие</span> <span class="info">СИП панели 224 мм, уложенные с шагом 625 мм. Состав панели : OSB 12 мм + ПСБ 25Ф 200 мм +OSB 12 мм. В замке: брус 95 х 195 мм ( еств.влажности ) . Обработанный битумным праймером от земли.</span></p>\r\n\r\n<p><span class="icon"><img src="/static/img/icon_sip.png" /></span> <span class="name">Наружные стены 1 этажа</span> <span class="info">СИП панели 174 мм, высотой 2.8 м. Состав панели: OSB 12 мм + ПСБ 25Ф 150 мм +OSB 12 мм. В замке: брус 95 х 145 мм ( еств.влажности ).</span></p>\r\n\r\n<p><span class="name">Внутренние стены 1 этажа</span> <span class="info"> Сип панели 174 мм ( Несущие ) и 124 мм ( Вспомогательные ). Состав панели: OSB 12 мм + ПСБ 25Ф 100-150 мм + OSB 12 мм. В замке: брус 95 х 95-145 мм ( еств.влажности). Высотой 2.8 м.</span></p>\r\n\r\n<p><span class="name">Междуэтажное перекрытие</span> <span class="info">Брус 95 x195 мм ( еств. влажности ) с настилом OSB 22 мм. Утепление 200 мм (по контуру). Шаг лаг 400 &ndash; 600 мм.</span></p>\r\n\r\n<p><span class="icon"><img src="/static/img/icon_sip.png" /></span> <span class="name">Наружные стены 2 этажа</span> <span class="info">СИП панели 174 мм, высотой 2.5 м. Состав панели: OSB 12 мм +ПСБ 25Ф 150 мм + OSB 12 мм. В замке: брус 95 х 145 мм. (еств. влажности )</span></p>\r\n\r\n<p><span class="name">Внутренние стены 2 этажа</span> <span class="info">Сип панели 174 мм ( Несущие ) и 124 мм ( Вспомогательные). Высотой 2.5 м. Состав панели: OSB 12 мм + ПСБ 25Ф 100-150 мм + OSB 12 мм. В замке: брус 95 х 95-145 мм ( еств.влажности.)</span></p>\r\n\r\n<p><span class="name">Чердачное перекрытие</span> <span class="info">Сип панели 174 мм. Состав панели: OSB 12 мм + ПСБ 25Ф 150 мм + OSB 12 мм. В замке: брус 95 х 145 мм ( еств.влажности ) . Шаг панелей 1250 мм.</span></p>\r\n\r\n<p><span class="name">Кровля</span> <span class="info">Металлочерепица &ndash; полиэстэр, толщина стали 0,5 мм. Комплектующие ( гидроизоляция, конек, карнизные и ветровые планки, саморезы и тд. )</span></p>\r\n\r\n<p><span class="icon"><img src="/static/img/icon_window.png" /></span> <span class="name">Окна</span> <span class="info">ПВХ &laquo;Штерн&raquo; 70-коробка. Двухкамерный стеклопакет, поворотно-откидные. Фурнитура- Roto. Подоконники, отливы, москитные сетки.</span></p>\r\n\r\n<p><span class="icon"><img src="/static/img/icon_door.png" /></span> <span class="name">Дверь входная</span> <span class="info">Металлическая. Производство-Россия. Утепленная, наружная отделка- молотковая эмаль, внутренняя- ламинация. Два замка, глазок, резиновый уплотнитель.</span></p>\r\n\r\n<p><span class="icon"><img src="/static/img/icon_balkon.png" /></span> <span class="name">Балкон, крыльцо, терраса.</span> <span class="info">Входит в стоимость</span></p>\r\n\r\n<p><span class="name">Монтаж, проект, бытовка для строителей</span> <span class="info">Входит в стоимость</span></p>	24	2	3	0
35	0	0	<p><span class="icon"><img src="/static/img/icon_fund.png" /></span> <span class="name">Фундамент</span> <span class="info">Свайно-винтовой, (черный металл) диаметром = 108 мм, длиной = 2.5м, закручиваемые спецтехникой с засыпкой песко-бетонной смесью.</span></p>\r\n\r\n<p><span class="name">Обвязочный брус</span> <span class="info">150 x 150 мм. Обработанный битумным праймером.</span></p>\r\n\r\n<p><span class="name">Цокольное перекрытие</span> <span class="info">СИП панели 174 мм, уложенные с шагом 625 мм. Состав панели: OSB 12 мм + ПСБ 25Ф 150 мм +OSB 12 мм. В замке: брус 95 х 145 мм. ( еств.влажности.) </span></p>\r\n\r\n<p><span class="icon"><img src="/static/img/icon_sip.png" /></span> <span class="name">Наружные стены 1 этажа</span> <span class="info">СИП панели 174 мм, высотой 2.5 м. Состав панели: OSB 12 мм +ПСБ 25Ф 150 мм +OSB 12 мм. В замке: брус 95 х 145 мм. ( еств. влажности.)</span></p>\r\n\r\n<p><span class="name">Внутренние стены 1 этажа</span> <span class="info">Внутренние стены - каркасно-обшивные, доска 50 х 150 мм. ( еств. влажности.) Шаг- 600мм, без обшивки.</span></p>\r\n\r\n<p><span class="name">Междуэтажное перекрытие</span> <span class="info">Брус 95 x195 мм ( еств. влажности ) с настилом OSB 22 мм. Утепление 200 мм (по контуру). Шаг лаг 400 &ndash; 600 мм.</span></p>\r\n\r\n<p><span class="icon"><img src="/static/img/icon_sip.png" /></span> <span class="name">Наружные стены 2 этажа</span> <span class="info">СИП панели 174 мм, высотой 2.5 м. Состав панели: OSB 12 мм +ПСБ 25Ф 150 мм + OSB 12 мм. В замке: брус 95 х 145 мм. (еств. влажности )</span></p>\r\n\r\n<p><span class="name">Внутренние стены 2 этажа</span> <span class="info">Внутренние стены - каркасно-обшивные, доска &ndash; 50 х 150 мм ( еств. влажности ) Шаг- 600 мм, без обшивки. Высотой 2.5 м.</span></p>\r\n\r\n<p><span class="name">Чердачное перекрытие</span> <span class="info">Доска 50 х 200 мм ( еств. влажности. ) Шаг лаг 400 &ndash; 600 мм. Утепление 200 мм.</span></p>\r\n\r\n<p><span class="name">Кровля</span> <span class="info">Металлочерепица &ndash; полиэстэр , толщина стали 0.5 мм. Комплектующие (гидроизоляция, конек, карнизные и ветровые планки, саморезы и др.)</span></p>\r\n\r\n<p><span class="icon"><img src="/static/img/icon_window.png" /></span> <span class="name">Окна</span> <span class="info">ПВХ &laquo;Штерн&raquo; 58-коробка.Двухкамерный стеклопакет, поворотно-откидные. Фурнитура- Roto.</span></p>\r\n\r\n<p><span class="icon"><img src="/static/img/icon_door.png" /></span> <span class="name">Дверь входная</span> <span class="info">Металлическая. Производство-Россия. Утепленная, наружная отделка- молотковая эмаль, внутренняя- ламинация. Два замка, глазок, резиновый уплотнитель.</span></p>\r\n\r\n<p><span class="icon"><img src="/static/img/icon_balkon.png" /></span> <span class="name">Балкон, крыльцо, терраса.</span> <span class="info">Входит в стоимость</span></p>	<p><span class="icon"><img src="/static/img/icon_fund.png" /></span> <span class="name">Фундамент</span> <span class="info">Свайно-винтовой, (черный металл) диаметром = 108 мм, длиной = 2.5м, закручиваемые спецтехникой с засыпкой песко-бетонной смесью.</span></p>\r\n\r\n<p><span class="name">Обвязочный брус</span> <span class="info">200 x 200 мм. ( Еств.влажности ). Обработанный битумным праймером.</span></p>\r\n\r\n<p><span class="name">Цокольное перекрытие</span> <span class="info">СИП панели 224 мм, уложенные с шагом 625 мм. Состав панели : OSB 12 мм + ПСБ 25Ф 200 мм +OSB 12 мм. В замке: брус 95 х 195 мм ( еств.влажности ) . Обработанный битумным праймером от земли.</span></p>\r\n\r\n<p><span class="icon"><img src="/static/img/icon_sip.png" /></span> <span class="name">Наружные стены 1 этажа</span> <span class="info">СИП панели 174 мм, высотой 2.8 м. Состав панели: OSB 12 мм + ПСБ 25Ф 150 мм +OSB 12 мм. В замке: брус 95 х 145 мм ( еств.влажности ).</span></p>\r\n\r\n<p><span class="name">Внутренние стены 1 этажа</span> <span class="info"> Сип панели 174 мм ( Несущие ) и 124 мм ( Вспомогательные ). Состав панели: OSB 12 мм + ПСБ 25Ф 100-150 мм + OSB 12 мм. В замке: брус 95 х 95-145 мм ( еств.влажности). Высотой 2.8 м.</span></p>\r\n\r\n<p><span class="name">Междуэтажное перекрытие</span> <span class="info">Брус 95 x195 мм ( еств. влажности ) с настилом OSB 22 мм. Утепление 200 мм (по контуру). Шаг лаг 400 &ndash; 600 мм.</span></p>\r\n\r\n<p><span class="icon"><img src="/static/img/icon_sip.png" /></span> <span class="name">Наружные стены 2 этажа</span> <span class="info">СИП панели 174 мм, высотой 2.5 м. Состав панели: OSB 12 мм +ПСБ 25Ф 150 мм + OSB 12 мм. В замке: брус 95 х 145 мм. (еств. влажности )</span></p>\r\n\r\n<p><span class="name">Внутренние стены 2 этажа</span> <span class="info">Сип панели 174 мм ( Несущие ) и 124 мм ( Вспомогательные). Высотой 2.5 м. Состав панели: OSB 12 мм + ПСБ 25Ф 100-150 мм + OSB 12 мм. В замке: брус 95 х 95-145 мм ( еств.влажности.)</span></p>\r\n\r\n<p><span class="name">Чердачное перекрытие</span> <span class="info">Сип панели 174 мм. Состав панели: OSB 12 мм + ПСБ 25Ф 150 мм + OSB 12 мм. В замке: брус 95 х 145 мм ( еств.влажности ) . Шаг панелей 1250 мм.</span></p>\r\n\r\n<p><span class="name">Кровля</span> <span class="info">Металлочерепица &ndash; полиэстэр, толщина стали 0,5 мм. Комплектующие ( гидроизоляция, конек, карнизные и ветровые планки, саморезы и тд. )</span></p>\r\n\r\n<p><span class="icon"><img src="/static/img/icon_window.png" /></span> <span class="name">Окна</span> <span class="info">ПВХ &laquo;Штерн&raquo; 70-коробка. Двухкамерный стеклопакет, поворотно-откидные. Фурнитура- Roto. Подоконники, отливы, москитные сетки.</span></p>\r\n\r\n<p><span class="icon"><img src="/static/img/icon_door.png" /></span> <span class="name">Дверь входная</span> <span class="info">Металлическая. Производство-Россия. Утепленная, наружная отделка- молотковая эмаль, внутренняя- ламинация. Два замка, глазок, резиновый уплотнитель.</span></p>\r\n\r\n<p><span class="icon"><img src="/static/img/icon_balkon.png" /></span> <span class="name">Балкон, крыльцо, терраса.</span> <span class="info">Входит в стоимость</span></p>\r\n\r\n<p><span class="name">Монтаж, проект, бытовка для строителей</span> <span class="info">Входит в стоимость</span></p>	25	2	3	0
36	0	0	<p><span class="icon"><img src="/static/img/icon_fund.png" /></span> <span class="name">Фундамент</span> <span class="info">Свайно-винтовой, (черный металл) диаметром = 108 мм, длиной = 2.5м, закручиваемые спецтехникой с засыпкой песко-бетонной смесью.</span></p>\r\n\r\n<p><span class="name">Обвязочный брус</span> <span class="info">150 x 150 мм. Обработанный битумным праймером.</span></p>\r\n\r\n<p><span class="name">Цокольное перекрытие</span> <span class="info">СИП панели 174 мм, уложенные с шагом 625 мм. Состав панели: OSB 12 мм + ПСБ 25Ф 150 мм +OSB 12 мм. В замке: брус 95 х 145 мм. ( еств.влажности.) </span></p>\r\n\r\n<p><span class="icon"><img src="/static/img/icon_sip.png" /></span> <span class="name">Наружные стены 1 этажа</span> <span class="info">СИП панели 174 мм, высотой 2.5 м. Состав панели: OSB 12 мм +ПСБ 25Ф 150 мм +OSB 12 мм. В замке: брус 95 х 145 мм. ( еств. влажности.)</span></p>\r\n\r\n<p><span class="name">Внутренние стены 1 этажа</span> <span class="info">Внутренние стены - каркасно-обшивные, доска 50 х 150 мм. ( еств. влажности.) Шаг- 600мм, без обшивки.</span></p>\r\n\r\n<p><span class="name">Междуэтажное перекрытие</span> <span class="info">Брус 95 x195 мм ( еств. влажности ) с настилом OSB 22 мм. Утепление 200 мм (по контуру). Шаг лаг 400 &ndash; 600 мм.</span></p>\r\n\r\n<p><span class="icon"><img src="/static/img/icon_sip.png" /></span> <span class="name">Наружные стены 2 этажа</span> <span class="info">СИП панели 174 мм, высотой 2.5 м. Состав панели: OSB 12 мм +ПСБ 25Ф 150 мм + OSB 12 мм. В замке: брус 95 х 145 мм. (еств. влажности )</span></p>\r\n\r\n<p><span class="name">Внутренние стены 2 этажа</span> <span class="info">Внутренние стены - каркасно-обшивные, доска &ndash; 50 х 150 мм ( еств. влажности ) Шаг- 600 мм, без обшивки. Высотой 2.5 м.</span></p>\r\n\r\n<p><span class="name">Чердачное перекрытие</span> <span class="info">Доска 50 х 200 мм ( еств. влажности. ) Шаг лаг 400 &ndash; 600 мм. Утепление 200 мм.</span></p>\r\n\r\n<p><span class="name">Кровля</span> <span class="info">Металлочерепица &ndash; полиэстэр , толщина стали 0.5 мм. Комплектующие (гидроизоляция, конек, карнизные и ветровые планки, саморезы и др.)</span></p>\r\n\r\n<p><span class="icon"><img src="/static/img/icon_window.png" /></span> <span class="name">Окна</span> <span class="info">ПВХ &laquo;Штерн&raquo; 58-коробка.Двухкамерный стеклопакет, поворотно-откидные. Фурнитура- Roto.</span></p>\r\n\r\n<p><span class="icon"><img src="/static/img/icon_door.png" /></span> <span class="name">Дверь входная</span> <span class="info">Металлическая. Производство-Россия. Утепленная, наружная отделка- молотковая эмаль, внутренняя- ламинация. Два замка, глазок, резиновый уплотнитель.</span></p>\r\n\r\n<p><span class="icon"><img src="/static/img/icon_balkon.png" /></span> <span class="name">Балкон, крыльцо, терраса.</span> <span class="info">Входит в стоимость</span></p>	<p><span class="icon"><img src="/static/img/icon_fund.png" /></span> <span class="name">Фундамент</span> <span class="info">Свайно-винтовой, (черный металл) диаметром = 108 мм, длиной = 2.5м, закручиваемые спецтехникой с засыпкой песко-бетонной смесью.</span></p>\r\n\r\n<p><span class="name">Обвязочный брус</span> <span class="info">200 x 200 мм. ( Еств.влажности ). Обработанный битумным праймером.</span></p>\r\n\r\n<p><span class="name">Цокольное перекрытие</span> <span class="info">СИП панели 224 мм, уложенные с шагом 625 мм. Состав панели : OSB 12 мм + ПСБ 25Ф 200 мм +OSB 12 мм. В замке: брус 95 х 195 мм ( еств.влажности ) . Обработанный битумным праймером от земли.</span></p>\r\n\r\n<p><span class="icon"><img src="/static/img/icon_sip.png" /></span> <span class="name">Наружные стены 1 этажа</span> <span class="info">СИП панели 174 мм, высотой 2.8 м. Состав панели: OSB 12 мм + ПСБ 25Ф 150 мм +OSB 12 мм. В замке: брус 95 х 145 мм ( еств.влажности ).</span></p>\r\n\r\n<p><span class="name">Внутренние стены 1 этажа</span> <span class="info"> Сип панели 174 мм ( Несущие ) и 124 мм ( Вспомогательные ). Состав панели: OSB 12 мм + ПСБ 25Ф 100-150 мм + OSB 12 мм. В замке: брус 95 х 95-145 мм ( еств.влажности). Высотой 2.8 м.</span></p>\r\n\r\n<p><span class="name">Междуэтажное перекрытие</span> <span class="info">Брус 95 x195 мм ( еств. влажности ) с настилом OSB 22 мм. Утепление 200 мм (по контуру). Шаг лаг 400 &ndash; 600 мм.</span></p>\r\n\r\n<p><span class="icon"><img src="/static/img/icon_sip.png" /></span> <span class="name">Наружные стены 2 этажа</span> <span class="info">СИП панели 174 мм, высотой 2.5 м. Состав панели: OSB 12 мм +ПСБ 25Ф 150 мм + OSB 12 мм. В замке: брус 95 х 145 мм. (еств. влажности )</span></p>\r\n\r\n<p><span class="name">Внутренние стены 2 этажа</span> <span class="info">Сип панели 174 мм ( Несущие ) и 124 мм ( Вспомогательные). Высотой 2.5 м. Состав панели: OSB 12 мм + ПСБ 25Ф 100-150 мм + OSB 12 мм. В замке: брус 95 х 95-145 мм ( еств.влажности.)</span></p>\r\n\r\n<p><span class="name">Чердачное перекрытие</span> <span class="info">Сип панели 174 мм. Состав панели: OSB 12 мм + ПСБ 25Ф 150 мм + OSB 12 мм. В замке: брус 95 х 145 мм ( еств.влажности ) . Шаг панелей 1250 мм.</span></p>\r\n\r\n<p><span class="name">Кровля</span> <span class="info">Металлочерепица &ndash; полиэстэр, толщина стали 0,5 мм. Комплектующие ( гидроизоляция, конек, карнизные и ветровые планки, саморезы и тд. )</span></p>\r\n\r\n<p><span class="icon"><img src="/static/img/icon_window.png" /></span> <span class="name">Окна</span> <span class="info">ПВХ &laquo;Штерн&raquo; 70-коробка. Двухкамерный стеклопакет, поворотно-откидные. Фурнитура- Roto. Подоконники, отливы, москитные сетки.</span></p>\r\n\r\n<p><span class="icon"><img src="/static/img/icon_door.png" /></span> <span class="name">Дверь входная</span> <span class="info">Металлическая. Производство-Россия. Утепленная, наружная отделка- молотковая эмаль, внутренняя- ламинация. Два замка, глазок, резиновый уплотнитель.</span></p>\r\n\r\n<p><span class="icon"><img src="/static/img/icon_balkon.png" /></span> <span class="name">Балкон, крыльцо, терраса.</span> <span class="info">Входит в стоимость</span></p>\r\n\r\n<p><span class="name">Монтаж, проект, бытовка для строителей</span> <span class="info">Входит в стоимость</span></p>	26	2	3	0
37	0	0	<p><span class="icon"><img src="/static/img/icon_fund.png" /></span> <span class="name">Фундамент</span> <span class="info">Свайно-винтовой, (черный металл) диаметром = 108 мм, длиной = 2.5м, закручиваемые спецтехникой с засыпкой песко-бетонной смесью.</span></p>\r\n\r\n<p><span class="name">Обвязочный брус</span> <span class="info">150 x 150 мм. Обработанный битумным праймером.</span></p>\r\n\r\n<p><span class="name">Цокольное перекрытие</span> <span class="info">СИП панели 174 мм, уложенные с шагом 625 мм. Состав панели: OSB 12 мм + ПСБ 25Ф 150 мм +OSB 12 мм. В замке: брус 95 х 145 мм. ( еств.влажности.) </span></p>\r\n\r\n<p><span class="icon"><img src="/static/img/icon_sip.png" /></span> <span class="name">Наружные стены 1 этажа</span> <span class="info">СИП панели 174 мм, высотой 2.5 м. Состав панели: OSB 12 мм +ПСБ 25Ф 150 мм +OSB 12 мм. В замке: брус 95 х 145 мм. ( еств. влажности.)</span></p>\r\n\r\n<p><span class="name">Внутренние стены 1 этажа</span> <span class="info">Внутренние стены - каркасно-обшивные, доска 50 х 150 мм. ( еств. влажности.) Шаг- 600мм, без обшивки.</span></p>\r\n\r\n<p><span class="name">Междуэтажное перекрытие</span> <span class="info">Брус 95 x195 мм ( еств. влажности ) с настилом OSB 22 мм. Утепление 200 мм (по контуру). Шаг лаг 400 &ndash; 600 мм.</span></p>\r\n\r\n<p><span class="icon"><img src="/static/img/icon_sip.png" /></span> <span class="name">Наружные стены 2 этажа</span> <span class="info">СИП панели 174 мм, высотой 2.5 м. Состав панели: OSB 12 мм +ПСБ 25Ф 150 мм + OSB 12 мм. В замке: брус 95 х 145 мм. (еств. влажности )</span></p>\r\n\r\n<p><span class="name">Внутренние стены 2 этажа</span> <span class="info">Внутренние стены - каркасно-обшивные, доска &ndash; 50 х 150 мм ( еств. влажности ) Шаг- 600 мм, без обшивки. Высотой 2.5 м.</span></p>\r\n\r\n<p><span class="name">Чердачное перекрытие</span> <span class="info">Доска 50 х 200 мм ( еств. влажности. ) Шаг лаг 400 &ndash; 600 мм. Утепление 200 мм.</span></p>\r\n\r\n<p><span class="name">Кровля</span> <span class="info">Металлочерепица &ndash; полиэстэр , толщина стали 0.5 мм. Комплектующие (гидроизоляция, конек, карнизные и ветровые планки, саморезы и др.)</span></p>\r\n\r\n<p><span class="icon"><img src="/static/img/icon_window.png" /></span> <span class="name">Окна</span> <span class="info">ПВХ &laquo;Штерн&raquo; 58-коробка.Двухкамерный стеклопакет, поворотно-откидные. Фурнитура- Roto.</span></p>\r\n\r\n<p><span class="icon"><img src="/static/img/icon_door.png" /></span> <span class="name">Дверь входная</span> <span class="info">Металлическая. Производство-Россия. Утепленная, наружная отделка- молотковая эмаль, внутренняя- ламинация. Два замка, глазок, резиновый уплотнитель.</span></p>\r\n\r\n<p><span class="icon"><img src="/static/img/icon_balkon.png" /></span> <span class="name">Балкон, крыльцо, терраса.</span> <span class="info">Входит в стоимость</span></p>	<p><span class="icon"><img src="/static/img/icon_fund.png" /></span> <span class="name">Фундамент</span> <span class="info">Свайно-винтовой, (черный металл) диаметром = 108 мм, длиной = 2.5м, закручиваемые спецтехникой с засыпкой песко-бетонной смесью.</span></p>\r\n\r\n<p><span class="name">Обвязочный брус</span> <span class="info">200 x 200 мм. ( Еств.влажности ). Обработанный битумным праймером.</span></p>\r\n\r\n<p><span class="name">Цокольное перекрытие</span> <span class="info">СИП панели 224 мм, уложенные с шагом 625 мм. Состав панели : OSB 12 мм + ПСБ 25Ф 200 мм +OSB 12 мм. В замке: брус 95 х 195 мм ( еств.влажности ) . Обработанный битумным праймером от земли.</span></p>\r\n\r\n<p><span class="icon"><img src="/static/img/icon_sip.png" /></span> <span class="name">Наружные стены 1 этажа</span> <span class="info">СИП панели 174 мм, высотой 2.8 м. Состав панели: OSB 12 мм + ПСБ 25Ф 150 мм +OSB 12 мм. В замке: брус 95 х 145 мм ( еств.влажности ).</span></p>\r\n\r\n<p><span class="name">Внутренние стены 1 этажа</span> <span class="info"> Сип панели 174 мм ( Несущие ) и 124 мм ( Вспомогательные ). Состав панели: OSB 12 мм + ПСБ 25Ф 100-150 мм + OSB 12 мм. В замке: брус 95 х 95-145 мм ( еств.влажности). Высотой 2.8 м.</span></p>\r\n\r\n<p><span class="name">Междуэтажное перекрытие</span> <span class="info">Брус 95 x195 мм ( еств. влажности ) с настилом OSB 22 мм. Утепление 200 мм (по контуру). Шаг лаг 400 &ndash; 600 мм.</span></p>\r\n\r\n<p><span class="icon"><img src="/static/img/icon_sip.png" /></span> <span class="name">Наружные стены 2 этажа</span> <span class="info">СИП панели 174 мм, высотой 2.5 м. Состав панели: OSB 12 мм +ПСБ 25Ф 150 мм + OSB 12 мм. В замке: брус 95 х 145 мм. (еств. влажности )</span></p>\r\n\r\n<p><span class="name">Внутренние стены 2 этажа</span> <span class="info">Сип панели 174 мм ( Несущие ) и 124 мм ( Вспомогательные). Высотой 2.5 м. Состав панели: OSB 12 мм + ПСБ 25Ф 100-150 мм + OSB 12 мм. В замке: брус 95 х 95-145 мм ( еств.влажности.)</span></p>\r\n\r\n<p><span class="name">Чердачное перекрытие</span> <span class="info">Сип панели 174 мм. Состав панели: OSB 12 мм + ПСБ 25Ф 150 мм + OSB 12 мм. В замке: брус 95 х 145 мм ( еств.влажности ) . Шаг панелей 1250 мм.</span></p>\r\n\r\n<p><span class="name">Кровля</span> <span class="info">Металлочерепица &ndash; полиэстэр, толщина стали 0,5 мм. Комплектующие ( гидроизоляция, конек, карнизные и ветровые планки, саморезы и тд. )</span></p>\r\n\r\n<p><span class="icon"><img src="/static/img/icon_window.png" /></span> <span class="name">Окна</span> <span class="info">ПВХ &laquo;Штерн&raquo; 70-коробка. Двухкамерный стеклопакет, поворотно-откидные. Фурнитура- Roto. Подоконники, отливы, москитные сетки.</span></p>\r\n\r\n<p><span class="icon"><img src="/static/img/icon_door.png" /></span> <span class="name">Дверь входная</span> <span class="info">Металлическая. Производство-Россия. Утепленная, наружная отделка- молотковая эмаль, внутренняя- ламинация. Два замка, глазок, резиновый уплотнитель.</span></p>\r\n\r\n<p><span class="icon"><img src="/static/img/icon_balkon.png" /></span> <span class="name">Балкон, крыльцо, терраса.</span> <span class="info">Входит в стоимость</span></p>\r\n\r\n<p><span class="name">Монтаж, проект, бытовка для строителей</span> <span class="info">Входит в стоимость</span></p>	27	2	3	0
38	0	0	<p><span class="icon"><img src="/static/img/icon_fund.png" /></span> <span class="name">Фундамент</span> <span class="info">Свайно-винтовой, (черный металл) диаметром = 108 мм, длиной = 2.5м, закручиваемые спецтехникой с засыпкой песко-бетонной смесью.</span></p>\r\n\r\n<p><span class="name">Обвязочный брус</span> <span class="info">150 x 150 мм. Обработанный битумным праймером.</span></p>\r\n\r\n<p><span class="name">Цокольное перекрытие</span> <span class="info">СИП панели 174 мм, уложенные с шагом 625 мм. Состав панели: OSB 12 мм + ПСБ 25Ф 150 мм +OSB 12 мм. В замке: брус 95 х 145 мм. ( еств.влажности.) </span></p>\r\n\r\n<p><span class="icon"><img src="/static/img/icon_sip.png" /></span> <span class="name">Наружные стены 1 этажа</span> <span class="info">СИП панели 174 мм, высотой 2.5 м. Состав панели: OSB 12 мм +ПСБ 25Ф 150 мм +OSB 12 мм. В замке: брус 95 х 145 мм. ( еств. влажности.)</span></p>\r\n\r\n<p><span class="name">Внутренние стены 1 этажа</span> <span class="info">Внутренние стены - каркасно-обшивные, доска 50 х 150 мм. ( еств. влажности.) Шаг- 600мм, без обшивки.</span></p>\r\n\r\n<p><span class="name">Междуэтажное перекрытие</span> <span class="info">Брус 95 x195 мм ( еств. влажности ) с настилом OSB 22 мм. Утепление 200 мм (по контуру). Шаг лаг 400 &ndash; 600 мм.</span></p>\r\n\r\n<p><span class="icon"><img src="/static/img/icon_sip.png" /></span> <span class="name">Наружные стены 2 этажа</span> <span class="info">СИП панели 174 мм, высотой 2.5 м. Состав панели: OSB 12 мм +ПСБ 25Ф 150 мм + OSB 12 мм. В замке: брус 95 х 145 мм. (еств. влажности )</span></p>\r\n\r\n<p><span class="name">Внутренние стены 2 этажа</span> <span class="info">Внутренние стены - каркасно-обшивные, доска &ndash; 50 х 150 мм ( еств. влажности ) Шаг- 600 мм, без обшивки. Высотой 2.5 м.</span></p>\r\n\r\n<p><span class="name">Чердачное перекрытие</span> <span class="info">Доска 50 х 200 мм ( еств. влажности. ) Шаг лаг 400 &ndash; 600 мм. Утепление 200 мм.</span></p>\r\n\r\n<p><span class="name">Кровля</span> <span class="info">Металлочерепица &ndash; полиэстэр , толщина стали 0.5 мм. Комплектующие (гидроизоляция, конек, карнизные и ветровые планки, саморезы и др.)</span></p>\r\n\r\n<p><span class="icon"><img src="/static/img/icon_window.png" /></span> <span class="name">Окна</span> <span class="info">ПВХ &laquo;Штерн&raquo; 58-коробка.Двухкамерный стеклопакет, поворотно-откидные. Фурнитура- Roto.</span></p>\r\n\r\n<p><span class="icon"><img src="/static/img/icon_door.png" /></span> <span class="name">Дверь входная</span> <span class="info">Металлическая. Производство-Россия. Утепленная, наружная отделка- молотковая эмаль, внутренняя- ламинация. Два замка, глазок, резиновый уплотнитель.</span></p>\r\n\r\n<p><span class="icon"><img src="/static/img/icon_balkon.png" /></span> <span class="name">Балкон, крыльцо, терраса.</span> <span class="info">Входит в стоимость</span></p>	<p><span class="icon"><img src="/static/img/icon_fund.png" /></span> <span class="name">Фундамент</span> <span class="info">Свайно-винтовой, (черный металл) диаметром = 108 мм, длиной = 2.5м, закручиваемые спецтехникой с засыпкой песко-бетонной смесью.</span></p>\r\n\r\n<p><span class="name">Обвязочный брус</span> <span class="info">200 x 200 мм. ( Еств.влажности ). Обработанный битумным праймером.</span></p>\r\n\r\n<p><span class="name">Цокольное перекрытие</span> <span class="info">СИП панели 224 мм, уложенные с шагом 625 мм. Состав панели : OSB 12 мм + ПСБ 25Ф 200 мм +OSB 12 мм. В замке: брус 95 х 195 мм ( еств.влажности ) . Обработанный битумным праймером от земли.</span></p>\r\n\r\n<p><span class="icon"><img src="/static/img/icon_sip.png" /></span> <span class="name">Наружные стены 1 этажа</span> <span class="info">СИП панели 174 мм, высотой 2.8 м. Состав панели: OSB 12 мм + ПСБ 25Ф 150 мм +OSB 12 мм. В замке: брус 95 х 145 мм ( еств.влажности ).</span></p>\r\n\r\n<p><span class="name">Внутренние стены 1 этажа</span> <span class="info"> Сип панели 174 мм ( Несущие ) и 124 мм ( Вспомогательные ). Состав панели: OSB 12 мм + ПСБ 25Ф 100-150 мм + OSB 12 мм. В замке: брус 95 х 95-145 мм ( еств.влажности). Высотой 2.8 м.</span></p>\r\n\r\n<p><span class="name">Междуэтажное перекрытие</span> <span class="info">Брус 95 x195 мм ( еств. влажности ) с настилом OSB 22 мм. Утепление 200 мм (по контуру). Шаг лаг 400 &ndash; 600 мм.</span></p>\r\n\r\n<p><span class="icon"><img src="/static/img/icon_sip.png" /></span> <span class="name">Наружные стены 2 этажа</span> <span class="info">СИП панели 174 мм, высотой 2.5 м. Состав панели: OSB 12 мм +ПСБ 25Ф 150 мм + OSB 12 мм. В замке: брус 95 х 145 мм. (еств. влажности )</span></p>\r\n\r\n<p><span class="name">Внутренние стены 2 этажа</span> <span class="info">Сип панели 174 мм ( Несущие ) и 124 мм ( Вспомогательные). Высотой 2.5 м. Состав панели: OSB 12 мм + ПСБ 25Ф 100-150 мм + OSB 12 мм. В замке: брус 95 х 95-145 мм ( еств.влажности.)</span></p>\r\n\r\n<p><span class="name">Чердачное перекрытие</span> <span class="info">Сип панели 174 мм. Состав панели: OSB 12 мм + ПСБ 25Ф 150 мм + OSB 12 мм. В замке: брус 95 х 145 мм ( еств.влажности ) . Шаг панелей 1250 мм.</span></p>\r\n\r\n<p><span class="name">Кровля</span> <span class="info">Металлочерепица &ndash; полиэстэр, толщина стали 0,5 мм. Комплектующие ( гидроизоляция, конек, карнизные и ветровые планки, саморезы и тд. )</span></p>\r\n\r\n<p><span class="icon"><img src="/static/img/icon_window.png" /></span> <span class="name">Окна</span> <span class="info">ПВХ &laquo;Штерн&raquo; 70-коробка. Двухкамерный стеклопакет, поворотно-откидные. Фурнитура- Roto. Подоконники, отливы, москитные сетки.</span></p>\r\n\r\n<p><span class="icon"><img src="/static/img/icon_door.png" /></span> <span class="name">Дверь входная</span> <span class="info">Металлическая. Производство-Россия. Утепленная, наружная отделка- молотковая эмаль, внутренняя- ламинация. Два замка, глазок, резиновый уплотнитель.</span></p>\r\n\r\n<p><span class="icon"><img src="/static/img/icon_balkon.png" /></span> <span class="name">Балкон, крыльцо, терраса.</span> <span class="info">Входит в стоимость</span></p>\r\n\r\n<p><span class="name">Монтаж, проект, бытовка для строителей</span> <span class="info">Входит в стоимость</span></p>	28	2	3	0
39	0	0	<p><span class="icon"><img src="/static/img/icon_fund.png" /></span> <span class="name">Фундамент</span> <span class="info">Свайно-винтовой, (черный металл) диаметром = 108 мм, длиной = 2.5м, закручиваемые спецтехникой с засыпкой песко-бетонной смесью.</span></p>\r\n\r\n<p><span class="name">Обвязочный брус</span> <span class="info">150 x 150 мм. Обработанный битумным праймером.</span></p>\r\n\r\n<p><span class="name">Цокольное перекрытие</span> <span class="info">СИП панели 174 мм, уложенные с шагом 625 мм. Состав панели: OSB 12 мм + ПСБ 25Ф 150 мм +OSB 12 мм. В замке: брус 95 х 145 мм. ( еств.влажности.) </span></p>\r\n\r\n<p><span class="icon"><img src="/static/img/icon_sip.png" /></span> <span class="name">Наружные стены 1 этажа</span> <span class="info">СИП панели 174 мм, высотой 2.5 м. Состав панели: OSB 12 мм +ПСБ 25Ф 150 мм +OSB 12 мм. В замке: брус 95 х 145 мм. ( еств. влажности.)</span></p>\r\n\r\n<p><span class="name">Внутренние стены 1 этажа</span> <span class="info">Внутренние стены - каркасно-обшивные, доска 50 х 150 мм. ( еств. влажности.) Шаг- 600мм, без обшивки.</span></p>\r\n\r\n<p><span class="name">Междуэтажное перекрытие</span> <span class="info">Брус 95 x195 мм ( еств. влажности ) с настилом OSB 22 мм. Утепление 200 мм (по контуру). Шаг лаг 400 &ndash; 600 мм.</span></p>\r\n\r\n<p><span class="icon"><img src="/static/img/icon_sip.png" /></span> <span class="name">Наружные стены 2 этажа</span> <span class="info">СИП панели 174 мм, высотой 2.5 м. Состав панели: OSB 12 мм +ПСБ 25Ф 150 мм + OSB 12 мм. В замке: брус 95 х 145 мм. (еств. влажности )</span></p>\r\n\r\n<p><span class="name">Внутренние стены 2 этажа</span> <span class="info">Внутренние стены - каркасно-обшивные, доска &ndash; 50 х 150 мм ( еств. влажности ) Шаг- 600 мм, без обшивки. Высотой 2.5 м.</span></p>\r\n\r\n<p><span class="name">Чердачное перекрытие</span> <span class="info">Доска 50 х 200 мм ( еств. влажности. ) Шаг лаг 400 &ndash; 600 мм. Утепление 200 мм.</span></p>\r\n\r\n<p><span class="name">Кровля</span> <span class="info">Металлочерепица &ndash; полиэстэр , толщина стали 0.5 мм. Комплектующие (гидроизоляция, конек, карнизные и ветровые планки, саморезы и др.)</span></p>\r\n\r\n<p><span class="icon"><img src="/static/img/icon_window.png" /></span> <span class="name">Окна</span> <span class="info">ПВХ &laquo;Штерн&raquo; 58-коробка.Двухкамерный стеклопакет, поворотно-откидные. Фурнитура- Roto.</span></p>\r\n\r\n<p><span class="icon"><img src="/static/img/icon_door.png" /></span> <span class="name">Дверь входная</span> <span class="info">Металлическая. Производство-Россия. Утепленная, наружная отделка- молотковая эмаль, внутренняя- ламинация. Два замка, глазок, резиновый уплотнитель.</span></p>\r\n\r\n<p><span class="icon"><img src="/static/img/icon_balkon.png" /></span> <span class="name">Балкон, крыльцо, терраса.</span> <span class="info">Входит в стоимость</span></p>	<p><span class="icon"><img src="/static/img/icon_fund.png" /></span> <span class="name">Фундамент</span> <span class="info">Свайно-винтовой, (черный металл) диаметром = 108 мм, длиной = 2.5м, закручиваемые спецтехникой с засыпкой песко-бетонной смесью.</span></p>\r\n\r\n<p><span class="name">Обвязочный брус</span> <span class="info">200 x 200 мм. ( Еств.влажности ). Обработанный битумным праймером.</span></p>\r\n\r\n<p><span class="name">Цокольное перекрытие</span> <span class="info">СИП панели 224 мм, уложенные с шагом 625 мм. Состав панели : OSB 12 мм + ПСБ 25Ф 200 мм +OSB 12 мм. В замке: брус 95 х 195 мм ( еств.влажности ) . Обработанный битумным праймером от земли.</span></p>\r\n\r\n<p><span class="icon"><img src="/static/img/icon_sip.png" /></span> <span class="name">Наружные стены 1 этажа</span> <span class="info">СИП панели 174 мм, высотой 2.8 м. Состав панели: OSB 12 мм + ПСБ 25Ф 150 мм +OSB 12 мм. В замке: брус 95 х 145 мм ( еств.влажности ).</span></p>\r\n\r\n<p><span class="name">Внутренние стены 1 этажа</span> <span class="info"> Сип панели 174 мм ( Несущие ) и 124 мм ( Вспомогательные ). Состав панели: OSB 12 мм + ПСБ 25Ф 100-150 мм + OSB 12 мм. В замке: брус 95 х 95-145 мм ( еств.влажности). Высотой 2.8 м.</span></p>\r\n\r\n<p><span class="name">Междуэтажное перекрытие</span> <span class="info">Брус 95 x195 мм ( еств. влажности ) с настилом OSB 22 мм. Утепление 200 мм (по контуру). Шаг лаг 400 &ndash; 600 мм.</span></p>\r\n\r\n<p><span class="icon"><img src="/static/img/icon_sip.png" /></span> <span class="name">Наружные стены 2 этажа</span> <span class="info">СИП панели 174 мм, высотой 2.5 м. Состав панели: OSB 12 мм +ПСБ 25Ф 150 мм + OSB 12 мм. В замке: брус 95 х 145 мм. (еств. влажности )</span></p>\r\n\r\n<p><span class="name">Внутренние стены 2 этажа</span> <span class="info">Сип панели 174 мм ( Несущие ) и 124 мм ( Вспомогательные). Высотой 2.5 м. Состав панели: OSB 12 мм + ПСБ 25Ф 100-150 мм + OSB 12 мм. В замке: брус 95 х 95-145 мм ( еств.влажности.)</span></p>\r\n\r\n<p><span class="name">Чердачное перекрытие</span> <span class="info">Сип панели 174 мм. Состав панели: OSB 12 мм + ПСБ 25Ф 150 мм + OSB 12 мм. В замке: брус 95 х 145 мм ( еств.влажности ) . Шаг панелей 1250 мм.</span></p>\r\n\r\n<p><span class="name">Кровля</span> <span class="info">Металлочерепица &ndash; полиэстэр, толщина стали 0,5 мм. Комплектующие ( гидроизоляция, конек, карнизные и ветровые планки, саморезы и тд. )</span></p>\r\n\r\n<p><span class="icon"><img src="/static/img/icon_window.png" /></span> <span class="name">Окна</span> <span class="info">ПВХ &laquo;Штерн&raquo; 70-коробка. Двухкамерный стеклопакет, поворотно-откидные. Фурнитура- Roto. Подоконники, отливы, москитные сетки.</span></p>\r\n\r\n<p><span class="icon"><img src="/static/img/icon_door.png" /></span> <span class="name">Дверь входная</span> <span class="info">Металлическая. Производство-Россия. Утепленная, наружная отделка- молотковая эмаль, внутренняя- ламинация. Два замка, глазок, резиновый уплотнитель.</span></p>\r\n\r\n<p><span class="icon"><img src="/static/img/icon_balkon.png" /></span> <span class="name">Балкон, крыльцо, терраса.</span> <span class="info">Входит в стоимость</span></p>\r\n\r\n<p><span class="name">Монтаж, проект, бытовка для строителей</span> <span class="info">Входит в стоимость</span></p>	29	2	3	0
19	0	0	<p><span class="icon"><img src="/static/img/icon_fund.png" /></span> <span class="name">Фундамент</span> <span class="info">Свайно-винтовой, (черный металл) диаметром = 108 мм, длиной = 2.5м, закручиваемые спецтехникой с засыпкой песко-бетонной смесью.</span></p>\r\n\r\n<p><span class="name">Обвязочный брус</span> <span class="info">150 x 150 мм. Обработанный битумным праймером.</span></p>\r\n\r\n<p><span class="name">Цокольное перекрытие</span> <span class="info">СИП панели 174 мм, уложенные с шагом 625 мм. Состав панели: OSB 12 мм + ПСБ 25Ф 150 мм +OSB 12 мм. В замке: брус 95 х 145 мм. ( еств.влажности.) </span></p>\r\n\r\n<p><span class="icon"><img src="/static/img/icon_sip.png" /></span> <span class="name">Наружные стены 1 этажа</span> <span class="info">СИП панели 174 мм, высотой 2.5 м. Состав панели: OSB 12 мм +ПСБ 25Ф 150 мм +OSB 12 мм. В замке: брус 95 х 145 мм. ( еств. влажности.)</span></p>\r\n\r\n<p><span class="name">Внутренние стены 1 этажа</span> <span class="info">Внутренние стены - каркасно-обшивные, доска 50 х 150 мм. ( еств. влажности.) Шаг- 600мм, без обшивки.</span></p>\r\n\r\n<p><span class="name">Междуэтажное перекрытие</span> <span class="info">Брус 95 x195 мм ( еств. влажности ) с настилом OSB 22 мм. Утепление 200 мм (по контуру). Шаг лаг 400 &ndash; 600 мм.</span></p>\r\n\r\n<p><span class="icon"><img src="/static/img/icon_sip.png" /></span> <span class="name">Наружные стены 2 этажа</span> <span class="info">СИП панели 174 мм, высотой 2.5 м. Состав панели: OSB 12 мм +ПСБ 25Ф 150 мм + OSB 12 мм. В замке: брус 95 х 145 мм. (еств. влажности )</span></p>\r\n\r\n<p><span class="name">Внутренние стены 2 этажа</span> <span class="info">Внутренние стены - каркасно-обшивные, доска &ndash; 50 х 150 мм ( еств. влажности ) Шаг- 600 мм, без обшивки. Высотой 2.5 м.</span></p>\r\n\r\n<p><span class="name">Чердачное перекрытие</span> <span class="info">Доска 50 х 200 мм ( еств. влажности. ) Шаг лаг 400 &ndash; 600 мм. Утепление 200 мм.</span></p>\r\n\r\n<p><span class="name">Кровля</span> <span class="info">Металлочерепица &ndash; полиэстэр , толщина стали 0.5 мм. Комплектующие (гидроизоляция, конек, карнизные и ветровые планки, саморезы и др.)</span></p>\r\n\r\n<p><span class="icon"><img src="/static/img/icon_window.png" /></span> <span class="name">Окна</span> <span class="info">ПВХ &laquo;Штерн&raquo; 58-коробка.Двухкамерный стеклопакет, поворотно-откидные. Фурнитура- Roto.</span></p>\r\n\r\n<p><span class="icon"><img src="/static/img/icon_door.png" /></span> <span class="name">Дверь входная</span> <span class="info">Металлическая. Производство-Россия. Утепленная, наружная отделка- молотковая эмаль, внутренняя- ламинация. Два замка, глазок, резиновый уплотнитель.</span></p>\r\n\r\n<p><span class="icon"><img src="/static/img/icon_balkon.png" /></span> <span class="name">Балкон, крыльцо, терраса.</span> <span class="info">Входит в стоимость</span></p>	<p><span class="icon"><img src="/static/img/icon_fund.png" /></span> <span class="name">Фундамент</span> <span class="info">Свайно-винтовой, (черный металл) диаметром = 108 мм, длиной = 2.5м, закручиваемые спецтехникой с засыпкой песко-бетонной смесью.</span></p>\r\n\r\n<p><span class="name">Обвязочный брус</span> <span class="info">200 x 200 мм. ( Еств.влажности ). Обработанный битумным праймером.</span></p>\r\n\r\n<p><span class="name">Цокольное перекрытие</span> <span class="info">СИП панели 224 мм, уложенные с шагом 625 мм. Состав панели : OSB 12 мм + ПСБ 25Ф 200 мм +OSB 12 мм. В замке: брус 95 х 195 мм ( еств.влажности ) . Обработанный битумным праймером от земли.</span></p>\r\n\r\n<p><span class="icon"><img src="/static/img/icon_sip.png" /></span> <span class="name">Наружные стены 1 этажа</span> <span class="info">СИП панели 174 мм, высотой 2.8 м. Состав панели: OSB 12 мм + ПСБ 25Ф 150 мм +OSB 12 мм. В замке: брус 95 х 145 мм ( еств.влажности ).</span></p>\r\n\r\n<p><span class="name">Внутренние стены 1 этажа</span> <span class="info"> Сип панели 174 мм ( Несущие ) и 124 мм ( Вспомогательные ). Состав панели: OSB 12 мм + ПСБ 25Ф 100-150 мм + OSB 12 мм. В замке: брус 95 х 95-145 мм ( еств.влажности). Высотой 2.8 м.</span></p>\r\n\r\n<p><span class="name">Междуэтажное перекрытие</span> <span class="info">Брус 95 x195 мм ( еств. влажности ) с настилом OSB 22 мм. Утепление 200 мм (по контуру). Шаг лаг 400 &ndash; 600 мм.</span></p>\r\n\r\n<p><span class="icon"><img src="/static/img/icon_sip.png" /></span> <span class="name">Наружные стены 2 этажа</span> <span class="info">СИП панели 174 мм, высотой 2.5 м. Состав панели: OSB 12 мм +ПСБ 25Ф 150 мм + OSB 12 мм. В замке: брус 95 х 145 мм. (еств. влажности )</span></p>\r\n\r\n<p><span class="name">Внутренние стены 2 этажа</span> <span class="info">Сип панели 174 мм ( Несущие ) и 124 мм ( Вспомогательные). Высотой 2.5 м. Состав панели: OSB 12 мм + ПСБ 25Ф 100-150 мм + OSB 12 мм. В замке: брус 95 х 95-145 мм ( еств.влажности.)</span></p>\r\n\r\n<p><span class="name">Чердачное перекрытие</span> <span class="info">Сип панели 174 мм. Состав панели: OSB 12 мм + ПСБ 25Ф 150 мм + OSB 12 мм. В замке: брус 95 х 145 мм ( еств.влажности ) . Шаг панелей 1250 мм.</span></p>\r\n\r\n<p><span class="name">Кровля</span> <span class="info">Металлочерепица &ndash; полиэстэр, толщина стали 0,5 мм. Комплектующие ( гидроизоляция, конек, карнизные и ветровые планки, саморезы и тд. )</span></p>\r\n\r\n<p><span class="icon"><img src="/static/img/icon_window.png" /></span> <span class="name">Окна</span> <span class="info">ПВХ &laquo;Штерн&raquo; 70-коробка. Двухкамерный стеклопакет, поворотно-откидные. Фурнитура- Roto. Подоконники, отливы, москитные сетки.</span></p>\r\n\r\n<p><span class="icon"><img src="/static/img/icon_door.png" /></span> <span class="name">Дверь входная</span> <span class="info">Металлическая. Производство-Россия. Утепленная, наружная отделка- молотковая эмаль, внутренняя- ламинация. Два замка, глазок, резиновый уплотнитель.</span></p>\r\n\r\n<p><span class="icon"><img src="/static/img/icon_balkon.png" /></span> <span class="name">Балкон, крыльцо, терраса.</span> <span class="info">Входит в стоимость</span></p>\r\n\r\n<p><span class="name">Монтаж, проект, бытовка для строителей</span> <span class="info">Входит в стоимость</span></p>	9	2	<p><span class="icon"><img src="/static/img/icon_fund.png" /></span> <span class="name">Фундамент</span> <span class="info">Свайно-винтовой, (оцинкованные) диаметром = 108 мм, длиной = 2.5м, закручиваемые спецтехникой с засыпкой песко-бетонной смесью.</span></p>\r\n\r\n<p><span class="name">Обвязочный брус</span> <span class="info">200 x 200 мм. (еств.влажности). Обработанный битумным праймером.</span></p>\r\n\r\n<p><span class="name">Цокольное перекрытие</span> <span class="info">СИП панели 224 мм, уложенные с шагом 625 мм. Состав панели : OSB 12 мм + ПСБ 25Ф 200 мм +OSB 12 мм. В замке: доска 45 х 195 мм (сухой пиломатериал, камерный сушки). Обработанный битумным праймером от земли.</span></p>\r\n\r\n<p><span class="icon"><img src="/static/img/icon_sip.png" /></span> <span class="name">Наружные стены 1 этажа</span> <span class="info">СИП панели 174 мм, высотой 2.8 м. Состав панели: OSB 12 мм + ПСБ 25Ф 150 мм + OSB 12 мм. В замке: доска 45 х 145 мм (сухой пиломатериал, камерной сушки).</span></p>\r\n\r\n<p><span class="name">Внутренние стены 1 этажа</span> <span class="info">Сип панели 174 мм (несущие) и 124 мм (вспомогательные). Состав панели: OSB 12 мм + ПСБ 25Ф 100-150 мм + OSB 12 мм. В замке: Доска 45 х 145 мм, 45 х 95 мм (сухой пиломатериал, камерной сушки). Высотой 2.8 м.</span></p>\r\n\r\n<p><span class="name">Междуэтажное перекрытие</span> <span class="info">Сип панель 224 мм, уложенные с шагом 625 мм. Состав панели: OSB 12 мм + ПСБ 25Ф 200 мм + OSB 12 мм. (сухой пиломатериал, камерной сушки)</span></p>\r\n\r\n<p><span class="icon"><img src="/static/img/icon_sip.png" /></span> <span class="name">Наружные стены 2 этажа</span> <span class="info">СИП панели 174 мм, высотой 2.5 м. Состав панели: OSB 12 мм +ПСБ 25Ф 150 мм +OSB 12 мм. В замке: доска 45 х 145 мм (сухой пиломатериал, камерной сушки).</span></p>\r\n\r\n<p><span class="name">Внутренние стены 2 этажа</span> <span class="info">Сип панели 174 мм (несущие) и 124 мм (вспомогательные). Высотой 2.5 м. Состав панели: OSB 12 мм + ПСБ 25Ф 100-150 мм + OSB 12 мм. В замке: доска 45 х 95-145 мм (сухой пиломатериал, камерной сушки).</span></p>\r\n\r\n<p><span class="name">Чердачное перекрытие</span> <span class="info">Сип панели 174 мм. Состав панели: OSB 12 мм + ПСБ 25Ф 150 мм + OSB 12 мм. В замке: доска 45 х 145 мм (сухой пиломатериал, камерной сушки). Шаг панелей 1250 мм.</span></p>\r\n\r\n<p><span class="name">Кровля</span> <span class="info">Металлочерепица &ndash; полиэстэр, толщина стали 0,5 мм. Комплектующие (гидроизоляция, конек, карнизные и ветровые планки, саморезы и тд.)</span></p>\r\n\r\n<p><span class="icon"><img src="/static/img/icon_window.png" /></span> <span class="name">Окна</span> <span class="info">ПВХ &laquo;Штерн&raquo; 70-коробка. Двухкамерный, энергосберегающий стеклопакет, поворотно-откидные. Фурнитура- Roto. Подоконники, отливы, москитные сетки.</span></p>\r\n\r\n<p><span class="icon"><img src="/static/img/icon_door.png" /></span> <span class="name">Дверь входная</span> <span class="info">Металлическая. Производство-Россия. Утепленная, наружная отделка- молотковая эмаль, внутренняя- ламинация. Два замка, глазок, резиновый уплотнитель.</span></p>\r\n\r\n<p><span class="icon"><img src="/static/img/icon_balkon.png" /></span> <span class="name">Балкон, крыльцо, терраса.</span> <span class="info">Входит в стоимость</span></p>\r\n\r\n<p><span class="name">Монтаж, проект, бытовка для строителей</span> <span class="info">Входит в стоимость</span></p>	0
40	0	0	<p><span class="icon"><img src="/static/img/icon_fund.png" /></span> <span class="name">Фундамент</span> <span class="info">Свайно-винтовой, (черный металл) диаметром = 108 мм, длиной = 2.5м, закручиваемые спецтехникой с засыпкой песко-бетонной смесью.</span></p>\r\n\r\n<p><span class="name">Обвязочный брус</span> <span class="info">150 x 150 мм. Обработанный битумным праймером.</span></p>\r\n\r\n<p><span class="name">Цокольное перекрытие</span> <span class="info">СИП панели 174 мм, уложенные с шагом 625 мм. Состав панели: OSB 12 мм + ПСБ 25Ф 150 мм + OSB 12 мм. В замке: брус 95 х 145 мм. (еств.влажности).</span></p>\r\n\r\n<p><span class="icon"><img src="/static/img/icon_termo.png" /></span> <span class="name">Наружные стены 1 этажа</span> <span class="info">Термопанель 159 мм, высотой 2.5 м. Состав панели: OSB 9 мм + Мин.плита 150 мм, плотность 50 кг\\м3. В замке: доска 50 х 150 мм. (еств.влажности). Шаг панелей 625 мм. Обработка наружных швов герметиком &ldquo;Стиз А&rdquo;</span></p>\r\n\r\n<p><span class="name">Внутренние стены 1 этажа</span> <span class="info">Внутренние стены - каркасно-обшивные, доска 50 х 150 мм. (еств. влажности). Шаг - 600мм, без обшивки.</span></p>\r\n\r\n<p><span class="name">Междуэтажное перекрытие</span> <span class="info">Брус 95 x 195 мм (еств. влажности) с настилом OSB 22 мм. Утепление 200 мм (по контуру). Шаг лаг 400 &ndash; 600 мм.</span></p>\r\n\r\n<p><span class="icon"><img src="/static/img/icon_termo.png" /></span> <span class="name">Наружные стены 2 этажа</span> <span class="info">Термопанель 159 мм, высотой 2.5 м. Состав панели: OSB 9 мм + Мин.плита 150 мм , плотность 50 кг/м3 . В замке: доска 50 х 150 мм (еств. влажности). Шаг панелей 625 мм. Обработка наружных швов герметиком &ldquo;Стиз А&rdquo;</span></p>\r\n\r\n<p><span class="name">Внутренние стены 2 этажа</span> <span class="info">Внутренние стены - каркасно-обшивные, доска &ndash; 50 х 150 мм (еств. влажности). Шаг - 600 мм, без обшивки. Высотой 2.5 м.</span></p>\r\n\r\n<p><span class="name">Чердачное перекрытие</span> <span class="info">Доска 50 х 200 мм (еств. влажности). Шаг лаг 400 &ndash; 600 мм. Утепление 200 мм.</span></p>\r\n\r\n<p><span class="name">Кровля</span> <span class="info">Металлочерепица &ndash; полиэстэр, толщина стали 0.5 мм. Комплектующие (гидроизоляция, конек, карнизные и ветровые планки, саморезы и др.)</span></p>\r\n\r\n<p><span class="icon"><img src="/static/img/icon_window.png" /></span> <span class="name">Окна</span> <span class="info">ПВХ &laquo;Штерн&raquo; 58-коробка. Двухкамерный стеклопакет, поворотно-откидные. Фурнитура - Roto.</span></p>\r\n\r\n<p><span class="icon"><img src="/static/img/icon_door.png" /></span> <span class="name">Дверь входная</span> <span class="info">Металлическая. Производство-Россия. Утепленная, наружная отделка - молотковая эмаль, внутренняя - ламинация. Два замка, глазок, резиновый уплотнитель.</span></p>\r\n\r\n<p><span class="icon"><img src="/static/img/icon_balkon.png" /></span> <span class="name">Балкон, крыльцо, терраса.</span> <span class="info">Входит в стоимость</span></p>\r\n\r\n<p><span class="name">Монтаж, проект, бытовка для строителей</span> <span class="info">Входит в стоимость</span></p>	<p>\r\n  <span class="icon"><img src="/static/img/icon_fund.png"></span>\r\n  <span class="name">Фундамент</span>\r\n  <span class="info">Свайно-винтовой, (черный металл) диаметром = 108 мм, длиной = 2.5м, закручиваемые спецтехникой с засыпкой песко-бетонной смесью.</span>\r\n</p>\r\n<p>\r\n  <span class="icon"></span>\r\n  <span class="name">Обвязочный брус</span>\r\n  <span class="info">200 x 200 мм. Обработанный битумным праймером.</span>\r\n</p>\r\n<p>\r\n  <span class="icon"></span>\r\n  <span class="name">Цокольное перекрытие</span>\r\n  <span class="info">СИП панели 224 мм, уложенные с шагом 625 мм. Состав панели: OSB 12 мм + ПСБ 25Ф 200 мм + OSB 12 мм. В замке: брус 95 х 195 мм. (еств.влажности).</span>\r\n</p>\r\n<p>\r\n  <span class="icon"><img src="/static/img/icon_termo.png"></span>\r\n  <span class="name">Наружные стены 1 этажа</span>\r\n  <span class="info">Термопанель 212 мм, высотой 2.8 м. Состав панели: OSB 12 мм  + Мин.плита 200 мм, плотность 50 кг\\м3. В замке: доска 50 х 200 мм. (еств. влажности). Шаг панелей 625 мм. Обработка наружных швов герметиком “Стиз А”</span>\r\n</p>\r\n<p>\r\n  <span class="icon"></span>\r\n  <span class="name">Внутренние стены 1 этажа</span>\r\n  <span class="info">Внутренние стены - каркасно-обшивные, высотой 2.8 м. Доска 50 х 150 мм. (еств. влажности). Шаг - 600мм, без обшивки. Звукоизоляция 100 - 150 мм.</span>\r\n</p>\r\n<p>\r\n  <span class="icon"></span>\r\n  <span class="name">Междуэтажное перекрытие</span>\r\n  <span class="info">Брус 95 x 195 мм (еств. влажности) с настилом OSB 22 мм. Утепление 200 мм (по контуру). Шаг лаг 400 – 600 мм.</span>\r\n</p>\r\n<p>\r\n  <span class="icon"><img src="/static/img/icon_termo.png"></span>\r\n  <span class="name">Наружные стены 2 этажа</span>\r\n  <span class="info">Термопанель 212 мм, высотой 2.5 м. Состав панели:  OSB 12 мм + Мин.плита 200 мм , плотность 50 кг/м3. В замке: доска 50 х 200 мм. (еств. влажности). Шаг панелей 625 мм. Обработка наружных швов герметиком “Стиз А”</span>\r\n</p>\r\n<p>\r\n  <span class="icon"></span>\r\n  <span class="name">Внутренние стены 2 этажа</span>\r\n  <span class="info">Внутренние стены - каркасно-обшивные, доска – 50 х 150 мм (еств. влажности). Шаг- 600 мм, без обшивки. Высотой 2.5 м. Звукоизоляция 100 – 150 мм.</span>\r\n</p>\r\n<p>\r\n  <span class="icon"></span>\r\n  <span class="name">Чердачное перекрытие</span>\r\n  <span class="info">Термопанель 212 мм. Состав панели: OSB 12 мм + Мин.плита 200 мм, плотность 50 кг/м3. В замке: доска 50 х 200 мм (еств. влажности). Шаг панелей 625 мм.</span>\r\n</p>\r\n<p>\r\n  <span class="icon"></span>\r\n  <span class="name">Кровля</span>\r\n  <span class="info">Металлочерепица – полиэстэр, толщина стали 0.5 мм. Комплектующие (гидроизоляция, конек, карнизные и ветровые планки, саморезы и др.)</span>\r\n</p>\r\n<p>\r\n  <span class="icon"><img src="/static/img/icon_window.png"></span>\r\n  <span class="name">Окна</span>\r\n  <span class="info">ПВХ «Штерн» 70-коробка. Двухкамерный стеклопакет, поворотно-откидные. Фурнитура - Roto. Подоконники, отливы, москитные сетки.</span>\r\n</p>\r\n<p>\r\n  <span class="icon"><img src="/static/img/icon_door.png"></span>\r\n  <span class="name">Дверь входная</span>\r\n  <span class="info">Металлическая. Производство-Россия. Утепленная, наружная отделка - молотковая эмаль, внутренняя - ламинация. Два замка, глазок, резиновый уплотнитель.</span>\r\n</p>\r\n<p>\r\n  <span class="icon"><img src="/static/img/icon_balkon.png"></span>\r\n  <span class="name">Балкон, крыльцо, терраса.</span>\r\n  <span class="info">Входит в стоимость</span>\r\n</p>\r\n<p>\r\n  <span class="icon"></span>\r\n  <span class="name">Монтаж, проект, бытовка для строителей</span>\r\n  <span class="info">Входит в стоимость</span>\r\n</p>	9	1	<p><span class="icon"><img src="/static/img/icon_fund.png" /></span> <span class="name">Фундамент</span> <span class="info">Свайно-винтовой, (черный металл) диаметром = 108 мм, длиной = 2.5м, закручиваемые спецтехникой с засыпкой песко-бетонной смесью.</span></p>\r\n\r\n<p><span class="name">Обвязочный брус</span> <span class="info">150 x 150 мм. Обработанный битумным праймером.</span></p>\r\n\r\n<p><span class="name">Цокольное перекрытие</span> <span class="info">СИП панели 174 мм, уложенные с шагом 625 мм. Состав панели: OSB 12 мм + ПСБ 25Ф 150 мм + OSB 12 мм. В замке: брус 95 х 145 мм. (еств.влажности).</span></p>\r\n\r\n<p><span class="icon"><img src="/static/img/icon_termo.png" /></span> <span class="name">Наружные стены 1 этажа</span> <span class="info">Термопанель 159 мм, высотой 2.5 м. Состав панели: OSB 9 мм + Мин.плита 150 мм, плотность 50 кг\\м3. В замке: доска 50 х 150 мм. (еств.влажности). Шаг панелей 625 мм. Обработка наружных швов герметиком &ldquo;Стиз А&rdquo;</span></p>\r\n\r\n<p><span class="name">Внутренние стены 1 этажа</span> <span class="info">Внутренние стены - каркасно-обшивные, доска 50 х 150 мм. (еств. влажности). Шаг - 600мм, без обшивки.</span></p>\r\n\r\n<p><span class="name">Междуэтажное перекрытие</span> <span class="info">Брус 95 x 195 мм (еств. влажности) с настилом OSB 22 мм. Утепление 200 мм (по контуру). Шаг лаг 400 &ndash; 600 мм.</span></p>\r\n\r\n<p><span class="icon"><img src="/static/img/icon_termo.png" /></span> <span class="name">Наружные стены 2 этажа</span> <span class="info">Термопанель 159 мм, высотой 2.5 м. Состав панели: OSB 9 мм + Мин.плита 150 мм , плотность 50 кг/м3 . В замке: доска 50 х 150 мм (еств. влажности). Шаг панелей 625 мм. Обработка наружных швов герметиком &ldquo;Стиз А&rdquo;</span></p>\r\n\r\n<p><span class="name">Внутренние стены 2 этажа</span> <span class="info">Внутренние стены - каркасно-обшивные, доска &ndash; 50 х 150 мм (еств. влажности). Шаг - 600 мм, без обшивки. Высотой 2.5 м.</span></p>\r\n\r\n<p><span class="name">Чердачное перекрытие</span> <span class="info">Доска 50 х 200 мм (еств. влажности). Шаг лаг 400 &ndash; 600 мм. Утепление 200 мм.</span></p>\r\n\r\n<p><span class="name">Кровля</span> <span class="info">Металлочерепица &ndash; полиэстэр, толщина стали 0.5 мм. Комплектующие (гидроизоляция, конек, карнизные и ветровые планки, саморезы и др.)</span></p>\r\n\r\n<p><span class="icon"><img src="/static/img/icon_window.png" /></span> <span class="name">Окна</span> <span class="info">ПВХ &laquo;Штерн&raquo; 58-коробка. Двухкамерный стеклопакет, поворотно-откидные. Фурнитура - Roto.</span></p>\r\n\r\n<p><span class="icon"><img src="/static/img/icon_door.png" /></span> <span class="name">Дверь входная</span> <span class="info">Металлическая. Производство-Россия. Утепленная, наружная отделка - молотковая эмаль, внутренняя - ламинация. Два замка, глазок, резиновый уплотнитель.</span></p>\r\n\r\n<p><span class="icon"><img src="/static/img/icon_balkon.png" /></span> <span class="name">Балкон, крыльцо, терраса.</span> <span class="info">Входит в стоимость</span></p>\r\n\r\n<p><span class="name">Монтаж, проект, бытовка для строителей</span> <span class="info">Входит в стоимость</span></p>	0
41	0	0	<p><span class="icon"><img src="/static/img/icon_fund.png" /></span> <span class="name">Фундамент</span> <span class="info">Свайно-винтовой, (черный металл) диаметром = 108 мм, длиной = 2.5м, закручиваемые спецтехникой с засыпкой песко-бетонной смесью.</span></p>\r\n\r\n<p><span class="name">Обвязочный брус</span> <span class="info">150 x 150 мм. Обработанный битумным праймером.</span></p>\r\n\r\n<p><span class="name">Цокольное перекрытие</span> <span class="info">СИП панели 174 мм, уложенные с шагом 625 мм. Состав панели: OSB 12 мм + ПСБ 25Ф 150 мм + OSB 12 мм. В замке: брус 95 х 145 мм. (еств.влажности).</span></p>\r\n\r\n<p><span class="icon"><img src="/static/img/icon_termo.png" /></span> <span class="name">Наружные стены 1 этажа</span> <span class="info">Термопанель 159 мм, высотой 2.5 м. Состав панели: OSB 9 мм + Мин.плита 150 мм, плотность 50 кг\\м3. В замке: доска 50 х 150 мм. (еств.влажности). Шаг панелей 625 мм. Обработка наружных швов герметиком &ldquo;Стиз А&rdquo;</span></p>\r\n\r\n<p><span class="name">Внутренние стены 1 этажа</span> <span class="info">Внутренние стены - каркасно-обшивные, доска 50 х 150 мм. (еств. влажности). Шаг - 600мм, без обшивки.</span></p>\r\n\r\n<p><span class="name">Междуэтажное перекрытие</span> <span class="info">Брус 95 x 195 мм (еств. влажности) с настилом OSB 22 мм. Утепление 200 мм (по контуру). Шаг лаг 400 &ndash; 600 мм.</span></p>\r\n\r\n<p><span class="icon"><img src="/static/img/icon_termo.png" /></span> <span class="name">Наружные стены 2 этажа</span> <span class="info">Термопанель 159 мм, высотой 2.5 м. Состав панели: OSB 9 мм + Мин.плита 150 мм , плотность 50 кг/м3 . В замке: доска 50 х 150 мм (еств. влажности). Шаг панелей 625 мм. Обработка наружных швов герметиком &ldquo;Стиз А&rdquo;</span></p>\r\n\r\n<p><span class="name">Внутренние стены 2 этажа</span> <span class="info">Внутренние стены - каркасно-обшивные, доска &ndash; 50 х 150 мм (еств. влажности). Шаг - 600 мм, без обшивки. Высотой 2.5 м.</span></p>\r\n\r\n<p><span class="name">Чердачное перекрытие</span> <span class="info">Доска 50 х 200 мм (еств. влажности). Шаг лаг 400 &ndash; 600 мм. Утепление 200 мм.</span></p>\r\n\r\n<p><span class="name">Кровля</span> <span class="info">Металлочерепица &ndash; полиэстэр, толщина стали 0.5 мм. Комплектующие (гидроизоляция, конек, карнизные и ветровые планки, саморезы и др.)</span></p>\r\n\r\n<p><span class="icon"><img src="/static/img/icon_window.png" /></span> <span class="name">Окна</span> <span class="info">ПВХ &laquo;Штерн&raquo; 58-коробка. Двухкамерный стеклопакет, поворотно-откидные. Фурнитура - Roto.</span></p>\r\n\r\n<p><span class="icon"><img src="/static/img/icon_door.png" /></span> <span class="name">Дверь входная</span> <span class="info">Металлическая. Производство-Россия. Утепленная, наружная отделка - молотковая эмаль, внутренняя - ламинация. Два замка, глазок, резиновый уплотнитель.</span></p>\r\n\r\n<p><span class="icon"><img src="/static/img/icon_balkon.png" /></span> <span class="name">Балкон, крыльцо, терраса.</span> <span class="info">Входит в стоимость</span></p>\r\n\r\n<p><span class="name">Монтаж, проект, бытовка для строителей</span> <span class="info">Входит в стоимость</span></p>	<p><span class="icon"><img src="/static/img/icon_fund.png" /></span> <span class="name">Фундамент</span> <span class="info">Свайно-винтовой, (черный металл) диаметром = 108 мм, длиной = 2.5м, закручиваемые спецтехникой с засыпкой песко-бетонной смесью.</span></p>\r\n\r\n<p><span class="name">Обвязочный брус</span> <span class="info">200 x 200 мм. Обработанный битумным праймером.</span></p>\r\n\r\n<p><span class="name">Цокольное перекрытие</span> <span class="info">СИП панели 224 мм, уложенные с шагом 625 мм. Состав панели: OSB 12 мм + ПСБ 25Ф 200 мм + OSB 12 мм. В замке: брус 95 х 195 мм. (еств.влажности).</span></p>\r\n\r\n<p><span class="icon"><img src="/static/img/icon_termo.png" /></span> <span class="name">Наружные стены 1 этажа</span> <span class="info">Термопанель 212 мм, высотой 2.8 м. Состав панели: OSB 12 мм + Мин.плита 200 мм, плотность 50 кг\\м3. В замке: доска 50 х 200 мм. (еств. влажности). Шаг панелей 625 мм. Обработка наружных швов герметиком &ldquo;Стиз А&rdquo;</span></p>\r\n\r\n<p><span class="name">Внутренние стены 1 этажа</span> <span class="info">Внутренние стены - каркасно-обшивные, высотой 2.8 м. Доска 50 х 150 мм. (еств. влажности). Шаг - 600мм, без обшивки. Звукоизоляция 100 - 150 мм.</span></p>\r\n\r\n<p><span class="name">Междуэтажное перекрытие</span> <span class="info">Брус 95 x 195 мм (еств. влажности) с настилом OSB 22 мм. Утепление 200 мм (по контуру). Шаг лаг 400 &ndash; 600 мм.</span></p>\r\n\r\n<p><span class="icon"><img src="/static/img/icon_termo.png" /></span> <span class="name">Наружные стены 2 этажа</span> <span class="info">Термопанель 212 мм, высотой 2.5 м. Состав панели: OSB 12 мм + Мин.плита 200 мм , плотность 50 кг/м3. В замке: доска 50 х 200 мм. (еств. влажности). Шаг панелей 625 мм. Обработка наружных швов герметиком &ldquo;Стиз А&rdquo;</span></p>\r\n\r\n<p><span class="name">Внутренние стены 2 этажа</span> <span class="info">Внутренние стены - каркасно-обшивные, доска &ndash; 50 х 150 мм (еств. влажности). Шаг- 600 мм, без обшивки. Высотой 2.5 м. Звукоизоляция 100 &ndash; 150 мм.</span></p>\r\n\r\n<p><span class="name">Чердачное перекрытие</span> <span class="info">Термопанель 212 мм. Состав панели: OSB 12 мм + Мин.плита 200 мм, плотность 50 кг/м3. В замке: доска 50 х 200 мм (еств. влажности). Шаг панелей 625 мм.</span></p>\r\n\r\n<p><span class="name">Кровля</span> <span class="info">Металлочерепица &ndash; полиэстэр, толщина стали 0.5 мм. Комплектующие (гидроизоляция, конек, карнизные и ветровые планки, саморезы и др.)</span></p>\r\n\r\n<p><span class="icon"><img src="/static/img/icon_window.png" /></span> <span class="name">Окна</span> <span class="info">ПВХ &laquo;Штерн&raquo; 70-коробка. Двухкамерный стеклопакет, поворотно-откидные. Фурнитура - Roto. Подоконники, отливы, москитные сетки.</span></p>\r\n\r\n<p><span class="icon"><img src="/static/img/icon_door.png" /></span> <span class="name">Дверь входная</span> <span class="info">Металлическая. Производство-Россия. Утепленная, наружная отделка - молотковая эмаль, внутренняя - ламинация. Два замка, глазок, резиновый уплотнитель.</span></p>\r\n\r\n<p><span class="icon"><img src="/static/img/icon_balkon.png" /></span> <span class="name">Балкон, крыльцо, терраса.</span> <span class="info">Входит в стоимость</span></p>\r\n\r\n<p><span class="name">Монтаж, проект, бытовка для строителей</span> <span class="info">Входит в стоимость</span></p>	10	1	<p>Премиум</p>	0
42	0	0	<p><span class="icon"><img src="/static/img/icon_fund.png" /></span> <span class="name">Фундамент</span> <span class="info">Свайно-винтовой, (черный металл) диаметром = 108 мм, длиной = 2.5м, закручиваемые спецтехникой с засыпкой песко-бетонной смесью.</span></p>\r\n\r\n<p><span class="name">Обвязочный брус</span> <span class="info">150 x 150 мм. Обработанный битумным праймером.</span></p>\r\n\r\n<p><span class="name">Цокольное перекрытие</span> <span class="info">СИП панели 174 мм, уложенные с шагом 625 мм. Состав панели: OSB 12 мм + ПСБ 25Ф 150 мм + OSB 12 мм. В замке: брус 95 х 145 мм. (еств.влажности).</span></p>\r\n\r\n<p><span class="icon"><img src="/static/img/icon_termo.png" /></span> <span class="name">Наружные стены 1 этажа</span> <span class="info">Термопанель 159 мм, высотой 2.5 м. Состав панели: OSB 9 мм + Мин.плита 150 мм, плотность 50 кг\\м3. В замке: доска 50 х 150 мм. (еств.влажности). Шаг панелей 625 мм. Обработка наружных швов герметиком &ldquo;Стиз А&rdquo;</span></p>\r\n\r\n<p><span class="name">Внутренние стены 1 этажа</span> <span class="info">Внутренние стены - каркасно-обшивные, доска 50 х 150 мм. (еств. влажности). Шаг - 600мм, без обшивки.</span></p>\r\n\r\n<p><span class="name">Междуэтажное перекрытие</span> <span class="info">Брус 95 x 195 мм (еств. влажности) с настилом OSB 22 мм. Утепление 200 мм (по контуру). Шаг лаг 400 &ndash; 600 мм.</span></p>\r\n\r\n<p><span class="icon"><img src="/static/img/icon_termo.png" /></span> <span class="name">Наружные стены 2 этажа</span> <span class="info">Термопанель 159 мм, высотой 2.5 м. Состав панели: OSB 9 мм + Мин.плита 150 мм , плотность 50 кг/м3 . В замке: доска 50 х 150 мм (еств. влажности). Шаг панелей 625 мм. Обработка наружных швов герметиком &ldquo;Стиз А&rdquo;</span></p>\r\n\r\n<p><span class="name">Внутренние стены 2 этажа</span> <span class="info">Внутренние стены - каркасно-обшивные, доска &ndash; 50 х 150 мм (еств. влажности). Шаг - 600 мм, без обшивки. Высотой 2.5 м.</span></p>\r\n\r\n<p><span class="name">Чердачное перекрытие</span> <span class="info">Доска 50 х 200 мм (еств. влажности). Шаг лаг 400 &ndash; 600 мм. Утепление 200 мм.</span></p>\r\n\r\n<p><span class="name">Кровля</span> <span class="info">Металлочерепица &ndash; полиэстэр, толщина стали 0.5 мм. Комплектующие (гидроизоляция, конек, карнизные и ветровые планки, саморезы и др.)</span></p>\r\n\r\n<p><span class="icon"><img src="/static/img/icon_window.png" /></span> <span class="name">Окна</span> <span class="info">ПВХ &laquo;Штерн&raquo; 58-коробка. Двухкамерный стеклопакет, поворотно-откидные. Фурнитура - Roto.</span></p>\r\n\r\n<p><span class="icon"><img src="/static/img/icon_door.png" /></span> <span class="name">Дверь входная</span> <span class="info">Металлическая. Производство-Россия. Утепленная, наружная отделка - молотковая эмаль, внутренняя - ламинация. Два замка, глазок, резиновый уплотнитель.</span></p>\r\n\r\n<p><span class="icon"><img src="/static/img/icon_balkon.png" /></span> <span class="name">Балкон, крыльцо, терраса.</span> <span class="info">Входит в стоимость</span></p>\r\n\r\n<p><span class="name">Монтаж, проект, бытовка для строителей</span> <span class="info">Входит в стоимость</span></p>	<p><span class="icon"><img src="/static/img/icon_fund.png" /></span> <span class="name">Фундамент</span> <span class="info">Свайно-винтовой, (черный металл) диаметром = 108 мм, длиной = 2.5м, закручиваемые спецтехникой с засыпкой песко-бетонной смесью.</span></p>\r\n\r\n<p><span class="name">Обвязочный брус</span> <span class="info">200 x 200 мм. Обработанный битумным праймером.</span></p>\r\n\r\n<p><span class="name">Цокольное перекрытие</span> <span class="info">СИП панели 224 мм, уложенные с шагом 625 мм. Состав панели: OSB 12 мм + ПСБ 25Ф 200 мм + OSB 12 мм. В замке: брус 95 х 195 мм. (еств.влажности).</span></p>\r\n\r\n<p><span class="icon"><img src="/static/img/icon_termo.png" /></span> <span class="name">Наружные стены 1 этажа</span> <span class="info">Термопанель 212 мм, высотой 2.8 м. Состав панели: OSB 12 мм + Мин.плита 200 мм, плотность 50 кг\\м3. В замке: доска 50 х 200 мм. (еств. влажности). Шаг панелей 625 мм. Обработка наружных швов герметиком &ldquo;Стиз А&rdquo;</span></p>\r\n\r\n<p><span class="name">Внутренние стены 1 этажа</span> <span class="info">Внутренние стены - каркасно-обшивные, высотой 2.8 м. Доска 50 х 150 мм. (еств. влажности). Шаг - 600мм, без обшивки. Звукоизоляция 100 - 150 мм.</span></p>\r\n\r\n<p><span class="name">Междуэтажное перекрытие</span> <span class="info">Брус 95 x 195 мм (еств. влажности) с настилом OSB 22 мм. Утепление 200 мм (по контуру). Шаг лаг 400 &ndash; 600 мм.</span></p>\r\n\r\n<p><span class="icon"><img src="/static/img/icon_termo.png" /></span> <span class="name">Наружные стены 2 этажа</span> <span class="info">Термопанель 212 мм, высотой 2.5 м. Состав панели: OSB 12 мм + Мин.плита 200 мм , плотность 50 кг/м3. В замке: доска 50 х 200 мм. (еств. влажности). Шаг панелей 625 мм. Обработка наружных швов герметиком &ldquo;Стиз А&rdquo;</span></p>\r\n\r\n<p><span class="name">Внутренние стены 2 этажа</span> <span class="info">Внутренние стены - каркасно-обшивные, доска &ndash; 50 х 150 мм (еств. влажности). Шаг- 600 мм, без обшивки. Высотой 2.5 м. Звукоизоляция 100 &ndash; 150 мм.</span></p>\r\n\r\n<p><span class="name">Чердачное перекрытие</span> <span class="info">Термопанель 212 мм. Состав панели: OSB 12 мм + Мин.плита 200 мм, плотность 50 кг/м3. В замке: доска 50 х 200 мм (еств. влажности). Шаг панелей 625 мм.</span></p>\r\n\r\n<p><span class="name">Кровля</span> <span class="info">Металлочерепица &ndash; полиэстэр, толщина стали 0.5 мм. Комплектующие (гидроизоляция, конек, карнизные и ветровые планки, саморезы и др.)</span></p>\r\n\r\n<p><span class="icon"><img src="/static/img/icon_window.png" /></span> <span class="name">Окна</span> <span class="info">ПВХ &laquo;Штерн&raquo; 70-коробка. Двухкамерный стеклопакет, поворотно-откидные. Фурнитура - Roto. Подоконники, отливы, москитные сетки.</span></p>\r\n\r\n<p><span class="icon"><img src="/static/img/icon_door.png" /></span> <span class="name">Дверь входная</span> <span class="info">Металлическая. Производство-Россия. Утепленная, наружная отделка - молотковая эмаль, внутренняя - ламинация. Два замка, глазок, резиновый уплотнитель.</span></p>\r\n\r\n<p><span class="icon"><img src="/static/img/icon_balkon.png" /></span> <span class="name">Балкон, крыльцо, терраса.</span> <span class="info">Входит в стоимость</span></p>\r\n\r\n<p><span class="name">Монтаж, проект, бытовка для строителей</span> <span class="info">Входит в стоимость</span></p>	11	1	<p>Премиум</p>	0
43	0	0	<p><span class="icon"><img src="/static/img/icon_fund.png" /></span> <span class="name">Фундамент</span> <span class="info">Свайно-винтовой, (черный металл) диаметром = 108 мм, длиной = 2.5м, закручиваемые спецтехникой с засыпкой песко-бетонной смесью.</span></p>\r\n\r\n<p><span class="name">Обвязочный брус</span> <span class="info">150 x 150 мм. Обработанный битумным праймером.</span></p>\r\n\r\n<p><span class="name">Цокольное перекрытие</span> <span class="info">СИП панели 174 мм, уложенные с шагом 625 мм. Состав панели: OSB 12 мм + ПСБ 25Ф 150 мм + OSB 12 мм. В замке: брус 95 х 145 мм. (еств.влажности).</span></p>\r\n\r\n<p><span class="icon"><img src="/static/img/icon_termo.png" /></span> <span class="name">Наружные стены 1 этажа</span> <span class="info">Термопанель 159 мм, высотой 2.5 м. Состав панели: OSB 9 мм + Мин.плита 150 мм, плотность 50 кг\\м3. В замке: доска 50 х 150 мм. (еств.влажности). Шаг панелей 625 мм. Обработка наружных швов герметиком &ldquo;Стиз А&rdquo;</span></p>\r\n\r\n<p><span class="name">Внутренние стены 1 этажа</span> <span class="info">Внутренние стены - каркасно-обшивные, доска 50 х 150 мм. (еств. влажности). Шаг - 600мм, без обшивки.</span></p>\r\n\r\n<p><span class="name">Междуэтажное перекрытие</span> <span class="info">Брус 95 x 195 мм (еств. влажности) с настилом OSB 22 мм. Утепление 200 мм (по контуру). Шаг лаг 400 &ndash; 600 мм.</span></p>\r\n\r\n<p><span class="icon"><img src="/static/img/icon_termo.png" /></span> <span class="name">Наружные стены 2 этажа</span> <span class="info">Термопанель 159 мм, высотой 2.5 м. Состав панели: OSB 9 мм + Мин.плита 150 мм , плотность 50 кг/м3 . В замке: доска 50 х 150 мм (еств. влажности). Шаг панелей 625 мм. Обработка наружных швов герметиком &ldquo;Стиз А&rdquo;</span></p>\r\n\r\n<p><span class="name">Внутренние стены 2 этажа</span> <span class="info">Внутренние стены - каркасно-обшивные, доска &ndash; 50 х 150 мм (еств. влажности). Шаг - 600 мм, без обшивки. Высотой 2.5 м.</span></p>\r\n\r\n<p><span class="name">Чердачное перекрытие</span> <span class="info">Доска 50 х 200 мм (еств. влажности). Шаг лаг 400 &ndash; 600 мм. Утепление 200 мм.</span></p>\r\n\r\n<p><span class="name">Кровля</span> <span class="info">Металлочерепица &ndash; полиэстэр, толщина стали 0.5 мм. Комплектующие (гидроизоляция, конек, карнизные и ветровые планки, саморезы и др.)</span></p>\r\n\r\n<p><span class="icon"><img src="/static/img/icon_window.png" /></span> <span class="name">Окна</span> <span class="info">ПВХ &laquo;Штерн&raquo; 58-коробка. Двухкамерный стеклопакет, поворотно-откидные. Фурнитура - Roto.</span></p>\r\n\r\n<p><span class="icon"><img src="/static/img/icon_door.png" /></span> <span class="name">Дверь входная</span> <span class="info">Металлическая. Производство-Россия. Утепленная, наружная отделка - молотковая эмаль, внутренняя - ламинация. Два замка, глазок, резиновый уплотнитель.</span></p>\r\n\r\n<p><span class="icon"><img src="/static/img/icon_balkon.png" /></span> <span class="name">Балкон, крыльцо, терраса.</span> <span class="info">Входит в стоимость</span></p>\r\n\r\n<p><span class="name">Монтаж, проект, бытовка для строителей</span> <span class="info">Входит в стоимость</span></p>	<p><span class="icon"><img src="/static/img/icon_fund.png" /></span> <span class="name">Фундамент</span> <span class="info">Свайно-винтовой, (черный металл) диаметром = 108 мм, длиной = 2.5м, закручиваемые спецтехникой с засыпкой песко-бетонной смесью.</span></p>\r\n\r\n<p><span class="name">Обвязочный брус</span> <span class="info">200 x 200 мм. Обработанный битумным праймером.</span></p>\r\n\r\n<p><span class="name">Цокольное перекрытие</span> <span class="info">СИП панели 224 мм, уложенные с шагом 625 мм. Состав панели: OSB 12 мм + ПСБ 25Ф 200 мм + OSB 12 мм. В замке: брус 95 х 195 мм. (еств.влажности).</span></p>\r\n\r\n<p><span class="icon"><img src="/static/img/icon_termo.png" /></span> <span class="name">Наружные стены 1 этажа</span> <span class="info">Термопанель 212 мм, высотой 2.8 м. Состав панели: OSB 12 мм + Мин.плита 200 мм, плотность 50 кг\\м3. В замке: доска 50 х 200 мм. (еств. влажности). Шаг панелей 625 мм. Обработка наружных швов герметиком &ldquo;Стиз А&rdquo;</span></p>\r\n\r\n<p><span class="name">Внутренние стены 1 этажа</span> <span class="info">Внутренние стены - каркасно-обшивные, высотой 2.8 м. Доска 50 х 150 мм. (еств. влажности). Шаг - 600мм, без обшивки. Звукоизоляция 100 - 150 мм.</span></p>\r\n\r\n<p><span class="name">Междуэтажное перекрытие</span> <span class="info">Брус 95 x 195 мм (еств. влажности) с настилом OSB 22 мм. Утепление 200 мм (по контуру). Шаг лаг 400 &ndash; 600 мм.</span></p>\r\n\r\n<p><span class="icon"><img src="/static/img/icon_termo.png" /></span> <span class="name">Наружные стены 2 этажа</span> <span class="info">Термопанель 212 мм, высотой 2.5 м. Состав панели: OSB 12 мм + Мин.плита 200 мм , плотность 50 кг/м3. В замке: доска 50 х 200 мм. (еств. влажности). Шаг панелей 625 мм. Обработка наружных швов герметиком &ldquo;Стиз А&rdquo;</span></p>\r\n\r\n<p><span class="name">Внутренние стены 2 этажа</span> <span class="info">Внутренние стены - каркасно-обшивные, доска &ndash; 50 х 150 мм (еств. влажности). Шаг- 600 мм, без обшивки. Высотой 2.5 м. Звукоизоляция 100 &ndash; 150 мм.</span></p>\r\n\r\n<p><span class="name">Чердачное перекрытие</span> <span class="info">Термопанель 212 мм. Состав панели: OSB 12 мм + Мин.плита 200 мм, плотность 50 кг/м3. В замке: доска 50 х 200 мм (еств. влажности). Шаг панелей 625 мм.</span></p>\r\n\r\n<p><span class="name">Кровля</span> <span class="info">Металлочерепица &ndash; полиэстэр, толщина стали 0.5 мм. Комплектующие (гидроизоляция, конек, карнизные и ветровые планки, саморезы и др.)</span></p>\r\n\r\n<p><span class="icon"><img src="/static/img/icon_window.png" /></span> <span class="name">Окна</span> <span class="info">ПВХ &laquo;Штерн&raquo; 70-коробка. Двухкамерный стеклопакет, поворотно-откидные. Фурнитура - Roto. Подоконники, отливы, москитные сетки.</span></p>\r\n\r\n<p><span class="icon"><img src="/static/img/icon_door.png" /></span> <span class="name">Дверь входная</span> <span class="info">Металлическая. Производство-Россия. Утепленная, наружная отделка - молотковая эмаль, внутренняя - ламинация. Два замка, глазок, резиновый уплотнитель.</span></p>\r\n\r\n<p><span class="icon"><img src="/static/img/icon_balkon.png" /></span> <span class="name">Балкон, крыльцо, терраса.</span> <span class="info">Входит в стоимость</span></p>\r\n\r\n<p><span class="name">Монтаж, проект, бытовка для строителей</span> <span class="info">Входит в стоимость</span></p>	12	1	<p>Премиум</p>	0
44	0	0	<p><span class="icon"><img src="/static/img/icon_fund.png" /></span> <span class="name">Фундамент</span> <span class="info">Свайно-винтовой, (черный металл) диаметром = 108 мм, длиной = 2.5м, закручиваемые спецтехникой с засыпкой песко-бетонной смесью.</span></p>\r\n\r\n<p><span class="name">Обвязочный брус</span> <span class="info">150 x 150 мм. Обработанный битумным праймером.</span></p>\r\n\r\n<p><span class="name">Цокольное перекрытие</span> <span class="info">СИП панели 174 мм, уложенные с шагом 625 мм. Состав панели: OSB 12 мм + ПСБ 25Ф 150 мм + OSB 12 мм. В замке: брус 95 х 145 мм. (еств.влажности).</span></p>\r\n\r\n<p><span class="icon"><img src="/static/img/icon_termo.png" /></span> <span class="name">Наружные стены 1 этажа</span> <span class="info">Термопанель 159 мм, высотой 2.5 м. Состав панели: OSB 9 мм + Мин.плита 150 мм, плотность 50 кг\\м3. В замке: доска 50 х 150 мм. (еств.влажности). Шаг панелей 625 мм. Обработка наружных швов герметиком &ldquo;Стиз А&rdquo;</span></p>\r\n\r\n<p><span class="name">Внутренние стены 1 этажа</span> <span class="info">Внутренние стены - каркасно-обшивные, доска 50 х 150 мм. (еств. влажности). Шаг - 600мм, без обшивки.</span></p>\r\n\r\n<p><span class="name">Междуэтажное перекрытие</span> <span class="info">Брус 95 x 195 мм (еств. влажности) с настилом OSB 22 мм. Утепление 200 мм (по контуру). Шаг лаг 400 &ndash; 600 мм.</span></p>\r\n\r\n<p><span class="icon"><img src="/static/img/icon_termo.png" /></span> <span class="name">Наружные стены 2 этажа</span> <span class="info">Термопанель 159 мм, высотой 2.5 м. Состав панели: OSB 9 мм + Мин.плита 150 мм , плотность 50 кг/м3 . В замке: доска 50 х 150 мм (еств. влажности). Шаг панелей 625 мм. Обработка наружных швов герметиком &ldquo;Стиз А&rdquo;</span></p>\r\n\r\n<p><span class="name">Внутренние стены 2 этажа</span> <span class="info">Внутренние стены - каркасно-обшивные, доска &ndash; 50 х 150 мм (еств. влажности). Шаг - 600 мм, без обшивки. Высотой 2.5 м.</span></p>\r\n\r\n<p><span class="name">Чердачное перекрытие</span> <span class="info">Доска 50 х 200 мм (еств. влажности). Шаг лаг 400 &ndash; 600 мм. Утепление 200 мм.</span></p>\r\n\r\n<p><span class="name">Кровля</span> <span class="info">Металлочерепица &ndash; полиэстэр, толщина стали 0.5 мм. Комплектующие (гидроизоляция, конек, карнизные и ветровые планки, саморезы и др.)</span></p>\r\n\r\n<p><span class="icon"><img src="/static/img/icon_window.png" /></span> <span class="name">Окна</span> <span class="info">ПВХ &laquo;Штерн&raquo; 58-коробка. Двухкамерный стеклопакет, поворотно-откидные. Фурнитура - Roto.</span></p>\r\n\r\n<p><span class="icon"><img src="/static/img/icon_door.png" /></span> <span class="name">Дверь входная</span> <span class="info">Металлическая. Производство-Россия. Утепленная, наружная отделка - молотковая эмаль, внутренняя - ламинация. Два замка, глазок, резиновый уплотнитель.</span></p>\r\n\r\n<p><span class="icon"><img src="/static/img/icon_balkon.png" /></span> <span class="name">Балкон, крыльцо, терраса.</span> <span class="info">Входит в стоимость</span></p>\r\n\r\n<p><span class="name">Монтаж, проект, бытовка для строителей</span> <span class="info">Входит в стоимость</span></p>	<p><span class="icon"><img src="/static/img/icon_fund.png" /></span> <span class="name">Фундамент</span> <span class="info">Свайно-винтовой, (черный металл) диаметром = 108 мм, длиной = 2.5м, закручиваемые спецтехникой с засыпкой песко-бетонной смесью.</span></p>\r\n\r\n<p><span class="name">Обвязочный брус</span> <span class="info">200 x 200 мм. Обработанный битумным праймером.</span></p>\r\n\r\n<p><span class="name">Цокольное перекрытие</span> <span class="info">СИП панели 224 мм, уложенные с шагом 625 мм. Состав панели: OSB 12 мм + ПСБ 25Ф 200 мм + OSB 12 мм. В замке: брус 95 х 195 мм. (еств.влажности).</span></p>\r\n\r\n<p><span class="icon"><img src="/static/img/icon_termo.png" /></span> <span class="name">Наружные стены 1 этажа</span> <span class="info">Термопанель 212 мм, высотой 2.8 м. Состав панели: OSB 12 мм + Мин.плита 200 мм, плотность 50 кг\\м3. В замке: доска 50 х 200 мм. (еств. влажности). Шаг панелей 625 мм. Обработка наружных швов герметиком &ldquo;Стиз А&rdquo;</span></p>\r\n\r\n<p><span class="name">Внутренние стены 1 этажа</span> <span class="info">Внутренние стены - каркасно-обшивные, высотой 2.8 м. Доска 50 х 150 мм. (еств. влажности). Шаг - 600мм, без обшивки. Звукоизоляция 100 - 150 мм.</span></p>\r\n\r\n<p><span class="name">Междуэтажное перекрытие</span> <span class="info">Брус 95 x 195 мм (еств. влажности) с настилом OSB 22 мм. Утепление 200 мм (по контуру). Шаг лаг 400 &ndash; 600 мм.</span></p>\r\n\r\n<p><span class="icon"><img src="/static/img/icon_termo.png" /></span> <span class="name">Наружные стены 2 этажа</span> <span class="info">Термопанель 212 мм, высотой 2.5 м. Состав панели: OSB 12 мм + Мин.плита 200 мм , плотность 50 кг/м3. В замке: доска 50 х 200 мм. (еств. влажности). Шаг панелей 625 мм. Обработка наружных швов герметиком &ldquo;Стиз А&rdquo;</span></p>\r\n\r\n<p><span class="name">Внутренние стены 2 этажа</span> <span class="info">Внутренние стены - каркасно-обшивные, доска &ndash; 50 х 150 мм (еств. влажности). Шаг- 600 мм, без обшивки. Высотой 2.5 м. Звукоизоляция 100 &ndash; 150 мм.</span></p>\r\n\r\n<p><span class="name">Чердачное перекрытие</span> <span class="info">Термопанель 212 мм. Состав панели: OSB 12 мм + Мин.плита 200 мм, плотность 50 кг/м3. В замке: доска 50 х 200 мм (еств. влажности). Шаг панелей 625 мм.</span></p>\r\n\r\n<p><span class="name">Кровля</span> <span class="info">Металлочерепица &ndash; полиэстэр, толщина стали 0.5 мм. Комплектующие (гидроизоляция, конек, карнизные и ветровые планки, саморезы и др.)</span></p>\r\n\r\n<p><span class="icon"><img src="/static/img/icon_window.png" /></span> <span class="name">Окна</span> <span class="info">ПВХ &laquo;Штерн&raquo; 70-коробка. Двухкамерный стеклопакет, поворотно-откидные. Фурнитура - Roto. Подоконники, отливы, москитные сетки.</span></p>\r\n\r\n<p><span class="icon"><img src="/static/img/icon_door.png" /></span> <span class="name">Дверь входная</span> <span class="info">Металлическая. Производство-Россия. Утепленная, наружная отделка - молотковая эмаль, внутренняя - ламинация. Два замка, глазок, резиновый уплотнитель.</span></p>\r\n\r\n<p><span class="icon"><img src="/static/img/icon_balkon.png" /></span> <span class="name">Балкон, крыльцо, терраса.</span> <span class="info">Входит в стоимость</span></p>\r\n\r\n<p><span class="name">Монтаж, проект, бытовка для строителей</span> <span class="info">Входит в стоимость</span></p>	13	1	<p>Премиум</p>	0
\.


--
-- Name: dvor_prjkit_id_seq; Type: SEQUENCE SET; Schema: public; Owner: kd_admin
--

SELECT pg_catalog.setval('dvor_prjkit_id_seq', 44, true);


--
-- Data for Name: dvor_prjphoto; Type: TABLE DATA; Schema: public; Owner: kd_admin
--

COPY dvor_prjphoto (id, type, img, prn_id) FROM stdin;
13	1	projects/Svatovo_f1.jpg	9
14	1	projects/Svatovo_f2.jpg	9
15	1	projects/Svatovo_f3.jpg	9
16	1	projects/Svatovo_f4.jpg	9
17	2	projects/Svatovo_p1.jpg	9
18	1	projects/Sharapovo_f1.jpg	10
19	1	projects/Sharapovo_f2.jpg	10
20	1	projects/Sharapovo_f3.jpg	10
21	1	projects/Sharapovo_f4.jpg	10
22	2	projects/Sharapovo_p1.jpg	10
23	1	projects/Suhanovo_f1.jpg	11
24	1	projects/Suhanovo_f2.jpg	11
25	1	projects/Suhanovo_f3.jpg	11
26	1	projects/Suhanovo_f4.jpg	11
27	2	projects/Suhanovo_p1.jpg	11
28	1	projects/Olgovo_f1.jpg	12
29	1	projects/Olgovo_f2.jpg	12
30	1	projects/Olgovo_f3.jpg	12
31	1	projects/Olgovo_f4.jpg	12
32	2	projects/Olgovo_p1.jpg	12
33	3	projects/Olgovo_p2.jpg	12
34	1	projects/Prohorovo_f1.jpg	13
35	1	projects/Prohorovo_f2.jpg	13
36	1	projects/Prohorovo_f3.jpg	13
37	1	projects/Prohorovo_f4.jpg	13
38	2	projects/Prohorovo_p1.jpg	13
39	3	projects/Prohorovo_p2.jpg	13
40	1	projects/Podushkino_f1.jpg	14
41	1	projects/Podushkino_f2.jpg	14
42	1	projects/Podushkino_f3.jpg	14
43	1	projects/Podushkino_f4.jpg	14
44	2	projects/Podushkino_p1.jpg	14
45	3	projects/Podushkino_p2.jpg	14
46	1	projects/Petrovskoe_f1.jpg	15
47	1	projects/Petrovskoe_f2.jpg	15
48	1	projects/Petrovskoe_f3.jpg	15
49	1	projects/Petrovskoe_f4.jpg	15
50	2	projects/Petrovskoe_p1.jpg	15
51	3	projects/Petrovskoe_p2.jpg	15
52	1	projects/Molodi_f1.jpg	16
53	1	projects/Molodi_f2.jpg	16
54	1	projects/Molodi_f3.jpg	16
55	1	projects/Molodi_f4.jpg	16
56	2	projects/Molodi_p1.jpg	16
57	3	projects/Molodi_p2.jpg	16
58	1	projects/Marino_f1.jpg	17
59	1	projects/Marino_f2.jpg	17
60	1	projects/Marino_f3.jpg	17
61	1	projects/Marino_f4.jpg	17
62	2	projects/Marino_p1.jpg	17
63	3	projects/Marino_p2.jpg	17
64	1	projects/Marfino_f1.jpg	18
65	1	projects/Marfino_f2.jpg	18
66	1	projects/Marfino_f3.jpg	18
67	1	projects/Marfino_f4.jpg	18
68	2	projects/Marfino_p1.jpg	18
69	3	projects/Marfino_p2.jpg	18
70	1	projects/Melihovo_f1.jpg	19
71	1	projects/Melihovo_f2.jpg	19
72	1	projects/Melihovo_f3.jpg	19
73	1	projects/Melihovo_f4.jpg	19
74	2	projects/Melihovo_p1.jpg	19
75	3	projects/Melihovo_p2.jpg	19
76	1	projects/Korallovo_f1.jpg	20
77	1	projects/Korallovo_f2.jpg	20
78	1	projects/Korallovo_f3.jpg	20
79	1	projects/Korallovo_f4.jpg	20
80	2	projects/Korallovo_p1.jpg	20
81	3	projects/Korallovo_p2.jpg	20
82	1	projects/Kireevo_f1.jpg	21
83	1	projects/Kireevo_f2.jpg	21
84	1	projects/Kireevo_f3.jpg	21
85	1	projects/Kireevo_f4.jpg	21
86	2	projects/Kireevo_p1.jpg	21
87	3	projects/Kireevo_p2.jpg	21
88	1	projects/Zaharovo_f1.jpg	22
89	1	projects/Zaharovo_f2.jpg	22
90	1	projects/Zaharovo_f3.jpg	22
91	1	projects/Zaharovo_f4.jpg	22
92	2	projects/Zaharovo_p1.jpg	22
93	3	projects/Zaharovo_p2.jpg	22
94	1	projects/Ershovo_f1.jpg	23
95	1	projects/Ershovo_f2.jpg	23
96	1	projects/Ershovo_f3.jpg	23
97	1	projects/Ershovo_f4.jpg	23
98	2	projects/Ershovo_p1.jpg	23
99	3	projects/Ershovo_p2.jpg	23
100	1	projects/Dubrovicy_f1.jpg	24
101	1	projects/Dubrovicy_f2.jpg	24
102	1	projects/Dubrovicy_f3.jpg	24
103	1	projects/Dubrovicy_f4.jpg	24
104	2	projects/Dubrovicy_p1.jpg	24
105	3	projects/Dubrovicy_p2.jpg	24
106	1	projects/Darino_f1.jpg	25
107	1	projects/Darino_f2.jpg	25
108	1	projects/Darino_f3.jpg	25
109	1	projects/Darino_f4.jpg	25
110	2	projects/Darino_p1.jpg	25
111	3	projects/Darino_p2.jpg	25
112	1	projects/Almazovo_f1.jpg	26
113	1	projects/Almazovo_f2.jpg	26
114	1	projects/Almazovo_f3.jpg	26
115	1	projects/Almazovo_f4.jpg	26
116	2	projects/Almazovo_p1.jpg	26
117	3	projects/Almazovo_p2.jpg	26
118	1	projects/Nikolskoe_f1.jpg	27
119	1	projects/Nikolskoe_f2.jpg	27
120	1	projects/Nikolskoe_f3.jpg	27
121	1	projects/Nikolskoe_f4.jpg	27
122	2	projects/Nikolskoe_p1.jpg	27
123	3	projects/Nikolskoe_p2.jpg	27
124	1	projects/Klimovo_f1.jpg	28
125	1	projects/Klimovo_f2.jpg	28
126	1	projects/Klimovo_f3.jpg	28
127	1	projects/Klimovo_f4.jpg	28
128	2	projects/Klimovo_p1.jpg	28
129	3	projects/Klimovo_p2.jpg	28
130	1	projects/Apole_f1.jpg	29
131	1	projects/Apole_f2.jpg	29
132	1	projects/Apole_f3.jpg	29
133	1	projects/Apole_f4.jpg	29
134	2	projects/Apole_p1.jpg	29
135	3	projects/Apole_p2.jpg	29
\.


--
-- Name: dvor_prjphoto_id_seq; Type: SEQUENCE SET; Schema: public; Owner: kd_admin
--

SELECT pg_catalog.setval('dvor_prjphoto_id_seq', 135, true);


--
-- Data for Name: dvor_project; Type: TABLE DATA; Schema: public; Owner: kd_admin
--

COPY dvor_project (id, name, slug, img, size, description, price, square, vid, house) FROM stdin;
14	Подушкино	podushkino	projects/Podushkino.jpg	7,5 x 7,5	Площадь дома – 112 м2\r\nЭтажность дома – 2 этаж\r\nКоличество комнат – 4\r\nКоличество подсобных помещений – 4\r\nВысота потолков 1-го этажа – 2,80 м\r\nВысота потолков 2-го этажа – 2,50 м	0	112	1	3
15	Петровское	petrovskoe	projects/Petrovskoe.jpg	8 x 7	Площадь дома – 115 м2\r\nЭтажность дома – 2 этаж\r\nКоличество комнат – 4\r\nКоличество подсобных помещений – 4\r\nВысота потолков 1-го этажа – 2,80 м\r\nВысота потолков 2-го этажа – 2,50 м	0	115	1	2
16	Молоди	molodi	projects/Molodi.jpg	7,85 x 8,1	Площадь дома – 127 м2\r\nЭтажность дома – 2 этаж\r\nКоличество комнат – 3\r\nКоличество подсобных помещений – 4\r\nВысота потолков 1-го этажа – 2,8 м\r\nВысота потолков 2-го этажа – 2,50 м	0	127	1	2
17	Марино	marino	projects/Marino.jpg	11,6 x 10,3	Площадь дома – 200 м2\r\nЭтажность дома – 2 этаж\r\nКоличество комнат – 4\r\nКоличество подсобных помещений – 5\r\nВысота потолков 1-го этажа – 2,80 м\r\nВысота потолков 2-го этажа – 2,50 м	0	200	1	2
18	Марфино	Marfino	projects/Marfino.jpg	7,5 x 7,5	Площадь дома – 130 м2\r\nЭтажность дома – 2 этаж\r\nКоличество комнат – 4\r\nКоличество подсобных помещений – 5\r\nВысота потолков 1-го этажа – 2,80 м\r\nВысота потолков 2-го этажа – 2,50 м	0	130	1	3
19	Мелихово	melihovo	projects/Melihovo.jpg	8 x 12,9	Площадь дома – 200 м2\r\nЭтажность дома – 2 этаж\r\nКоличество комнат – 4\r\nКоличество подсобных помещений – 5\r\nВысота потолков 1-го этажа – 2,80 м\r\nВысота потолков 2-го этажа – 2,50 м	0	200	1	3
20	Кораллово	korallovo	projects/Korallovo.jpg	7,5 x 9,8	Площадь дома – 130 м2\r\nЭтажность дома – 2 этаж\r\nКоличество комнат – 4\r\nКоличество подсобных помещений – 4\r\nВысота потолков 1-го этажа – 2,80 м\r\nВысота потолков 2-го этажа – 2,50 м	0	130	1	3
21	Киреево	kireevo	projects/Kireevo.jpg	8 x 8	Площадь дома – 132 м2\r\nЭтажность дома – 2 этаж\r\nКоличество комнат – 4\r\nКоличество подсобных помещений – 3\r\nВысота потолков 1-го этажа – 2,80 м\r\nВысота потолков 2-го этажа – 2,50 м	0	132	1	3
22	Захарово	zaharovo	projects/Zaharovo.jpg	9,7 x 7,5	Площадь дома – 141 м2\r\nЭтажность дома – 2 этаж\r\nКоличество комнат – 4\r\nКоличество подсобных помещений – 5\r\nВысота потолков 1-го этажа – 2,80 м\r\nВысота потолков 2-го этажа – 2,50 м	0	141	1	2
23	Ершово	ershovo	projects/Ershovo.jpg	7,5 x 10	Площадь дома – 150 м2\r\nЭтажность дома – 2 этаж\r\nКоличество комнат – 5\r\nКоличество подсобных помещений – 6\r\nВысота потолков 1-го этажа – 2,80 м\r\nВысота потолков 2-го этажа – 2,50 м	0	150	1	2
24	Дубровицы	dubrovicy	projects/Dubrovicy.jpg	9 x 9	Площадь дома – 162 м2\r\nЭтажность дома – 2 этаж\r\nКоличество комнат – 4\r\nКоличество подсобных помещений – 6\r\nВысота потолков 1-го этажа – 2,80 м\r\nВысота потолков 2-го этажа – 2,50 м	0	162	1	3
25	Дарьино	darino	projects/Darino.jpg	9 x 9	Площадь дома – 162 м2\r\nЭтажность дома – 2 этаж\r\nКоличество комнат – 4\r\nКоличество подсобных помещений – 8\r\nВысота потолков 1-го этажа – 2,80 м\r\nВысота потолков 2-го этажа – 2,50 м	0	162	1	3
26	Алмазово	almazovo	projects/Almazovo.jpg	8,7 x 10,6	Площадь дома – 165 м2\r\nЭтажность дома – 2 этаж\r\nКоличество комнат – 4\r\nКоличество подсобных помещений – 6\r\nВысота потолков 1-го этажа – 2,80 м\r\nВысота потолков 2-го этажа – 2,50 м	0	165	1	3
27	Никольское	nikolskoe	projects/Nikolskoe.jpg	10,4 x 11	Площадь дома – 185 м2\r\nЭтажность дома – 2 этаж\r\nКоличество комнат – 4\r\nКоличество подсобных помещений – 7\r\nВысота потолков 1-го этажа – 2,80 м\r\nВысота потолков 2-го этажа – 2,50 м	0	185	1	3
28	Климово	klimovo	projects/Klimovo.jpg	8,5 x 12,3	Площадь дома – 190 м2\r\nЭтажность дома – 2 этаж\r\nКоличество комнат – 4\r\nКоличество подсобных помещений – 5\r\nВысота потолков 1-го этажа – 2,80 м\r\nВысота потолков 2-го этажа – 2,50 м	0	190	1	3
10	Шарапово	sharapovo	projects/Sharapovo.jpg	10 x 11,5	Площадь дома – 80 м2\r\nЭтажность дома – 1 этаж\r\nКоличество комнат – 3\r\nКоличество подсобных помещений – 6\r\nВысота потолков 1-го этажа – 2,50 м	0	80	1	1
11	Суханово	suhanovo	projects/Suhanovo.jpg	9,1 x 10,1	Площадь дома – 99 м2\r\nЭтажность дома – 1 этаж\r\nКоличество комнат – 2\r\nКоличество подсобных помещений – 4\r\nВысота потолков 1-го этажа – 2,50 м	0	99	1	1
13	Прохорово	prohorovo	projects/Prohorovo.jpg	7 x 8	Площадь дома – 112 м2\r\nЭтажность дома – 2 этаж\r\nКоличество комнат – 3\r\nКоличество подсобных помещений – 3\r\nВысота потолков 1-го этажа – 2,80 м\r\nВысота потолков 2-го этажа – 2,50 м	0	112	1	2
29	Аполье	apole	projects/Apole.jpg	10,6 x 11,7	Площадь дома – 210 м2\r\nЭтажность дома – 2 этаж\r\nКоличество комнат – 4\r\nКоличество подсобных помещений – 6\r\nВысота потолков 1-го этажа – 2,80 м\r\nВысота потолков 2-го этажа – 2,50 м	0	210	1	2
9	Сватово	svatovo	projects/Svatovo.jpg	6 x 9	Площадь дома – 69 м2\r\nЭтажность дома – 1 этаж\r\nКоличество комнат – 2\r\nКоличество подсобных помещений – 3\r\nВысота потолков 1-го этажа – 2,50 м	0	69	1	1
12	Ольгово	olgovo	projects/Olgovo.jpg	6,25 x 8	Площадь дома – 100 м2\r\nЭтажность дома – 2 этаж\r\nКоличество комнат – 4\r\nКоличество подсобных помещений – 4\r\nВысота потолков 1-го этажа – 2,50 м\r\nВысота потолков 2-го этажа – 2,50 м	0	100	1	2
\.


--
-- Name: dvor_project_id_seq; Type: SEQUENCE SET; Schema: public; Owner: kd_admin
--

SELECT pg_catalog.setval('dvor_project_id_seq', 29, true);


--
-- Data for Name: dvor_project_techs; Type: TABLE DATA; Schema: public; Owner: kd_admin
--

COPY dvor_project_techs (id, project_id, techno_id) FROM stdin;
15	9	2
16	10	2
17	11	2
18	12	2
19	13	2
20	14	2
21	15	2
22	16	2
23	17	2
24	18	2
25	19	2
26	20	2
27	21	2
28	22	2
29	23	2
30	24	2
31	25	2
32	26	2
33	27	2
34	28	2
35	29	2
36	9	1
37	10	1
38	11	1
39	12	1
40	13	1
\.


--
-- Name: dvor_project_techs_id_seq; Type: SEQUENCE SET; Schema: public; Owner: kd_admin
--

SELECT pg_catalog.setval('dvor_project_techs_id_seq', 40, true);


--
-- Data for Name: dvor_techno; Type: TABLE DATA; Schema: public; Owner: kd_admin
--

COPY dvor_techno (id, mnemo, name, main, show_in_menu) FROM stdin;
1	Термопанели	Комбинированные термопанели	t	t
2	СИП-панели	СИП-панели	t	t
3	Каркасные	Каркасные дома	t	t
4	Дачи	Дачи	f	f
5	Бани	Бани	f	f
6	Элементы	Элементы	f	f
\.


--
-- Name: dvor_techno_id_seq; Type: SEQUENCE SET; Schema: public; Owner: kd_admin
--

SELECT pg_catalog.setval('dvor_techno_id_seq', 6, true);


--
-- Data for Name: thumbnail_kvstore; Type: TABLE DATA; Schema: public; Owner: kd_admin
--

COPY thumbnail_kvstore (key, value) FROM stdin;
sorl-thumbnail||image||b44a8030d77e45b10339afb7a0e7a6ca	{"storage": "django.core.files.storage.FileSystemStorage", "name": "content/content-img.png", "size": [1000, 732]}
sorl-thumbnail||image||76204d9c738e415ab829f67a6665bd73	{"storage": "django.core.files.storage.FileSystemStorage", "name": "cache/53/e3/53e38ddec9d2fef59de3a5a59ebe482d.png", "size": [262, 175]}
sorl-thumbnail||thumbnails||b44a8030d77e45b10339afb7a0e7a6ca	["76204d9c738e415ab829f67a6665bd73"]
sorl-thumbnail||image||d8b17e8b672e38132eb9054fd9d3015e	{"storage": "django.core.files.storage.FileSystemStorage", "name": "projects/Svatovo.jpg", "size": [1920, 1080]}
sorl-thumbnail||image||a7fcb17055bd011e2818105387e48aff	{"storage": "django.core.files.storage.FileSystemStorage", "name": "cache/9a/2d/9a2dad13dac79e4e26618299dd7cb1ee.png", "size": [258, 187]}
sorl-thumbnail||thumbnails||d8b17e8b672e38132eb9054fd9d3015e	["a7fcb17055bd011e2818105387e48aff"]
sorl-thumbnail||image||6c37ccfb4fc9b042f9937937504c95d8	{"storage": "django.core.files.storage.FileSystemStorage", "name": "projects/Sharapovo.jpg", "size": [1920, 1080]}
sorl-thumbnail||image||ab7152ad4253cddd020eb50d8e27af69	{"storage": "django.core.files.storage.FileSystemStorage", "name": "cache/d1/64/d1641111a9ae8cc397bf738be1fda015.png", "size": [258, 187]}
sorl-thumbnail||thumbnails||6c37ccfb4fc9b042f9937937504c95d8	["ab7152ad4253cddd020eb50d8e27af69"]
sorl-thumbnail||image||9831d90d67c7315cb62db7274f177cf9	{"storage": "django.core.files.storage.FileSystemStorage", "name": "projects/Suhanovo.jpg", "size": [1920, 1080]}
sorl-thumbnail||image||ec1f0f733e16a0c508c0d20b8bb2ebcb	{"storage": "django.core.files.storage.FileSystemStorage", "name": "cache/7a/11/7a114b1bd1fd115dcfe6a40b66ea2b8f.png", "size": [258, 187]}
sorl-thumbnail||thumbnails||9831d90d67c7315cb62db7274f177cf9	["ec1f0f733e16a0c508c0d20b8bb2ebcb"]
sorl-thumbnail||image||486c6c7b508a58b6aa81011bc0d5f11d	{"storage": "django.core.files.storage.FileSystemStorage", "size": [1920, 1080], "name": "projects/Olgovo.jpg"}
sorl-thumbnail||image||a24e7f1cc4334e5108b6f685130e4c10	{"storage": "django.core.files.storage.FileSystemStorage", "size": [258, 187], "name": "cache/50/22/50222baff66b4975f13c402445679921.png"}
sorl-thumbnail||thumbnails||486c6c7b508a58b6aa81011bc0d5f11d	["a24e7f1cc4334e5108b6f685130e4c10"]
sorl-thumbnail||image||ee1cfc6cdd84ed162768ff55a20d8e32	{"storage": "django.core.files.storage.FileSystemStorage", "size": [508, 286], "name": "cache/8c/76/8c768b2761a549a3328ae60ce1de73ac.png"}
sorl-thumbnail||image||e8474197fcfbe1003f58713e50109518	{"storage": "django.core.files.storage.FileSystemStorage", "size": [1920, 1080], "name": "projects/Olgovo_f1.jpg"}
sorl-thumbnail||image||ac866bca32d6e8aaa9afe7cb4eb22ca3	{"storage": "django.core.files.storage.FileSystemStorage", "size": [196, 110], "name": "cache/58/f9/58f9a0a82f5b021bb13483f2343a263b.png"}
sorl-thumbnail||thumbnails||e8474197fcfbe1003f58713e50109518	["ac866bca32d6e8aaa9afe7cb4eb22ca3"]
sorl-thumbnail||image||62afada5eb7693aafe86ffaa9e5e03a6	{"storage": "django.core.files.storage.FileSystemStorage", "size": [1920, 1080], "name": "projects/Olgovo_f2.jpg"}
sorl-thumbnail||image||51133b27653e5f43d7dba719d8a10ccf	{"storage": "django.core.files.storage.FileSystemStorage", "size": [196, 110], "name": "cache/33/04/330447a90d34b0aad3e35ae48d45e9fb.png"}
sorl-thumbnail||thumbnails||62afada5eb7693aafe86ffaa9e5e03a6	["51133b27653e5f43d7dba719d8a10ccf"]
sorl-thumbnail||image||d1f5e24710156ab14358dba0a2f7c7b1	{"storage": "django.core.files.storage.FileSystemStorage", "size": [1920, 1080], "name": "projects/Olgovo_f3.jpg"}
sorl-thumbnail||image||45763d8058b495613c13e409f5f5fc6f	{"storage": "django.core.files.storage.FileSystemStorage", "size": [196, 110], "name": "cache/fc/dd/fcdda223009f18065f8243e208b4e57f.png"}
sorl-thumbnail||thumbnails||d1f5e24710156ab14358dba0a2f7c7b1	["45763d8058b495613c13e409f5f5fc6f"]
sorl-thumbnail||image||7cb5d592aa1ef5440c97938c679989f4	{"storage": "django.core.files.storage.FileSystemStorage", "size": [1920, 1080], "name": "projects/Olgovo_f4.jpg"}
sorl-thumbnail||image||2dc6fac040ede33b039be0b2e3295eaf	{"storage": "django.core.files.storage.FileSystemStorage", "size": [196, 110], "name": "cache/c6/3c/c63ce71a8a2aca1afbad57f3c423419b.png"}
sorl-thumbnail||thumbnails||7cb5d592aa1ef5440c97938c679989f4	["2dc6fac040ede33b039be0b2e3295eaf"]
sorl-thumbnail||image||b39ae7c0ada5117b9fae5486e65d42aa	{"storage": "django.core.files.storage.FileSystemStorage", "size": [2196, 2375], "name": "projects/Olgovo_p1.jpg"}
sorl-thumbnail||image||668c7532c974e28ae02791450635d26f	{"storage": "django.core.files.storage.FileSystemStorage", "size": [382, 360], "name": "cache/72/73/7273055a827ef6b2d5e3f9b220416902.png"}
sorl-thumbnail||thumbnails||b39ae7c0ada5117b9fae5486e65d42aa	["668c7532c974e28ae02791450635d26f"]
sorl-thumbnail||image||27f8c3ab81a0774f7847978f6e513e1c	{"storage": "django.core.files.storage.FileSystemStorage", "size": [2161, 2600], "name": "projects/Olgovo_p2.jpg"}
sorl-thumbnail||image||215b8e1a5cf671eaea41da6cfc99dec5	{"storage": "django.core.files.storage.FileSystemStorage", "size": [382, 360], "name": "cache/e7/57/e7576aa72bd2e6bb10e69da048fa1580.png"}
sorl-thumbnail||thumbnails||27f8c3ab81a0774f7847978f6e513e1c	["215b8e1a5cf671eaea41da6cfc99dec5"]
sorl-thumbnail||image||0137741234050202611fa5ed58470036	{"storage": "django.core.files.storage.FileSystemStorage", "size": [508, 286], "name": "cache/dd/b1/ddb17a3a5ac6f7dc393645ffe37b88c9.png"}
sorl-thumbnail||image||625167d1a42e43a57c05a89f72d3bade	{"storage": "django.core.files.storage.FileSystemStorage", "size": [1920, 1080], "name": "projects/Svatovo_f1.jpg"}
sorl-thumbnail||image||b721ad39bc4fed5174435d890c733a1f	{"storage": "django.core.files.storage.FileSystemStorage", "size": [196, 110], "name": "cache/fb/de/fbde2c20f630b6db132ab997b6fa5428.png"}
sorl-thumbnail||thumbnails||625167d1a42e43a57c05a89f72d3bade	["b721ad39bc4fed5174435d890c733a1f"]
sorl-thumbnail||image||14835aa72a7732205afebc318a992b15	{"storage": "django.core.files.storage.FileSystemStorage", "size": [1920, 1080], "name": "projects/Svatovo_f2.jpg"}
sorl-thumbnail||image||70eea7558265d3e82c876914c84bae98	{"storage": "django.core.files.storage.FileSystemStorage", "size": [196, 110], "name": "cache/73/18/7318aacc7a34af39cded36a5d2e7784d.png"}
sorl-thumbnail||thumbnails||14835aa72a7732205afebc318a992b15	["70eea7558265d3e82c876914c84bae98"]
sorl-thumbnail||image||22527c034e3fef86c07f61409eb9270b	{"storage": "django.core.files.storage.FileSystemStorage", "size": [1920, 1080], "name": "projects/Svatovo_f3.jpg"}
sorl-thumbnail||image||69e1da82f37ffb850d559e086bebb499	{"storage": "django.core.files.storage.FileSystemStorage", "size": [196, 110], "name": "cache/cb/a5/cba5ce307af0ceda45e6b943626169fb.png"}
sorl-thumbnail||thumbnails||22527c034e3fef86c07f61409eb9270b	["69e1da82f37ffb850d559e086bebb499"]
sorl-thumbnail||image||e3a85ad99f43ca9ea91843f94ff2fce6	{"storage": "django.core.files.storage.FileSystemStorage", "size": [1920, 1080], "name": "projects/Svatovo_f4.jpg"}
sorl-thumbnail||image||d23afd9443e81aa176d301b0e9a51f70	{"storage": "django.core.files.storage.FileSystemStorage", "size": [196, 110], "name": "cache/30/76/3076950d25c926b3a0de10448bd36117.png"}
sorl-thumbnail||thumbnails||e3a85ad99f43ca9ea91843f94ff2fce6	["d23afd9443e81aa176d301b0e9a51f70"]
sorl-thumbnail||image||e648396c4097421244fcae0c236d58cc	{"storage": "django.core.files.storage.FileSystemStorage", "size": [2400, 2042], "name": "projects/Svatovo_p1.jpg"}
sorl-thumbnail||image||f0a6de066e8450db2137be73249cb965	{"storage": "django.core.files.storage.FileSystemStorage", "size": [382, 360], "name": "cache/16/d8/16d87dbb4faabe37dc83a070e9d772ef.png"}
sorl-thumbnail||thumbnails||e648396c4097421244fcae0c236d58cc	["f0a6de066e8450db2137be73249cb965"]
sorl-thumbnail||image||cf5b30a2d37dc0842bddd84984939510	{"storage": "django.core.files.storage.FileSystemStorage", "size": [508, 286], "name": "cache/59/63/5963b6d8625475ba74c995f8f3a8c243.png"}
sorl-thumbnail||image||26e0b9e733baab46594abc356c231f6f	{"storage": "django.core.files.storage.FileSystemStorage", "size": [1920, 1080], "name": "projects/Sharapovo_f1.jpg"}
sorl-thumbnail||image||fcf8d1ba330969354062fc8bd2d248ae	{"storage": "django.core.files.storage.FileSystemStorage", "size": [196, 110], "name": "cache/05/5c/055cd095e2a38a46c7d75a8fde9ab672.png"}
sorl-thumbnail||thumbnails||26e0b9e733baab46594abc356c231f6f	["fcf8d1ba330969354062fc8bd2d248ae"]
sorl-thumbnail||image||f93baae8cf3c863526edfb7054d9a936	{"storage": "django.core.files.storage.FileSystemStorage", "size": [1920, 1080], "name": "projects/Sharapovo_f2.jpg"}
sorl-thumbnail||image||08b3ca8accef703b06c63c8d27e36401	{"storage": "django.core.files.storage.FileSystemStorage", "size": [196, 110], "name": "cache/75/18/7518417fba17f9c77c11737d1003455d.png"}
sorl-thumbnail||thumbnails||f93baae8cf3c863526edfb7054d9a936	["08b3ca8accef703b06c63c8d27e36401"]
sorl-thumbnail||image||d0e4dfa0b905bd27448a1e0ad31052ae	{"storage": "django.core.files.storage.FileSystemStorage", "size": [1920, 1080], "name": "projects/Sharapovo_f3.jpg"}
sorl-thumbnail||image||ae568bdb512b6e81c664e650cabb654d	{"storage": "django.core.files.storage.FileSystemStorage", "size": [196, 110], "name": "cache/f2/e3/f2e3b3636e60cb51769870f5a7c2b68e.png"}
sorl-thumbnail||thumbnails||d0e4dfa0b905bd27448a1e0ad31052ae	["ae568bdb512b6e81c664e650cabb654d"]
sorl-thumbnail||image||3ac04f99c0af1e200533930bfcef2f6c	{"storage": "django.core.files.storage.FileSystemStorage", "size": [1920, 1080], "name": "projects/Sharapovo_f4.jpg"}
sorl-thumbnail||image||06c38a28fcf1c51da8e84d45707e61e3	{"storage": "django.core.files.storage.FileSystemStorage", "size": [196, 110], "name": "cache/9a/02/9a0218df6a6e578861f19a586e2ee004.png"}
sorl-thumbnail||thumbnails||3ac04f99c0af1e200533930bfcef2f6c	["06c38a28fcf1c51da8e84d45707e61e3"]
sorl-thumbnail||image||60c69a19485761ce5fa9a6f096b93b2a	{"storage": "django.core.files.storage.FileSystemStorage", "size": [2431, 2568], "name": "projects/Sharapovo_p1.jpg"}
sorl-thumbnail||image||ae165033ac5130c4fb8f65da5c139b2a	{"storage": "django.core.files.storage.FileSystemStorage", "size": [382, 360], "name": "cache/59/2f/592f002177a7436f5122429e575ae869.png"}
sorl-thumbnail||thumbnails||60c69a19485761ce5fa9a6f096b93b2a	["ae165033ac5130c4fb8f65da5c139b2a"]
sorl-thumbnail||image||70f77ae2b0f744a3088f9456d2784621	{"name": "content/OurTermPah_00.jpg", "storage": "django.core.files.storage.FileSystemStorage", "size": [1200, 900]}
sorl-thumbnail||image||80666cb04a6a4b10a91c88e4b7e61d58	{"name": "cache/8c/73/8c7346e990c9ecd244fa3ea7aa50036b.png", "storage": "django.core.files.storage.FileSystemStorage", "size": [600, 450]}
sorl-thumbnail||thumbnails||70f77ae2b0f744a3088f9456d2784621	["80666cb04a6a4b10a91c88e4b7e61d58"]
sorl-thumbnail||image||8a0a072afac61107ecd590815e5b027d	{"name": "content/OurTermPah_01.jpg", "storage": "django.core.files.storage.FileSystemStorage", "size": [1200, 900]}
sorl-thumbnail||image||19321474793a7d75a0181e181d823187	{"name": "cache/e1/f1/e1f12b42fe3a5734dec387a00f95793c.png", "storage": "django.core.files.storage.FileSystemStorage", "size": [300, 225]}
sorl-thumbnail||thumbnails||8a0a072afac61107ecd590815e5b027d	["19321474793a7d75a0181e181d823187"]
sorl-thumbnail||image||43f331b1ca0534f6d83c979b550763db	{"name": "content/OurTermPah_02.jpg", "storage": "django.core.files.storage.FileSystemStorage", "size": [1200, 900]}
sorl-thumbnail||image||51bd81fead978c6a11787e53cb1680bf	{"name": "cache/90/a2/90a2f5b14aa9e11aed210aa8247a9483.png", "storage": "django.core.files.storage.FileSystemStorage", "size": [300, 225]}
sorl-thumbnail||thumbnails||43f331b1ca0534f6d83c979b550763db	["51bd81fead978c6a11787e53cb1680bf"]
sorl-thumbnail||image||acf86a17ea14b3bfac5ba22a6ca68f4e	{"name": "content/OurTermPah_03.jpg", "storage": "django.core.files.storage.FileSystemStorage", "size": [1200, 900]}
sorl-thumbnail||image||8ff49fd835ca572c35602b5c2ed04b80	{"name": "cache/ca/f4/caf45431c23c94877c71f8592b10eabd.png", "storage": "django.core.files.storage.FileSystemStorage", "size": [300, 225]}
sorl-thumbnail||thumbnails||acf86a17ea14b3bfac5ba22a6ca68f4e	["8ff49fd835ca572c35602b5c2ed04b80"]
sorl-thumbnail||image||3f73ea01cf46767687a8198714965005	{"name": "content/OurTermPah_04.jpg", "storage": "django.core.files.storage.FileSystemStorage", "size": [1200, 900]}
sorl-thumbnail||image||96523d85bf3747d6cfdf2d8149968634	{"name": "cache/70/75/7075f4216a0220d411feb3ba391921e8.png", "storage": "django.core.files.storage.FileSystemStorage", "size": [300, 225]}
sorl-thumbnail||thumbnails||3f73ea01cf46767687a8198714965005	["96523d85bf3747d6cfdf2d8149968634"]
sorl-thumbnail||image||aac8bb9740a83bd148820ad4423d5cef	{"name": "content/OurTermPah_07.jpg", "storage": "django.core.files.storage.FileSystemStorage", "size": [1200, 900]}
sorl-thumbnail||image||ce104b867bd8cfcd98c24726da51e01a	{"name": "cache/80/37/8037b4245c27b1bb0d6307ed22e77b2f.png", "storage": "django.core.files.storage.FileSystemStorage", "size": [300, 225]}
sorl-thumbnail||thumbnails||aac8bb9740a83bd148820ad4423d5cef	["ce104b867bd8cfcd98c24726da51e01a"]
sorl-thumbnail||image||81fa4538a0658b87293a45b1cb36eea4	{"name": "content/OurTermPah_08.jpg", "storage": "django.core.files.storage.FileSystemStorage", "size": [1200, 900]}
sorl-thumbnail||image||26d385dbe2ac8428100bcc4a18f251d8	{"name": "cache/af/0d/af0d3eeefe5dd6b351d71e82f5959d17.png", "storage": "django.core.files.storage.FileSystemStorage", "size": [300, 225]}
sorl-thumbnail||thumbnails||81fa4538a0658b87293a45b1cb36eea4	["26d385dbe2ac8428100bcc4a18f251d8"]
sorl-thumbnail||image||0e1dcaa73573a6809ae6dbbcb87fddbd	{"name": "content/OurTermPah_09.jpg", "storage": "django.core.files.storage.FileSystemStorage", "size": [1200, 900]}
sorl-thumbnail||image||71fee9d9e9633961d4b866c21dd92783	{"name": "cache/ec/d2/ecd2f67e0fae0ee11e6a5cafb1473157.png", "storage": "django.core.files.storage.FileSystemStorage", "size": [300, 225]}
sorl-thumbnail||thumbnails||0e1dcaa73573a6809ae6dbbcb87fddbd	["71fee9d9e9633961d4b866c21dd92783"]
sorl-thumbnail||image||a1c8e78e0f208873defef75eab5dee83	{"name": "content/OurTermPah_10.jpg", "storage": "django.core.files.storage.FileSystemStorage", "size": [1200, 900]}
sorl-thumbnail||image||3900e75ec0aaa43c007114f355314d0d	{"name": "cache/be/03/be03bf66e10298e65e804762e28fe8c6.png", "storage": "django.core.files.storage.FileSystemStorage", "size": [300, 225]}
sorl-thumbnail||thumbnails||a1c8e78e0f208873defef75eab5dee83	["3900e75ec0aaa43c007114f355314d0d"]
sorl-thumbnail||image||ea5b75b40d56913a3ddc4e4444346af9	{"name": "content/OurTermPah_11.jpg", "storage": "django.core.files.storage.FileSystemStorage", "size": [1200, 900]}
sorl-thumbnail||image||84649ae6a26d1b9d93d5a8f6ac14d7a8	{"name": "cache/23/43/2343555144f81f074eee4ad2e07d82a5.png", "storage": "django.core.files.storage.FileSystemStorage", "size": [300, 225]}
sorl-thumbnail||thumbnails||ea5b75b40d56913a3ddc4e4444346af9	["84649ae6a26d1b9d93d5a8f6ac14d7a8"]
sorl-thumbnail||image||9ee33b6d00cbbffc54f041e99fa9825c	{"name": "content/OurTermPah_13.jpg", "storage": "django.core.files.storage.FileSystemStorage", "size": [1200, 900]}
sorl-thumbnail||image||2444d7c0a2714fe522caa1da8b265a2f	{"name": "cache/b4/2c/b42c55e0488d780c92b74496cec8b691.png", "storage": "django.core.files.storage.FileSystemStorage", "size": [300, 225]}
sorl-thumbnail||thumbnails||9ee33b6d00cbbffc54f041e99fa9825c	["2444d7c0a2714fe522caa1da8b265a2f"]
sorl-thumbnail||image||88a719435d3eeca62b44d719b67fc923	{"name": "content/OurTermPah_14.jpg", "storage": "django.core.files.storage.FileSystemStorage", "size": [1200, 900]}
sorl-thumbnail||image||9ba54288c6a0c1d8897273d6a0ef99ff	{"name": "cache/4e/e7/4ee7c4f2c619c1a2e93a50c1dfa03906.png", "storage": "django.core.files.storage.FileSystemStorage", "size": [300, 225]}
sorl-thumbnail||thumbnails||88a719435d3eeca62b44d719b67fc923	["9ba54288c6a0c1d8897273d6a0ef99ff"]
sorl-thumbnail||image||a1d922dd32e3f9152cc626cad7ac659d	{"name": "content/OurTermPah_15.jpg", "storage": "django.core.files.storage.FileSystemStorage", "size": [1200, 900]}
sorl-thumbnail||image||c73a87e5a2523e0761fa5af7ecc21bce	{"name": "cache/dc/d0/dcd026949c0f56774a9043ccb61b4135.png", "storage": "django.core.files.storage.FileSystemStorage", "size": [300, 225]}
sorl-thumbnail||thumbnails||a1d922dd32e3f9152cc626cad7ac659d	["c73a87e5a2523e0761fa5af7ecc21bce"]
sorl-thumbnail||image||f6648f562f7753111a41325cbfd9a8bb	{"name": "cache/a2/dd/a2dd23b35a232a9a35f7dd6268a5a479.png", "storage": "django.core.files.storage.FileSystemStorage", "size": [900, 675]}
\.


--
-- Name: auth_group_name_key; Type: CONSTRAINT; Schema: public; Owner: kd_admin; Tablespace: 
--

ALTER TABLE ONLY auth_group
    ADD CONSTRAINT auth_group_name_key UNIQUE (name);


--
-- Name: auth_group_permissions_group_id_0cd325b0_uniq; Type: CONSTRAINT; Schema: public; Owner: kd_admin; Tablespace: 
--

ALTER TABLE ONLY auth_group_permissions
    ADD CONSTRAINT auth_group_permissions_group_id_0cd325b0_uniq UNIQUE (group_id, permission_id);


--
-- Name: auth_group_permissions_pkey; Type: CONSTRAINT; Schema: public; Owner: kd_admin; Tablespace: 
--

ALTER TABLE ONLY auth_group_permissions
    ADD CONSTRAINT auth_group_permissions_pkey PRIMARY KEY (id);


--
-- Name: auth_group_pkey; Type: CONSTRAINT; Schema: public; Owner: kd_admin; Tablespace: 
--

ALTER TABLE ONLY auth_group
    ADD CONSTRAINT auth_group_pkey PRIMARY KEY (id);


--
-- Name: auth_permission_content_type_id_01ab375a_uniq; Type: CONSTRAINT; Schema: public; Owner: kd_admin; Tablespace: 
--

ALTER TABLE ONLY auth_permission
    ADD CONSTRAINT auth_permission_content_type_id_01ab375a_uniq UNIQUE (content_type_id, codename);


--
-- Name: auth_permission_pkey; Type: CONSTRAINT; Schema: public; Owner: kd_admin; Tablespace: 
--

ALTER TABLE ONLY auth_permission
    ADD CONSTRAINT auth_permission_pkey PRIMARY KEY (id);


--
-- Name: auth_user_groups_pkey; Type: CONSTRAINT; Schema: public; Owner: kd_admin; Tablespace: 
--

ALTER TABLE ONLY auth_user_groups
    ADD CONSTRAINT auth_user_groups_pkey PRIMARY KEY (id);


--
-- Name: auth_user_groups_user_id_94350c0c_uniq; Type: CONSTRAINT; Schema: public; Owner: kd_admin; Tablespace: 
--

ALTER TABLE ONLY auth_user_groups
    ADD CONSTRAINT auth_user_groups_user_id_94350c0c_uniq UNIQUE (user_id, group_id);


--
-- Name: auth_user_pkey; Type: CONSTRAINT; Schema: public; Owner: kd_admin; Tablespace: 
--

ALTER TABLE ONLY auth_user
    ADD CONSTRAINT auth_user_pkey PRIMARY KEY (id);


--
-- Name: auth_user_user_permissions_pkey; Type: CONSTRAINT; Schema: public; Owner: kd_admin; Tablespace: 
--

ALTER TABLE ONLY auth_user_user_permissions
    ADD CONSTRAINT auth_user_user_permissions_pkey PRIMARY KEY (id);


--
-- Name: auth_user_user_permissions_user_id_14a6b632_uniq; Type: CONSTRAINT; Schema: public; Owner: kd_admin; Tablespace: 
--

ALTER TABLE ONLY auth_user_user_permissions
    ADD CONSTRAINT auth_user_user_permissions_user_id_14a6b632_uniq UNIQUE (user_id, permission_id);


--
-- Name: auth_user_username_key; Type: CONSTRAINT; Schema: public; Owner: kd_admin; Tablespace: 
--

ALTER TABLE ONLY auth_user
    ADD CONSTRAINT auth_user_username_key UNIQUE (username);


--
-- Name: django_admin_log_pkey; Type: CONSTRAINT; Schema: public; Owner: kd_admin; Tablespace: 
--

ALTER TABLE ONLY django_admin_log
    ADD CONSTRAINT django_admin_log_pkey PRIMARY KEY (id);


--
-- Name: django_content_type_app_label_76bd3d3b_uniq; Type: CONSTRAINT; Schema: public; Owner: kd_admin; Tablespace: 
--

ALTER TABLE ONLY django_content_type
    ADD CONSTRAINT django_content_type_app_label_76bd3d3b_uniq UNIQUE (app_label, model);


--
-- Name: django_content_type_pkey; Type: CONSTRAINT; Schema: public; Owner: kd_admin; Tablespace: 
--

ALTER TABLE ONLY django_content_type
    ADD CONSTRAINT django_content_type_pkey PRIMARY KEY (id);


--
-- Name: django_migrations_pkey; Type: CONSTRAINT; Schema: public; Owner: kd_admin; Tablespace: 
--

ALTER TABLE ONLY django_migrations
    ADD CONSTRAINT django_migrations_pkey PRIMARY KEY (id);


--
-- Name: django_session_pkey; Type: CONSTRAINT; Schema: public; Owner: kd_admin; Tablespace: 
--

ALTER TABLE ONLY django_session
    ADD CONSTRAINT django_session_pkey PRIMARY KEY (session_key);


--
-- Name: dvor_article_name_key; Type: CONSTRAINT; Schema: public; Owner: kd_admin; Tablespace: 
--

ALTER TABLE ONLY dvor_article
    ADD CONSTRAINT dvor_article_name_key UNIQUE (name);


--
-- Name: dvor_article_pkey; Type: CONSTRAINT; Schema: public; Owner: kd_admin; Tablespace: 
--

ALTER TABLE ONLY dvor_article
    ADD CONSTRAINT dvor_article_pkey PRIMARY KEY (id);


--
-- Name: dvor_article_techs_article_id_5431ff5e_uniq; Type: CONSTRAINT; Schema: public; Owner: kd_admin; Tablespace: 
--

ALTER TABLE ONLY dvor_article_techs
    ADD CONSTRAINT dvor_article_techs_article_id_5431ff5e_uniq UNIQUE (article_id, techno_id);


--
-- Name: dvor_article_techs_pkey; Type: CONSTRAINT; Schema: public; Owner: kd_admin; Tablespace: 
--

ALTER TABLE ONLY dvor_article_techs
    ADD CONSTRAINT dvor_article_techs_pkey PRIMARY KEY (id);


--
-- Name: dvor_calculation_pkey; Type: CONSTRAINT; Schema: public; Owner: kd_admin; Tablespace: 
--

ALTER TABLE ONLY dvor_calculation
    ADD CONSTRAINT dvor_calculation_pkey PRIMARY KEY (id);


--
-- Name: dvor_phonecall_pkey; Type: CONSTRAINT; Schema: public; Owner: kd_admin; Tablespace: 
--

ALTER TABLE ONLY dvor_phonecall
    ADD CONSTRAINT dvor_phonecall_pkey PRIMARY KEY (id);


--
-- Name: dvor_prjkit_pkey; Type: CONSTRAINT; Schema: public; Owner: kd_admin; Tablespace: 
--

ALTER TABLE ONLY dvor_prjkit
    ADD CONSTRAINT dvor_prjkit_pkey PRIMARY KEY (id);


--
-- Name: dvor_prjphoto_pkey; Type: CONSTRAINT; Schema: public; Owner: kd_admin; Tablespace: 
--

ALTER TABLE ONLY dvor_prjphoto
    ADD CONSTRAINT dvor_prjphoto_pkey PRIMARY KEY (id);


--
-- Name: dvor_project_name_key; Type: CONSTRAINT; Schema: public; Owner: kd_admin; Tablespace: 
--

ALTER TABLE ONLY dvor_project
    ADD CONSTRAINT dvor_project_name_key UNIQUE (name);


--
-- Name: dvor_project_pkey; Type: CONSTRAINT; Schema: public; Owner: kd_admin; Tablespace: 
--

ALTER TABLE ONLY dvor_project
    ADD CONSTRAINT dvor_project_pkey PRIMARY KEY (id);


--
-- Name: dvor_project_techs_pkey; Type: CONSTRAINT; Schema: public; Owner: kd_admin; Tablespace: 
--

ALTER TABLE ONLY dvor_project_techs
    ADD CONSTRAINT dvor_project_techs_pkey PRIMARY KEY (id);


--
-- Name: dvor_project_techs_project_id_a35a6d9b_uniq; Type: CONSTRAINT; Schema: public; Owner: kd_admin; Tablespace: 
--

ALTER TABLE ONLY dvor_project_techs
    ADD CONSTRAINT dvor_project_techs_project_id_a35a6d9b_uniq UNIQUE (project_id, techno_id);


--
-- Name: dvor_techno_mnemo_key; Type: CONSTRAINT; Schema: public; Owner: kd_admin; Tablespace: 
--

ALTER TABLE ONLY dvor_techno
    ADD CONSTRAINT dvor_techno_mnemo_key UNIQUE (mnemo);


--
-- Name: dvor_techno_name_key; Type: CONSTRAINT; Schema: public; Owner: kd_admin; Tablespace: 
--

ALTER TABLE ONLY dvor_techno
    ADD CONSTRAINT dvor_techno_name_key UNIQUE (name);


--
-- Name: dvor_techno_pkey; Type: CONSTRAINT; Schema: public; Owner: kd_admin; Tablespace: 
--

ALTER TABLE ONLY dvor_techno
    ADD CONSTRAINT dvor_techno_pkey PRIMARY KEY (id);


--
-- Name: thumbnail_kvstore_pkey; Type: CONSTRAINT; Schema: public; Owner: kd_admin; Tablespace: 
--

ALTER TABLE ONLY thumbnail_kvstore
    ADD CONSTRAINT thumbnail_kvstore_pkey PRIMARY KEY (key);


--
-- Name: auth_group_name_a6ea08ec_like; Type: INDEX; Schema: public; Owner: kd_admin; Tablespace: 
--

CREATE INDEX auth_group_name_a6ea08ec_like ON auth_group USING btree (name varchar_pattern_ops);


--
-- Name: auth_group_permissions_0e939a4f; Type: INDEX; Schema: public; Owner: kd_admin; Tablespace: 
--

CREATE INDEX auth_group_permissions_0e939a4f ON auth_group_permissions USING btree (group_id);


--
-- Name: auth_group_permissions_8373b171; Type: INDEX; Schema: public; Owner: kd_admin; Tablespace: 
--

CREATE INDEX auth_group_permissions_8373b171 ON auth_group_permissions USING btree (permission_id);


--
-- Name: auth_permission_417f1b1c; Type: INDEX; Schema: public; Owner: kd_admin; Tablespace: 
--

CREATE INDEX auth_permission_417f1b1c ON auth_permission USING btree (content_type_id);


--
-- Name: auth_user_groups_0e939a4f; Type: INDEX; Schema: public; Owner: kd_admin; Tablespace: 
--

CREATE INDEX auth_user_groups_0e939a4f ON auth_user_groups USING btree (group_id);


--
-- Name: auth_user_groups_e8701ad4; Type: INDEX; Schema: public; Owner: kd_admin; Tablespace: 
--

CREATE INDEX auth_user_groups_e8701ad4 ON auth_user_groups USING btree (user_id);


--
-- Name: auth_user_user_permissions_8373b171; Type: INDEX; Schema: public; Owner: kd_admin; Tablespace: 
--

CREATE INDEX auth_user_user_permissions_8373b171 ON auth_user_user_permissions USING btree (permission_id);


--
-- Name: auth_user_user_permissions_e8701ad4; Type: INDEX; Schema: public; Owner: kd_admin; Tablespace: 
--

CREATE INDEX auth_user_user_permissions_e8701ad4 ON auth_user_user_permissions USING btree (user_id);


--
-- Name: auth_user_username_6821ab7c_like; Type: INDEX; Schema: public; Owner: kd_admin; Tablespace: 
--

CREATE INDEX auth_user_username_6821ab7c_like ON auth_user USING btree (username varchar_pattern_ops);


--
-- Name: django_admin_log_417f1b1c; Type: INDEX; Schema: public; Owner: kd_admin; Tablespace: 
--

CREATE INDEX django_admin_log_417f1b1c ON django_admin_log USING btree (content_type_id);


--
-- Name: django_admin_log_e8701ad4; Type: INDEX; Schema: public; Owner: kd_admin; Tablespace: 
--

CREATE INDEX django_admin_log_e8701ad4 ON django_admin_log USING btree (user_id);


--
-- Name: django_session_de54fa62; Type: INDEX; Schema: public; Owner: kd_admin; Tablespace: 
--

CREATE INDEX django_session_de54fa62 ON django_session USING btree (expire_date);


--
-- Name: django_session_session_key_c0390e0f_like; Type: INDEX; Schema: public; Owner: kd_admin; Tablespace: 
--

CREATE INDEX django_session_session_key_c0390e0f_like ON django_session USING btree (session_key varchar_pattern_ops);


--
-- Name: dvor_article_2dbcba41; Type: INDEX; Schema: public; Owner: kd_admin; Tablespace: 
--

CREATE INDEX dvor_article_2dbcba41 ON dvor_article USING btree (slug);


--
-- Name: dvor_article_name_e402f6e5_like; Type: INDEX; Schema: public; Owner: kd_admin; Tablespace: 
--

CREATE INDEX dvor_article_name_e402f6e5_like ON dvor_article USING btree (name varchar_pattern_ops);


--
-- Name: dvor_article_slug_3abf0420_like; Type: INDEX; Schema: public; Owner: kd_admin; Tablespace: 
--

CREATE INDEX dvor_article_slug_3abf0420_like ON dvor_article USING btree (slug varchar_pattern_ops);


--
-- Name: dvor_article_techs_6e599368; Type: INDEX; Schema: public; Owner: kd_admin; Tablespace: 
--

CREATE INDEX dvor_article_techs_6e599368 ON dvor_article_techs USING btree (techno_id);


--
-- Name: dvor_article_techs_a00c1b00; Type: INDEX; Schema: public; Owner: kd_admin; Tablespace: 
--

CREATE INDEX dvor_article_techs_a00c1b00 ON dvor_article_techs USING btree (article_id);


--
-- Name: dvor_calculation_d59e59f7; Type: INDEX; Schema: public; Owner: kd_admin; Tablespace: 
--

CREATE INDEX dvor_calculation_d59e59f7 ON dvor_calculation USING btree (kit_id);


--
-- Name: dvor_prjkit_8e09a606; Type: INDEX; Schema: public; Owner: kd_admin; Tablespace: 
--

CREATE INDEX dvor_prjkit_8e09a606 ON dvor_prjkit USING btree (tech_id);


--
-- Name: dvor_prjkit_c52923b0; Type: INDEX; Schema: public; Owner: kd_admin; Tablespace: 
--

CREATE INDEX dvor_prjkit_c52923b0 ON dvor_prjkit USING btree (prn_id);


--
-- Name: dvor_prjphoto_c52923b0; Type: INDEX; Schema: public; Owner: kd_admin; Tablespace: 
--

CREATE INDEX dvor_prjphoto_c52923b0 ON dvor_prjphoto USING btree (prn_id);


--
-- Name: dvor_project_2dbcba41; Type: INDEX; Schema: public; Owner: kd_admin; Tablespace: 
--

CREATE INDEX dvor_project_2dbcba41 ON dvor_project USING btree (slug);


--
-- Name: dvor_project_name_06d80d5c_like; Type: INDEX; Schema: public; Owner: kd_admin; Tablespace: 
--

CREATE INDEX dvor_project_name_06d80d5c_like ON dvor_project USING btree (name varchar_pattern_ops);


--
-- Name: dvor_project_slug_f6d15e4a_like; Type: INDEX; Schema: public; Owner: kd_admin; Tablespace: 
--

CREATE INDEX dvor_project_slug_f6d15e4a_like ON dvor_project USING btree (slug varchar_pattern_ops);


--
-- Name: dvor_project_techs_6e599368; Type: INDEX; Schema: public; Owner: kd_admin; Tablespace: 
--

CREATE INDEX dvor_project_techs_6e599368 ON dvor_project_techs USING btree (techno_id);


--
-- Name: dvor_project_techs_b098ad43; Type: INDEX; Schema: public; Owner: kd_admin; Tablespace: 
--

CREATE INDEX dvor_project_techs_b098ad43 ON dvor_project_techs USING btree (project_id);


--
-- Name: dvor_techno_mnemo_6de65c7a_like; Type: INDEX; Schema: public; Owner: kd_admin; Tablespace: 
--

CREATE INDEX dvor_techno_mnemo_6de65c7a_like ON dvor_techno USING btree (mnemo varchar_pattern_ops);


--
-- Name: dvor_techno_name_e1f583fb_like; Type: INDEX; Schema: public; Owner: kd_admin; Tablespace: 
--

CREATE INDEX dvor_techno_name_e1f583fb_like ON dvor_techno USING btree (name varchar_pattern_ops);


--
-- Name: thumbnail_kvstore_key_3f850178_like; Type: INDEX; Schema: public; Owner: kd_admin; Tablespace: 
--

CREATE INDEX thumbnail_kvstore_key_3f850178_like ON thumbnail_kvstore USING btree (key varchar_pattern_ops);


--
-- Name: auth_group_permiss_permission_id_84c5c92e_fk_auth_permission_id; Type: FK CONSTRAINT; Schema: public; Owner: kd_admin
--

ALTER TABLE ONLY auth_group_permissions
    ADD CONSTRAINT auth_group_permiss_permission_id_84c5c92e_fk_auth_permission_id FOREIGN KEY (permission_id) REFERENCES auth_permission(id) DEFERRABLE INITIALLY DEFERRED;


--
-- Name: auth_group_permissions_group_id_b120cbf9_fk_auth_group_id; Type: FK CONSTRAINT; Schema: public; Owner: kd_admin
--

ALTER TABLE ONLY auth_group_permissions
    ADD CONSTRAINT auth_group_permissions_group_id_b120cbf9_fk_auth_group_id FOREIGN KEY (group_id) REFERENCES auth_group(id) DEFERRABLE INITIALLY DEFERRED;


--
-- Name: auth_permiss_content_type_id_2f476e4b_fk_django_content_type_id; Type: FK CONSTRAINT; Schema: public; Owner: kd_admin
--

ALTER TABLE ONLY auth_permission
    ADD CONSTRAINT auth_permiss_content_type_id_2f476e4b_fk_django_content_type_id FOREIGN KEY (content_type_id) REFERENCES django_content_type(id) DEFERRABLE INITIALLY DEFERRED;


--
-- Name: auth_user_groups_group_id_97559544_fk_auth_group_id; Type: FK CONSTRAINT; Schema: public; Owner: kd_admin
--

ALTER TABLE ONLY auth_user_groups
    ADD CONSTRAINT auth_user_groups_group_id_97559544_fk_auth_group_id FOREIGN KEY (group_id) REFERENCES auth_group(id) DEFERRABLE INITIALLY DEFERRED;


--
-- Name: auth_user_groups_user_id_6a12ed8b_fk_auth_user_id; Type: FK CONSTRAINT; Schema: public; Owner: kd_admin
--

ALTER TABLE ONLY auth_user_groups
    ADD CONSTRAINT auth_user_groups_user_id_6a12ed8b_fk_auth_user_id FOREIGN KEY (user_id) REFERENCES auth_user(id) DEFERRABLE INITIALLY DEFERRED;


--
-- Name: auth_user_user_per_permission_id_1fbb5f2c_fk_auth_permission_id; Type: FK CONSTRAINT; Schema: public; Owner: kd_admin
--

ALTER TABLE ONLY auth_user_user_permissions
    ADD CONSTRAINT auth_user_user_per_permission_id_1fbb5f2c_fk_auth_permission_id FOREIGN KEY (permission_id) REFERENCES auth_permission(id) DEFERRABLE INITIALLY DEFERRED;


--
-- Name: auth_user_user_permissions_user_id_a95ead1b_fk_auth_user_id; Type: FK CONSTRAINT; Schema: public; Owner: kd_admin
--

ALTER TABLE ONLY auth_user_user_permissions
    ADD CONSTRAINT auth_user_user_permissions_user_id_a95ead1b_fk_auth_user_id FOREIGN KEY (user_id) REFERENCES auth_user(id) DEFERRABLE INITIALLY DEFERRED;


--
-- Name: django_admin_content_type_id_c4bce8eb_fk_django_content_type_id; Type: FK CONSTRAINT; Schema: public; Owner: kd_admin
--

ALTER TABLE ONLY django_admin_log
    ADD CONSTRAINT django_admin_content_type_id_c4bce8eb_fk_django_content_type_id FOREIGN KEY (content_type_id) REFERENCES django_content_type(id) DEFERRABLE INITIALLY DEFERRED;


--
-- Name: django_admin_log_user_id_c564eba6_fk_auth_user_id; Type: FK CONSTRAINT; Schema: public; Owner: kd_admin
--

ALTER TABLE ONLY django_admin_log
    ADD CONSTRAINT django_admin_log_user_id_c564eba6_fk_auth_user_id FOREIGN KEY (user_id) REFERENCES auth_user(id) DEFERRABLE INITIALLY DEFERRED;


--
-- Name: dvor_article_techs_article_id_27f4f157_fk_dvor_article_id; Type: FK CONSTRAINT; Schema: public; Owner: kd_admin
--

ALTER TABLE ONLY dvor_article_techs
    ADD CONSTRAINT dvor_article_techs_article_id_27f4f157_fk_dvor_article_id FOREIGN KEY (article_id) REFERENCES dvor_article(id) DEFERRABLE INITIALLY DEFERRED;


--
-- Name: dvor_article_techs_techno_id_bdf34ebd_fk_dvor_techno_id; Type: FK CONSTRAINT; Schema: public; Owner: kd_admin
--

ALTER TABLE ONLY dvor_article_techs
    ADD CONSTRAINT dvor_article_techs_techno_id_bdf34ebd_fk_dvor_techno_id FOREIGN KEY (techno_id) REFERENCES dvor_techno(id) DEFERRABLE INITIALLY DEFERRED;


--
-- Name: dvor_calculation_kit_id_120dfbea_fk_dvor_prjkit_id; Type: FK CONSTRAINT; Schema: public; Owner: kd_admin
--

ALTER TABLE ONLY dvor_calculation
    ADD CONSTRAINT dvor_calculation_kit_id_120dfbea_fk_dvor_prjkit_id FOREIGN KEY (kit_id) REFERENCES dvor_prjkit(id) DEFERRABLE INITIALLY DEFERRED;


--
-- Name: dvor_prjkit_prn_id_933ea54b_fk_dvor_project_id; Type: FK CONSTRAINT; Schema: public; Owner: kd_admin
--

ALTER TABLE ONLY dvor_prjkit
    ADD CONSTRAINT dvor_prjkit_prn_id_933ea54b_fk_dvor_project_id FOREIGN KEY (prn_id) REFERENCES dvor_project(id) DEFERRABLE INITIALLY DEFERRED;


--
-- Name: dvor_prjkit_tech_id_a2f023eb_fk_dvor_techno_id; Type: FK CONSTRAINT; Schema: public; Owner: kd_admin
--

ALTER TABLE ONLY dvor_prjkit
    ADD CONSTRAINT dvor_prjkit_tech_id_a2f023eb_fk_dvor_techno_id FOREIGN KEY (tech_id) REFERENCES dvor_techno(id) DEFERRABLE INITIALLY DEFERRED;


--
-- Name: dvor_prjphoto_prn_id_b8a86221_fk_dvor_project_id; Type: FK CONSTRAINT; Schema: public; Owner: kd_admin
--

ALTER TABLE ONLY dvor_prjphoto
    ADD CONSTRAINT dvor_prjphoto_prn_id_b8a86221_fk_dvor_project_id FOREIGN KEY (prn_id) REFERENCES dvor_project(id) DEFERRABLE INITIALLY DEFERRED;


--
-- Name: dvor_project_techs_project_id_c79f6ab5_fk_dvor_project_id; Type: FK CONSTRAINT; Schema: public; Owner: kd_admin
--

ALTER TABLE ONLY dvor_project_techs
    ADD CONSTRAINT dvor_project_techs_project_id_c79f6ab5_fk_dvor_project_id FOREIGN KEY (project_id) REFERENCES dvor_project(id) DEFERRABLE INITIALLY DEFERRED;


--
-- Name: dvor_project_techs_techno_id_cf0bfa1d_fk_dvor_techno_id; Type: FK CONSTRAINT; Schema: public; Owner: kd_admin
--

ALTER TABLE ONLY dvor_project_techs
    ADD CONSTRAINT dvor_project_techs_techno_id_cf0bfa1d_fk_dvor_techno_id FOREIGN KEY (techno_id) REFERENCES dvor_techno(id) DEFERRABLE INITIALLY DEFERRED;


--
-- Name: public; Type: ACL; Schema: -; Owner: postgres
--

REVOKE ALL ON SCHEMA public FROM PUBLIC;
REVOKE ALL ON SCHEMA public FROM postgres;
GRANT ALL ON SCHEMA public TO postgres;
GRANT ALL ON SCHEMA public TO PUBLIC;


--
-- PostgreSQL database dump complete
--

