--
-- PostgreSQL database dump
--

SET statement_timeout = 0;
SET lock_timeout = 0;
SET client_encoding = 'UTF8';
SET standard_conforming_strings = on;
SET check_function_bodies = false;
SET client_min_messages = warning;

--
-- Name: plpgsql; Type: EXTENSION; Schema: -; Owner: 
--

CREATE EXTENSION IF NOT EXISTS plpgsql WITH SCHEMA pg_catalog;


--
-- Name: EXTENSION plpgsql; Type: COMMENT; Schema: -; Owner: 
--

COMMENT ON EXTENSION plpgsql IS 'PL/pgSQL procedural language';


SET search_path = public, pg_catalog;

SET default_tablespace = '';

SET default_with_oids = false;

--
-- Name: auth_group; Type: TABLE; Schema: public; Owner: kd_admin; Tablespace: 
--

CREATE TABLE auth_group (
    id integer NOT NULL,
    name character varying(80) NOT NULL
);


ALTER TABLE public.auth_group OWNER TO kd_admin;

--
-- Name: auth_group_id_seq; Type: SEQUENCE; Schema: public; Owner: kd_admin
--

CREATE SEQUENCE auth_group_id_seq
    START WITH 1
    INCREMENT BY 1
    NO MINVALUE
    NO MAXVALUE
    CACHE 1;


ALTER TABLE public.auth_group_id_seq OWNER TO kd_admin;

--
-- Name: auth_group_id_seq; Type: SEQUENCE OWNED BY; Schema: public; Owner: kd_admin
--

ALTER SEQUENCE auth_group_id_seq OWNED BY auth_group.id;


--
-- Name: auth_group_permissions; Type: TABLE; Schema: public; Owner: kd_admin; Tablespace: 
--

CREATE TABLE auth_group_permissions (
    id integer NOT NULL,
    group_id integer NOT NULL,
    permission_id integer NOT NULL
);


ALTER TABLE public.auth_group_permissions OWNER TO kd_admin;

--
-- Name: auth_group_permissions_id_seq; Type: SEQUENCE; Schema: public; Owner: kd_admin
--

CREATE SEQUENCE auth_group_permissions_id_seq
    START WITH 1
    INCREMENT BY 1
    NO MINVALUE
    NO MAXVALUE
    CACHE 1;


ALTER TABLE public.auth_group_permissions_id_seq OWNER TO kd_admin;

--
-- Name: auth_group_permissions_id_seq; Type: SEQUENCE OWNED BY; Schema: public; Owner: kd_admin
--

ALTER SEQUENCE auth_group_permissions_id_seq OWNED BY auth_group_permissions.id;


--
-- Name: auth_permission; Type: TABLE; Schema: public; Owner: kd_admin; Tablespace: 
--

CREATE TABLE auth_permission (
    id integer NOT NULL,
    name character varying(255) NOT NULL,
    content_type_id integer NOT NULL,
    codename character varying(100) NOT NULL
);


ALTER TABLE public.auth_permission OWNER TO kd_admin;

--
-- Name: auth_permission_id_seq; Type: SEQUENCE; Schema: public; Owner: kd_admin
--

CREATE SEQUENCE auth_permission_id_seq
    START WITH 1
    INCREMENT BY 1
    NO MINVALUE
    NO MAXVALUE
    CACHE 1;


ALTER TABLE public.auth_permission_id_seq OWNER TO kd_admin;

--
-- Name: auth_permission_id_seq; Type: SEQUENCE OWNED BY; Schema: public; Owner: kd_admin
--

ALTER SEQUENCE auth_permission_id_seq OWNED BY auth_permission.id;


--
-- Name: auth_user; Type: TABLE; Schema: public; Owner: kd_admin; Tablespace: 
--

CREATE TABLE auth_user (
    id integer NOT NULL,
    password character varying(128) NOT NULL,
    last_login timestamp with time zone,
    is_superuser boolean NOT NULL,
    username character varying(150) NOT NULL,
    first_name character varying(30) NOT NULL,
    last_name character varying(30) NOT NULL,
    email character varying(254) NOT NULL,
    is_staff boolean NOT NULL,
    is_active boolean NOT NULL,
    date_joined timestamp with time zone NOT NULL
);


ALTER TABLE public.auth_user OWNER TO kd_admin;

--
-- Name: auth_user_groups; Type: TABLE; Schema: public; Owner: kd_admin; Tablespace: 
--

CREATE TABLE auth_user_groups (
    id integer NOT NULL,
    user_id integer NOT NULL,
    group_id integer NOT NULL
);


ALTER TABLE public.auth_user_groups OWNER TO kd_admin;

--
-- Name: auth_user_groups_id_seq; Type: SEQUENCE; Schema: public; Owner: kd_admin
--

CREATE SEQUENCE auth_user_groups_id_seq
    START WITH 1
    INCREMENT BY 1
    NO MINVALUE
    NO MAXVALUE
    CACHE 1;


ALTER TABLE public.auth_user_groups_id_seq OWNER TO kd_admin;

--
-- Name: auth_user_groups_id_seq; Type: SEQUENCE OWNED BY; Schema: public; Owner: kd_admin
--

ALTER SEQUENCE auth_user_groups_id_seq OWNED BY auth_user_groups.id;


--
-- Name: auth_user_id_seq; Type: SEQUENCE; Schema: public; Owner: kd_admin
--

CREATE SEQUENCE auth_user_id_seq
    START WITH 1
    INCREMENT BY 1
    NO MINVALUE
    NO MAXVALUE
    CACHE 1;


ALTER TABLE public.auth_user_id_seq OWNER TO kd_admin;

--
-- Name: auth_user_id_seq; Type: SEQUENCE OWNED BY; Schema: public; Owner: kd_admin
--

ALTER SEQUENCE auth_user_id_seq OWNED BY auth_user.id;


--
-- Name: auth_user_user_permissions; Type: TABLE; Schema: public; Owner: kd_admin; Tablespace: 
--

CREATE TABLE auth_user_user_permissions (
    id integer NOT NULL,
    user_id integer NOT NULL,
    permission_id integer NOT NULL
);


ALTER TABLE public.auth_user_user_permissions OWNER TO kd_admin;

--
-- Name: auth_user_user_permissions_id_seq; Type: SEQUENCE; Schema: public; Owner: kd_admin
--

CREATE SEQUENCE auth_user_user_permissions_id_seq
    START WITH 1
    INCREMENT BY 1
    NO MINVALUE
    NO MAXVALUE
    CACHE 1;


ALTER TABLE public.auth_user_user_permissions_id_seq OWNER TO kd_admin;

--
-- Name: auth_user_user_permissions_id_seq; Type: SEQUENCE OWNED BY; Schema: public; Owner: kd_admin
--

ALTER SEQUENCE auth_user_user_permissions_id_seq OWNED BY auth_user_user_permissions.id;


--
-- Name: django_admin_log; Type: TABLE; Schema: public; Owner: kd_admin; Tablespace: 
--

CREATE TABLE django_admin_log (
    id integer NOT NULL,
    action_time timestamp with time zone NOT NULL,
    object_id text,
    object_repr character varying(200) NOT NULL,
    action_flag smallint NOT NULL,
    change_message text NOT NULL,
    content_type_id integer,
    user_id integer NOT NULL,
    CONSTRAINT django_admin_log_action_flag_check CHECK ((action_flag >= 0))
);


ALTER TABLE public.django_admin_log OWNER TO kd_admin;

--
-- Name: django_admin_log_id_seq; Type: SEQUENCE; Schema: public; Owner: kd_admin
--

CREATE SEQUENCE django_admin_log_id_seq
    START WITH 1
    INCREMENT BY 1
    NO MINVALUE
    NO MAXVALUE
    CACHE 1;


ALTER TABLE public.django_admin_log_id_seq OWNER TO kd_admin;

--
-- Name: django_admin_log_id_seq; Type: SEQUENCE OWNED BY; Schema: public; Owner: kd_admin
--

ALTER SEQUENCE django_admin_log_id_seq OWNED BY django_admin_log.id;


--
-- Name: django_content_type; Type: TABLE; Schema: public; Owner: kd_admin; Tablespace: 
--

CREATE TABLE django_content_type (
    id integer NOT NULL,
    app_label character varying(100) NOT NULL,
    model character varying(100) NOT NULL
);


ALTER TABLE public.django_content_type OWNER TO kd_admin;

--
-- Name: django_content_type_id_seq; Type: SEQUENCE; Schema: public; Owner: kd_admin
--

CREATE SEQUENCE django_content_type_id_seq
    START WITH 1
    INCREMENT BY 1
    NO MINVALUE
    NO MAXVALUE
    CACHE 1;


ALTER TABLE public.django_content_type_id_seq OWNER TO kd_admin;

--
-- Name: django_content_type_id_seq; Type: SEQUENCE OWNED BY; Schema: public; Owner: kd_admin
--

ALTER SEQUENCE django_content_type_id_seq OWNED BY django_content_type.id;


--
-- Name: django_migrations; Type: TABLE; Schema: public; Owner: kd_admin; Tablespace: 
--

CREATE TABLE django_migrations (
    id integer NOT NULL,
    app character varying(255) NOT NULL,
    name character varying(255) NOT NULL,
    applied timestamp with time zone NOT NULL
);


ALTER TABLE public.django_migrations OWNER TO kd_admin;

--
-- Name: django_migrations_id_seq; Type: SEQUENCE; Schema: public; Owner: kd_admin
--

CREATE SEQUENCE django_migrations_id_seq
    START WITH 1
    INCREMENT BY 1
    NO MINVALUE
    NO MAXVALUE
    CACHE 1;


ALTER TABLE public.django_migrations_id_seq OWNER TO kd_admin;

--
-- Name: django_migrations_id_seq; Type: SEQUENCE OWNED BY; Schema: public; Owner: kd_admin
--

ALTER SEQUENCE django_migrations_id_seq OWNED BY django_migrations.id;


--
-- Name: django_session; Type: TABLE; Schema: public; Owner: kd_admin; Tablespace: 
--

CREATE TABLE django_session (
    session_key character varying(40) NOT NULL,
    session_data text NOT NULL,
    expire_date timestamp with time zone NOT NULL
);


ALTER TABLE public.django_session OWNER TO kd_admin;

--
-- Name: dvor_article; Type: TABLE; Schema: public; Owner: kd_admin; Tablespace: 
--

CREATE TABLE dvor_article (
    id integer NOT NULL,
    name character varying(100) NOT NULL,
    slug character varying(50) NOT NULL,
    publish timestamp with time zone NOT NULL,
    description text NOT NULL,
    body text NOT NULL,
    metadesc character varying(250) NOT NULL,
    metakey character varying(250) NOT NULL,
    title character varying(250) NOT NULL
);


ALTER TABLE public.dvor_article OWNER TO kd_admin;

--
-- Name: dvor_article_id_seq; Type: SEQUENCE; Schema: public; Owner: kd_admin
--

CREATE SEQUENCE dvor_article_id_seq
    START WITH 1
    INCREMENT BY 1
    NO MINVALUE
    NO MAXVALUE
    CACHE 1;


ALTER TABLE public.dvor_article_id_seq OWNER TO kd_admin;

--
-- Name: dvor_article_id_seq; Type: SEQUENCE OWNED BY; Schema: public; Owner: kd_admin
--

ALTER SEQUENCE dvor_article_id_seq OWNED BY dvor_article.id;


--
-- Name: dvor_article_techs; Type: TABLE; Schema: public; Owner: kd_admin; Tablespace: 
--

CREATE TABLE dvor_article_techs (
    id integer NOT NULL,
    article_id integer NOT NULL,
    techno_id integer NOT NULL
);


ALTER TABLE public.dvor_article_techs OWNER TO kd_admin;

--
-- Name: dvor_article_techs_id_seq; Type: SEQUENCE; Schema: public; Owner: kd_admin
--

CREATE SEQUENCE dvor_article_techs_id_seq
    START WITH 1
    INCREMENT BY 1
    NO MINVALUE
    NO MAXVALUE
    CACHE 1;


ALTER TABLE public.dvor_article_techs_id_seq OWNER TO kd_admin;

--
-- Name: dvor_article_techs_id_seq; Type: SEQUENCE OWNED BY; Schema: public; Owner: kd_admin
--

ALTER SEQUENCE dvor_article_techs_id_seq OWNED BY dvor_article_techs.id;


--
-- Name: dvor_calculation; Type: TABLE; Schema: public; Owner: kd_admin; Tablespace: 
--

CREATE TABLE dvor_calculation (
    id integer NOT NULL,
    fio character varying(80) NOT NULL,
    created timestamp with time zone NOT NULL,
    email character varying(254),
    phone character varying(20),
    note character varying(400) NOT NULL,
    file character varying(100),
    kit_numb smallint,
    kit_id integer,
    CONSTRAINT dvor_calculation_kit_numb_check CHECK ((kit_numb >= 0))
);


ALTER TABLE public.dvor_calculation OWNER TO kd_admin;

--
-- Name: dvor_calculation_id_seq; Type: SEQUENCE; Schema: public; Owner: kd_admin
--

CREATE SEQUENCE dvor_calculation_id_seq
    START WITH 1
    INCREMENT BY 1
    NO MINVALUE
    NO MAXVALUE
    CACHE 1;


ALTER TABLE public.dvor_calculation_id_seq OWNER TO kd_admin;

--
-- Name: dvor_calculation_id_seq; Type: SEQUENCE OWNED BY; Schema: public; Owner: kd_admin
--

ALTER SEQUENCE dvor_calculation_id_seq OWNED BY dvor_calculation.id;


--
-- Name: dvor_phonecall; Type: TABLE; Schema: public; Owner: kd_admin; Tablespace: 
--

CREATE TABLE dvor_phonecall (
    id integer NOT NULL,
    fio character varying(80) NOT NULL,
    created timestamp with time zone,
    email character varying(254),
    phone character varying(20) NOT NULL,
    wtime character varying(20) NOT NULL
);


ALTER TABLE public.dvor_phonecall OWNER TO kd_admin;

--
-- Name: dvor_phonecall_id_seq; Type: SEQUENCE; Schema: public; Owner: kd_admin
--

CREATE SEQUENCE dvor_phonecall_id_seq
    START WITH 1
    INCREMENT BY 1
    NO MINVALUE
    NO MAXVALUE
    CACHE 1;


ALTER TABLE public.dvor_phonecall_id_seq OWNER TO kd_admin;

--
-- Name: dvor_phonecall_id_seq; Type: SEQUENCE OWNED BY; Schema: public; Owner: kd_admin
--

ALTER SEQUENCE dvor_phonecall_id_seq OWNED BY dvor_phonecall.id;


--
-- Name: dvor_prjkit; Type: TABLE; Schema: public; Owner: kd_admin; Tablespace: 
--

CREATE TABLE dvor_prjkit (
    id integer NOT NULL,
    price1 integer NOT NULL,
    price2 integer NOT NULL,
    kit1 text NOT NULL,
    kit2 text NOT NULL,
    prn_id integer NOT NULL,
    tech_id integer NOT NULL
);


ALTER TABLE public.dvor_prjkit OWNER TO kd_admin;

--
-- Name: dvor_prjkit_id_seq; Type: SEQUENCE; Schema: public; Owner: kd_admin
--

CREATE SEQUENCE dvor_prjkit_id_seq
    START WITH 1
    INCREMENT BY 1
    NO MINVALUE
    NO MAXVALUE
    CACHE 1;


ALTER TABLE public.dvor_prjkit_id_seq OWNER TO kd_admin;

--
-- Name: dvor_prjkit_id_seq; Type: SEQUENCE OWNED BY; Schema: public; Owner: kd_admin
--

ALTER SEQUENCE dvor_prjkit_id_seq OWNED BY dvor_prjkit.id;


--
-- Name: dvor_prjphoto; Type: TABLE; Schema: public; Owner: kd_admin; Tablespace: 
--

CREATE TABLE dvor_prjphoto (
    id integer NOT NULL,
    type smallint NOT NULL,
    img character varying(100) NOT NULL,
    prn_id integer NOT NULL
);


ALTER TABLE public.dvor_prjphoto OWNER TO kd_admin;

--
-- Name: dvor_prjphoto_id_seq; Type: SEQUENCE; Schema: public; Owner: kd_admin
--

CREATE SEQUENCE dvor_prjphoto_id_seq
    START WITH 1
    INCREMENT BY 1
    NO MINVALUE
    NO MAXVALUE
    CACHE 1;


ALTER TABLE public.dvor_prjphoto_id_seq OWNER TO kd_admin;

--
-- Name: dvor_prjphoto_id_seq; Type: SEQUENCE OWNED BY; Schema: public; Owner: kd_admin
--

ALTER SEQUENCE dvor_prjphoto_id_seq OWNED BY dvor_prjphoto.id;


--
-- Name: dvor_project; Type: TABLE; Schema: public; Owner: kd_admin; Tablespace: 
--

CREATE TABLE dvor_project (
    id integer NOT NULL,
    name character varying(25) NOT NULL,
    slug character varying(50) NOT NULL,
    img character varying(100) NOT NULL,
    size character varying(25) NOT NULL,
    description text NOT NULL,
    price integer NOT NULL,
    square smallint NOT NULL,
    vid smallint NOT NULL,
    CONSTRAINT dvor_project_square_check CHECK ((square >= 0))
);


ALTER TABLE public.dvor_project OWNER TO kd_admin;

--
-- Name: dvor_project_id_seq; Type: SEQUENCE; Schema: public; Owner: kd_admin
--

CREATE SEQUENCE dvor_project_id_seq
    START WITH 1
    INCREMENT BY 1
    NO MINVALUE
    NO MAXVALUE
    CACHE 1;


ALTER TABLE public.dvor_project_id_seq OWNER TO kd_admin;

--
-- Name: dvor_project_id_seq; Type: SEQUENCE OWNED BY; Schema: public; Owner: kd_admin
--

ALTER SEQUENCE dvor_project_id_seq OWNED BY dvor_project.id;


--
-- Name: dvor_project_techs; Type: TABLE; Schema: public; Owner: kd_admin; Tablespace: 
--

CREATE TABLE dvor_project_techs (
    id integer NOT NULL,
    project_id integer NOT NULL,
    techno_id integer NOT NULL
);


ALTER TABLE public.dvor_project_techs OWNER TO kd_admin;

--
-- Name: dvor_project_techs_id_seq; Type: SEQUENCE; Schema: public; Owner: kd_admin
--

CREATE SEQUENCE dvor_project_techs_id_seq
    START WITH 1
    INCREMENT BY 1
    NO MINVALUE
    NO MAXVALUE
    CACHE 1;


ALTER TABLE public.dvor_project_techs_id_seq OWNER TO kd_admin;

--
-- Name: dvor_project_techs_id_seq; Type: SEQUENCE OWNED BY; Schema: public; Owner: kd_admin
--

ALTER SEQUENCE dvor_project_techs_id_seq OWNED BY dvor_project_techs.id;


--
-- Name: dvor_techno; Type: TABLE; Schema: public; Owner: kd_admin; Tablespace: 
--

CREATE TABLE dvor_techno (
    id integer NOT NULL,
    mnemo character varying(16) NOT NULL,
    name character varying(40) NOT NULL,
    main boolean NOT NULL,
    show_in_menu boolean NOT NULL
);


ALTER TABLE public.dvor_techno OWNER TO kd_admin;

--
-- Name: dvor_techno_id_seq; Type: SEQUENCE; Schema: public; Owner: kd_admin
--

CREATE SEQUENCE dvor_techno_id_seq
    START WITH 1
    INCREMENT BY 1
    NO MINVALUE
    NO MAXVALUE
    CACHE 1;


ALTER TABLE public.dvor_techno_id_seq OWNER TO kd_admin;

--
-- Name: dvor_techno_id_seq; Type: SEQUENCE OWNED BY; Schema: public; Owner: kd_admin
--

ALTER SEQUENCE dvor_techno_id_seq OWNED BY dvor_techno.id;


--
-- Name: thumbnail_kvstore; Type: TABLE; Schema: public; Owner: kd_admin; Tablespace: 
--

CREATE TABLE thumbnail_kvstore (
    key character varying(200) NOT NULL,
    value text NOT NULL
);


ALTER TABLE public.thumbnail_kvstore OWNER TO kd_admin;

--
-- Name: id; Type: DEFAULT; Schema: public; Owner: kd_admin
--

ALTER TABLE ONLY auth_group ALTER COLUMN id SET DEFAULT nextval('auth_group_id_seq'::regclass);


--
-- Name: id; Type: DEFAULT; Schema: public; Owner: kd_admin
--

ALTER TABLE ONLY auth_group_permissions ALTER COLUMN id SET DEFAULT nextval('auth_group_permissions_id_seq'::regclass);


--
-- Name: id; Type: DEFAULT; Schema: public; Owner: kd_admin
--

ALTER TABLE ONLY auth_permission ALTER COLUMN id SET DEFAULT nextval('auth_permission_id_seq'::regclass);


--
-- Name: id; Type: DEFAULT; Schema: public; Owner: kd_admin
--

ALTER TABLE ONLY auth_user ALTER COLUMN id SET DEFAULT nextval('auth_user_id_seq'::regclass);


--
-- Name: id; Type: DEFAULT; Schema: public; Owner: kd_admin
--

ALTER TABLE ONLY auth_user_groups ALTER COLUMN id SET DEFAULT nextval('auth_user_groups_id_seq'::regclass);


--
-- Name: id; Type: DEFAULT; Schema: public; Owner: kd_admin
--

ALTER TABLE ONLY auth_user_user_permissions ALTER COLUMN id SET DEFAULT nextval('auth_user_user_permissions_id_seq'::regclass);


--
-- Name: id; Type: DEFAULT; Schema: public; Owner: kd_admin
--

ALTER TABLE ONLY django_admin_log ALTER COLUMN id SET DEFAULT nextval('django_admin_log_id_seq'::regclass);


--
-- Name: id; Type: DEFAULT; Schema: public; Owner: kd_admin
--

ALTER TABLE ONLY django_content_type ALTER COLUMN id SET DEFAULT nextval('django_content_type_id_seq'::regclass);


--
-- Name: id; Type: DEFAULT; Schema: public; Owner: kd_admin
--

ALTER TABLE ONLY django_migrations ALTER COLUMN id SET DEFAULT nextval('django_migrations_id_seq'::regclass);


--
-- Name: id; Type: DEFAULT; Schema: public; Owner: kd_admin
--

ALTER TABLE ONLY dvor_article ALTER COLUMN id SET DEFAULT nextval('dvor_article_id_seq'::regclass);


--
-- Name: id; Type: DEFAULT; Schema: public; Owner: kd_admin
--

ALTER TABLE ONLY dvor_article_techs ALTER COLUMN id SET DEFAULT nextval('dvor_article_techs_id_seq'::regclass);


--
-- Name: id; Type: DEFAULT; Schema: public; Owner: kd_admin
--

ALTER TABLE ONLY dvor_calculation ALTER COLUMN id SET DEFAULT nextval('dvor_calculation_id_seq'::regclass);


--
-- Name: id; Type: DEFAULT; Schema: public; Owner: kd_admin
--

ALTER TABLE ONLY dvor_phonecall ALTER COLUMN id SET DEFAULT nextval('dvor_phonecall_id_seq'::regclass);


--
-- Name: id; Type: DEFAULT; Schema: public; Owner: kd_admin
--

ALTER TABLE ONLY dvor_prjkit ALTER COLUMN id SET DEFAULT nextval('dvor_prjkit_id_seq'::regclass);


--
-- Name: id; Type: DEFAULT; Schema: public; Owner: kd_admin
--

ALTER TABLE ONLY dvor_prjphoto ALTER COLUMN id SET DEFAULT nextval('dvor_prjphoto_id_seq'::regclass);


--
-- Name: id; Type: DEFAULT; Schema: public; Owner: kd_admin
--

ALTER TABLE ONLY dvor_project ALTER COLUMN id SET DEFAULT nextval('dvor_project_id_seq'::regclass);


--
-- Name: id; Type: DEFAULT; Schema: public; Owner: kd_admin
--

ALTER TABLE ONLY dvor_project_techs ALTER COLUMN id SET DEFAULT nextval('dvor_project_techs_id_seq'::regclass);


--
-- Name: id; Type: DEFAULT; Schema: public; Owner: kd_admin
--

ALTER TABLE ONLY dvor_techno ALTER COLUMN id SET DEFAULT nextval('dvor_techno_id_seq'::regclass);


--
-- Data for Name: auth_group; Type: TABLE DATA; Schema: public; Owner: kd_admin
--

COPY auth_group (id, name) FROM stdin;
\.


--
-- Name: auth_group_id_seq; Type: SEQUENCE SET; Schema: public; Owner: kd_admin
--

SELECT pg_catalog.setval('auth_group_id_seq', 1, false);


--
-- Data for Name: auth_group_permissions; Type: TABLE DATA; Schema: public; Owner: kd_admin
--

COPY auth_group_permissions (id, group_id, permission_id) FROM stdin;
\.


--
-- Name: auth_group_permissions_id_seq; Type: SEQUENCE SET; Schema: public; Owner: kd_admin
--

SELECT pg_catalog.setval('auth_group_permissions_id_seq', 1, false);


--
-- Data for Name: auth_permission; Type: TABLE DATA; Schema: public; Owner: kd_admin
--

COPY auth_permission (id, name, content_type_id, codename) FROM stdin;
1	Can add log entry	1	add_logentry
2	Can change log entry	1	change_logentry
3	Can delete log entry	1	delete_logentry
4	Can add user	2	add_user
5	Can change user	2	change_user
6	Can delete user	2	delete_user
7	Can add group	3	add_group
8	Can change group	3	change_group
9	Can delete group	3	delete_group
10	Can add permission	4	add_permission
11	Can change permission	4	change_permission
12	Can delete permission	4	delete_permission
13	Can add content type	5	add_contenttype
14	Can change content type	5	change_contenttype
15	Can delete content type	5	delete_contenttype
16	Can add session	6	add_session
17	Can change session	6	change_session
18	Can delete session	6	delete_session
19	Can add project	7	add_project
20	Can change project	7	change_project
21	Can delete project	7	delete_project
22	Can add kv store	8	add_kvstore
23	Can change kv store	8	change_kvstore
24	Can delete kv store	8	delete_kvstore
31	Can add Статья	11	add_article
32	Can change Статья	11	change_article
33	Can delete Статья	11	delete_article
34	Can add Технология	12	add_techno
35	Can change Технология	12	change_techno
36	Can delete Технология	12	delete_techno
37	Can add prj photo	13	add_prjphoto
38	Can change prj photo	13	change_prjphoto
39	Can delete prj photo	13	delete_prjphoto
40	Can add Комплектация	14	add_prjkit
41	Can change Комплектация	14	change_prjkit
42	Can delete Комплектация	14	delete_prjkit
43	Can add calculation	15	add_calculation
44	Can change calculation	15	change_calculation
45	Can delete calculation	15	delete_calculation
46	Can add Обратный звонок	16	add_phonecall
47	Can change Обратный звонок	16	change_phonecall
48	Can delete Обратный звонок	16	delete_phonecall
\.


--
-- Name: auth_permission_id_seq; Type: SEQUENCE SET; Schema: public; Owner: kd_admin
--

SELECT pg_catalog.setval('auth_permission_id_seq', 48, true);


--
-- Data for Name: auth_user; Type: TABLE DATA; Schema: public; Owner: kd_admin
--

COPY auth_user (id, password, last_login, is_superuser, username, first_name, last_name, email, is_staff, is_active, date_joined) FROM stdin;
1	pbkdf2_sha256$30000$eFoTZv3MQ7CI$70Y8/tju6DQXGh3pcp9nv9zUtLohR8Ki3TgClB00Q8Q=	2017-02-14 17:25:08.890437+00	t	Polgur			polgur@inbox.ru	t	t	2017-01-15 08:13:55.521197+00
\.


--
-- Data for Name: auth_user_groups; Type: TABLE DATA; Schema: public; Owner: kd_admin
--

COPY auth_user_groups (id, user_id, group_id) FROM stdin;
\.


--
-- Name: auth_user_groups_id_seq; Type: SEQUENCE SET; Schema: public; Owner: kd_admin
--

SELECT pg_catalog.setval('auth_user_groups_id_seq', 1, false);


--
-- Name: auth_user_id_seq; Type: SEQUENCE SET; Schema: public; Owner: kd_admin
--

SELECT pg_catalog.setval('auth_user_id_seq', 1, true);


--
-- Data for Name: auth_user_user_permissions; Type: TABLE DATA; Schema: public; Owner: kd_admin
--

COPY auth_user_user_permissions (id, user_id, permission_id) FROM stdin;
\.


--
-- Name: auth_user_user_permissions_id_seq; Type: SEQUENCE SET; Schema: public; Owner: kd_admin
--

SELECT pg_catalog.setval('auth_user_user_permissions_id_seq', 1, false);


--
-- Data for Name: django_admin_log; Type: TABLE DATA; Schema: public; Owner: kd_admin
--

COPY django_admin_log (id, action_time, object_id, object_repr, action_flag, change_message, content_type_id, user_id) FROM stdin;
1	2017-01-15 08:25:19.232475+00	1	Project object	1	[{"added": {}}]	7	1
2	2017-01-15 09:47:48.620219+00	1	Жевнево	2	[{"changed": {"fields": ["img"]}}]	7	1
3	2017-01-15 10:13:46.35917+00	1	Жевнево	3		7	1
4	2017-01-15 10:14:10.738559+00	2	Жевнево	1	[{"added": {}}]	7	1
5	2017-01-15 10:14:44.509799+00	2	Жевнево	3		7	1
6	2017-01-15 10:15:48.788205+00	3	Жевнево	1	[{"added": {}}]	7	1
7	2017-01-15 14:07:48.129042+00	3	Жевнево	2	[{"changed": {"fields": ["img"]}}]	7	1
8	2017-01-15 14:08:01.535612+00	3	Жевнево	2	[{"changed": {"fields": ["img"]}}]	7	1
9	2017-01-15 14:33:06.050646+00	4	Спасское	1	[{"added": {}}]	7	1
10	2017-01-15 14:34:31.932461+00	5	Саввино	1	[{"added": {}}]	7	1
11	2017-01-15 14:36:16.889976+00	6	Назарово	1	[{"added": {}}]	7	1
12	2017-01-17 15:42:29.633956+00	7	Ивино	1	[{"added": {}}]	7	1
27	2017-01-20 13:45:59.390373+00	1	Виды Пиломатериалов	2	[{"changed": {"fields": ["description", "body"]}}]	11	1
28	2017-01-21 06:01:16.661+00	1	PrjPhoto object	1	[{"added": {}}]	13	1
29	2017-01-21 06:01:30.704248+00	2	PrjPhoto object	1	[{"added": {}}]	13	1
30	2017-01-21 06:01:40.869637+00	3	PrjPhoto object	1	[{"added": {}}]	13	1
31	2017-01-21 06:01:49.587231+00	4	PrjPhoto object	1	[{"added": {}}]	13	1
32	2017-01-21 06:01:57.72501+00	5	PrjPhoto object	1	[{"added": {}}]	13	1
33	2017-01-21 06:02:06.554076+00	6	PrjPhoto object	1	[{"added": {}}]	13	1
34	2017-01-23 14:41:18.477143+00	7	Ивино	2	[{"changed": {"fields": ["vid"]}}]	7	1
35	2017-01-23 14:41:33.827123+00	7	Ивино	2	[{"changed": {"fields": ["vid"]}}]	7	1
36	2017-01-25 15:36:32.133079+00	5	Бани	2	[{"changed": {"fields": ["main"]}}]	12	1
37	2017-01-25 15:36:35.41391+00	4	Дачи	2	[{"changed": {"fields": ["main"]}}]	12	1
38	2017-01-25 16:01:49.876058+00	4	Спасское	2	[{"added": {"name": "\\u041a\\u043e\\u043c\\u043f\\u043b\\u0435\\u043a\\u0442\\u0430\\u0446\\u0438\\u044f", "object": "PrjKit object"}}]	7	1
39	2017-01-25 16:16:45.679542+00	4	Спасское	2	[{"added": {"object": "PrjKit object", "name": "\\u041a\\u043e\\u043c\\u043f\\u043b\\u0435\\u043a\\u0442\\u0430\\u0446\\u0438\\u044f"}}, {"added": {"object": "PrjKit object", "name": "\\u041a\\u043e\\u043c\\u043f\\u043b\\u0435\\u043a\\u0442\\u0430\\u0446\\u0438\\u044f"}}]	7	1
40	2017-01-27 05:29:30.644218+00	4	Дачи	2	[{"changed": {"fields": ["show_in_menu"]}}]	12	1
41	2017-01-27 05:29:34.31159+00	5	Бани	2	[{"changed": {"fields": ["show_in_menu"]}}]	12	1
42	2017-01-27 10:47:56.240956+00	5	Саввино	2	[{"added": {"name": "\\u041a\\u043e\\u043c\\u043f\\u043b\\u0435\\u043a\\u0442\\u0430\\u0446\\u0438\\u044f", "object": "PrjKit object"}}, {"added": {"name": "\\u041a\\u043e\\u043c\\u043f\\u043b\\u0435\\u043a\\u0442\\u0430\\u0446\\u0438\\u044f", "object": "PrjKit object"}}, {"added": {"name": "\\u041a\\u043e\\u043c\\u043f\\u043b\\u0435\\u043a\\u0442\\u0430\\u0446\\u0438\\u044f", "object": "PrjKit object"}}]	7	1
43	2017-01-27 10:49:20.958873+00	3	Жевнево	2	[{"added": {"name": "\\u041a\\u043e\\u043c\\u043f\\u043b\\u0435\\u043a\\u0442\\u0430\\u0446\\u0438\\u044f", "object": "PrjKit object"}}, {"added": {"name": "\\u041a\\u043e\\u043c\\u043f\\u043b\\u0435\\u043a\\u0442\\u0430\\u0446\\u0438\\u044f", "object": "PrjKit object"}}, {"added": {"name": "\\u041a\\u043e\\u043c\\u043f\\u043b\\u0435\\u043a\\u0442\\u0430\\u0446\\u0438\\u044f", "object": "PrjKit object"}}]	7	1
44	2017-01-27 10:50:40.41389+00	4	Спасское	2	[{"changed": {"name": "\\u041a\\u043e\\u043c\\u043f\\u043b\\u0435\\u043a\\u0442\\u0430\\u0446\\u0438\\u044f", "object": "PrjKit object", "fields": ["price1", "price2"]}}, {"changed": {"name": "\\u041a\\u043e\\u043c\\u043f\\u043b\\u0435\\u043a\\u0442\\u0430\\u0446\\u0438\\u044f", "object": "PrjKit object", "fields": ["price1", "price2"]}}, {"changed": {"name": "\\u041a\\u043e\\u043c\\u043f\\u043b\\u0435\\u043a\\u0442\\u0430\\u0446\\u0438\\u044f", "object": "PrjKit object", "fields": ["price1", "price2"]}}]	7	1
45	2017-01-27 10:51:38.343008+00	7	Ивино	2	[{"added": {"name": "\\u041a\\u043e\\u043c\\u043f\\u043b\\u0435\\u043a\\u0442\\u0430\\u0446\\u0438\\u044f", "object": "PrjKit object"}}, {"added": {"name": "\\u041a\\u043e\\u043c\\u043f\\u043b\\u0435\\u043a\\u0442\\u0430\\u0446\\u0438\\u044f", "object": "PrjKit object"}}, {"added": {"name": "\\u041a\\u043e\\u043c\\u043f\\u043b\\u0435\\u043a\\u0442\\u0430\\u0446\\u0438\\u044f", "object": "PrjKit object"}}]	7	1
46	2017-01-27 10:52:35.962609+00	6	Назарово	2	[{"added": {"name": "\\u041a\\u043e\\u043c\\u043f\\u043b\\u0435\\u043a\\u0442\\u0430\\u0446\\u0438\\u044f", "object": "PrjKit object"}}, {"added": {"name": "\\u041a\\u043e\\u043c\\u043f\\u043b\\u0435\\u043a\\u0442\\u0430\\u0446\\u0438\\u044f", "object": "PrjKit object"}}, {"added": {"name": "\\u041a\\u043e\\u043c\\u043f\\u043b\\u0435\\u043a\\u0442\\u0430\\u0446\\u0438\\u044f", "object": "PrjKit object"}}]	7	1
47	2017-01-27 16:04:49.1586+00	8	Икарус	1	[{"added": {}}]	7	1
48	2017-01-27 16:25:35.707916+00	8	Икарус	2	[{"changed": {"fields": ["description"]}}, {"added": {"object": "\\u0418\\u043a\\u0430\\u0440\\u0443\\u0441", "name": "\\u0424\\u043e\\u0442\\u043e \\u043f\\u0440\\u043e\\u0435\\u043a\\u0442\\u0430"}}, {"added": {"object": "\\u0418\\u043a\\u0430\\u0440\\u0443\\u0441", "name": "\\u0424\\u043e\\u0442\\u043e \\u043f\\u0440\\u043e\\u0435\\u043a\\u0442\\u0430"}}, {"added": {"object": "\\u0418\\u043a\\u0430\\u0440\\u0443\\u0441", "name": "\\u0424\\u043e\\u0442\\u043e \\u043f\\u0440\\u043e\\u0435\\u043a\\u0442\\u0430"}}, {"added": {"object": "\\u0418\\u043a\\u0430\\u0440\\u0443\\u0441", "name": "\\u0424\\u043e\\u0442\\u043e \\u043f\\u0440\\u043e\\u0435\\u043a\\u0442\\u0430"}}, {"added": {"object": "\\u0418\\u043a\\u0430\\u0440\\u0443\\u0441", "name": "\\u0424\\u043e\\u0442\\u043e \\u043f\\u0440\\u043e\\u0435\\u043a\\u0442\\u0430"}}, {"added": {"object": "\\u0418\\u043a\\u0430\\u0440\\u0443\\u0441", "name": "\\u0424\\u043e\\u0442\\u043e \\u043f\\u0440\\u043e\\u0435\\u043a\\u0442\\u0430"}}]	7	1
49	2017-01-27 16:30:31.32119+00	8	Икарус	2	[{"added": {"object": "PrjKit object", "name": "\\u041a\\u043e\\u043c\\u043f\\u043b\\u0435\\u043a\\u0442\\u0430\\u0446\\u0438\\u044f"}}, {"added": {"object": "PrjKit object", "name": "\\u041a\\u043e\\u043c\\u043f\\u043b\\u0435\\u043a\\u0442\\u0430\\u0446\\u0438\\u044f"}}, {"added": {"object": "PrjKit object", "name": "\\u041a\\u043e\\u043c\\u043f\\u043b\\u0435\\u043a\\u0442\\u0430\\u0446\\u0438\\u044f"}}]	7	1
50	2017-01-27 16:34:46.872674+00	8	Икарус	2	[{"changed": {"fields": ["kit1"], "object": "PrjKit object", "name": "\\u041a\\u043e\\u043c\\u043f\\u043b\\u0435\\u043a\\u0442\\u0430\\u0446\\u0438\\u044f"}}]	7	1
51	2017-01-27 16:38:58.028584+00	8	Икарус	2	[{"changed": {"fields": ["kit1"], "object": "PrjKit object", "name": "\\u041a\\u043e\\u043c\\u043f\\u043b\\u0435\\u043a\\u0442\\u0430\\u0446\\u0438\\u044f"}}]	7	1
52	2017-01-27 16:49:11.982695+00	8	Икарус	2	[{"changed": {"fields": ["kit1"], "object": "PrjKit object", "name": "\\u041a\\u043e\\u043c\\u043f\\u043b\\u0435\\u043a\\u0442\\u0430\\u0446\\u0438\\u044f"}}]	7	1
53	2017-01-27 16:51:12.409873+00	8	Икарус	2	[{"changed": {"fields": ["kit1"], "object": "PrjKit object", "name": "\\u041a\\u043e\\u043c\\u043f\\u043b\\u0435\\u043a\\u0442\\u0430\\u0446\\u0438\\u044f"}}]	7	1
54	2017-01-27 16:53:01.416692+00	8	Икарус	2	[{"changed": {"fields": ["kit1"], "object": "PrjKit object", "name": "\\u041a\\u043e\\u043c\\u043f\\u043b\\u0435\\u043a\\u0442\\u0430\\u0446\\u0438\\u044f"}}]	7	1
55	2017-01-27 16:55:35.643212+00	8	Икарус	2	[{"changed": {"fields": ["kit1"], "object": "PrjKit object", "name": "\\u041a\\u043e\\u043c\\u043f\\u043b\\u0435\\u043a\\u0442\\u0430\\u0446\\u0438\\u044f"}}]	7	1
56	2017-01-27 16:56:23.393989+00	8	Икарус	2	[{"changed": {"fields": ["kit1"], "object": "PrjKit object", "name": "\\u041a\\u043e\\u043c\\u043f\\u043b\\u0435\\u043a\\u0442\\u0430\\u0446\\u0438\\u044f"}}]	7	1
57	2017-01-27 16:57:03.51543+00	8	Икарус	2	[{"changed": {"fields": ["kit2"], "object": "PrjKit object", "name": "\\u041a\\u043e\\u043c\\u043f\\u043b\\u0435\\u043a\\u0442\\u0430\\u0446\\u0438\\u044f"}}]	7	1
58	2017-01-27 17:02:15.360003+00	8	Икарус	2	[{"changed": {"fields": ["kit1"], "object": "PrjKit object", "name": "\\u041a\\u043e\\u043c\\u043f\\u043b\\u0435\\u043a\\u0442\\u0430\\u0446\\u0438\\u044f"}}]	7	1
59	2017-01-27 17:03:30.765752+00	8	Икарус	2	[{"changed": {"fields": ["kit1"], "object": "PrjKit object", "name": "\\u041a\\u043e\\u043c\\u043f\\u043b\\u0435\\u043a\\u0442\\u0430\\u0446\\u0438\\u044f"}}]	7	1
60	2017-01-27 17:05:48.090649+00	8	Икарус	2	[{"changed": {"fields": ["kit1"], "object": "PrjKit object", "name": "\\u041a\\u043e\\u043c\\u043f\\u043b\\u0435\\u043a\\u0442\\u0430\\u0446\\u0438\\u044f"}}]	7	1
61	2017-01-27 17:06:19.586441+00	8	Икарус	2	[{"changed": {"fields": ["kit1"], "object": "PrjKit object", "name": "\\u041a\\u043e\\u043c\\u043f\\u043b\\u0435\\u043a\\u0442\\u0430\\u0446\\u0438\\u044f"}}]	7	1
62	2017-01-27 17:07:02.590136+00	8	Икарус	2	[{"changed": {"fields": ["kit1"], "object": "PrjKit object", "name": "\\u041a\\u043e\\u043c\\u043f\\u043b\\u0435\\u043a\\u0442\\u0430\\u0446\\u0438\\u044f"}}]	7	1
63	2017-01-27 17:07:38.256745+00	8	Икарус	2	[{"changed": {"fields": ["kit2"], "object": "PrjKit object", "name": "\\u041a\\u043e\\u043c\\u043f\\u043b\\u0435\\u043a\\u0442\\u0430\\u0446\\u0438\\u044f"}}]	7	1
64	2017-01-29 15:34:29.86273+00	8	Икарус	2	[{"changed": {"fields": ["img"]}}]	7	1
65	2017-01-31 09:25:00.08302+00	2	Calculation object	3		15	1
66	2017-01-31 09:25:00.108731+00	1	Calculation object	3		15	1
67	2017-01-31 09:25:31.907256+00	3	Calculation object	3		15	1
68	2017-01-31 09:55:19.7329+00	4	Calculation object	3		15	1
69	2017-01-31 10:05:21.590231+00	5	Calculation object	3		15	1
70	2017-01-31 10:40:18.263606+00	7	Calculation object	3		15	1
71	2017-01-31 10:40:18.266439+00	6	Calculation object	3		15	1
72	2017-01-31 11:49:04.160687+00	8	Calculation object	3		15	1
73	2017-02-02 09:35:31.50169+00	20	Calculation object	3		15	1
74	2017-02-02 09:35:31.555513+00	19	Calculation object	3		15	1
75	2017-02-02 09:35:31.557248+00	18	Calculation object	3		15	1
76	2017-02-02 09:35:31.559073+00	17	Calculation object	3		15	1
77	2017-02-02 09:35:31.560472+00	16	Calculation object	3		15	1
78	2017-02-02 09:35:31.562043+00	15	Calculation object	3		15	1
79	2017-02-02 09:35:31.563486+00	14	Calculation object	3		15	1
80	2017-02-02 09:35:31.565413+00	13	Calculation object	3		15	1
81	2017-02-02 09:35:31.566902+00	12	Calculation object	3		15	1
82	2017-02-02 09:35:31.568382+00	11	Calculation object	3		15	1
83	2017-02-02 09:35:31.569895+00	10	Calculation object	3		15	1
84	2017-02-02 09:35:31.57135+00	9	Calculation object	3		15	1
85	2017-02-02 10:17:01.655208+00	21	Calculation object	3		15	1
86	2017-02-02 15:01:39.320535+00	5	PhoneCall object	3		16	1
87	2017-02-02 15:01:39.322938+00	4	PhoneCall object	3		16	1
88	2017-02-02 15:01:39.32391+00	3	PhoneCall object	3		16	1
89	2017-02-02 15:01:39.324798+00	2	PhoneCall object	3		16	1
90	2017-02-02 15:01:39.325493+00	1	PhoneCall object	3		16	1
91	2017-02-04 07:47:27.508225+00	9	PhoneCall object	3		16	1
92	2017-02-04 07:47:27.511378+00	8	PhoneCall object	3		16	1
93	2017-02-04 07:47:27.512552+00	7	PhoneCall object	3		16	1
94	2017-02-04 07:47:27.513432+00	6	PhoneCall object	3		16	1
95	2017-02-04 08:17:07.269672+00	1	Виды Пиломатериалов	2	[{"changed": {"fields": ["title", "metakey", "metadesc"]}}]	11	1
96	2017-02-14 12:09:26.461422+00	8	Икарус	2	[{"changed": {"fields": ["description"]}}]	7	1
97	2017-02-14 17:27:49.988067+00	8	Икарус	2	[{"changed": {"fields": ["kit1"], "name": "\\u041a\\u043e\\u043c\\u043f\\u043b\\u0435\\u043a\\u0442\\u0430\\u0446\\u0438\\u044f", "object": "\\u0418\\u043a\\u0430\\u0440\\u0443\\u0441 \\u0422\\u0435\\u0440\\u043c\\u043e\\u043f\\u0430\\u043d\\u0435\\u043b\\u0438"}}]	7	1
98	2017-02-14 17:31:41.158939+00	8	Икарус	2	[{"changed": {"fields": ["kit1"], "name": "\\u041a\\u043e\\u043c\\u043f\\u043b\\u0435\\u043a\\u0442\\u0430\\u0446\\u0438\\u044f", "object": "\\u0418\\u043a\\u0430\\u0440\\u0443\\u0441 \\u0422\\u0435\\u0440\\u043c\\u043e\\u043f\\u0430\\u043d\\u0435\\u043b\\u0438"}}]	7	1
99	2017-02-14 17:44:02.643916+00	8	Икарус	2	[{"changed": {"fields": ["kit1"], "name": "\\u041a\\u043e\\u043c\\u043f\\u043b\\u0435\\u043a\\u0442\\u0430\\u0446\\u0438\\u044f", "object": "\\u0418\\u043a\\u0430\\u0440\\u0443\\u0441 \\u0422\\u0435\\u0440\\u043c\\u043e\\u043f\\u0430\\u043d\\u0435\\u043b\\u0438"}}]	7	1
100	2017-02-14 17:46:37.316561+00	8	Икарус	2	[{"changed": {"fields": ["kit1"], "name": "\\u041a\\u043e\\u043c\\u043f\\u043b\\u0435\\u043a\\u0442\\u0430\\u0446\\u0438\\u044f", "object": "\\u0418\\u043a\\u0430\\u0440\\u0443\\u0441 \\u0422\\u0435\\u0440\\u043c\\u043e\\u043f\\u0430\\u043d\\u0435\\u043b\\u0438"}}]	7	1
101	2017-02-14 17:48:49.264282+00	8	Икарус	2	[{"changed": {"fields": ["kit1"], "name": "\\u041a\\u043e\\u043c\\u043f\\u043b\\u0435\\u043a\\u0442\\u0430\\u0446\\u0438\\u044f", "object": "\\u0418\\u043a\\u0430\\u0440\\u0443\\u0441 \\u0422\\u0435\\u0440\\u043c\\u043e\\u043f\\u0430\\u043d\\u0435\\u043b\\u0438"}}]	7	1
\.


--
-- Name: django_admin_log_id_seq; Type: SEQUENCE SET; Schema: public; Owner: kd_admin
--

SELECT pg_catalog.setval('django_admin_log_id_seq', 101, true);


--
-- Data for Name: django_content_type; Type: TABLE DATA; Schema: public; Owner: kd_admin
--

COPY django_content_type (id, app_label, model) FROM stdin;
1	admin	logentry
2	auth	user
3	auth	group
4	auth	permission
5	contenttypes	contenttype
6	sessions	session
7	dvor	project
8	thumbnail	kvstore
11	dvor	article
12	dvor	techno
13	dvor	prjphoto
14	dvor	prjkit
15	dvor	calculation
16	dvor	phonecall
\.


--
-- Name: django_content_type_id_seq; Type: SEQUENCE SET; Schema: public; Owner: kd_admin
--

SELECT pg_catalog.setval('django_content_type_id_seq', 16, true);


--
-- Data for Name: django_migrations; Type: TABLE DATA; Schema: public; Owner: kd_admin
--

COPY django_migrations (id, app, name, applied) FROM stdin;
1	contenttypes	0001_initial	2017-01-15 07:20:33.537969+00
2	auth	0001_initial	2017-01-15 07:20:33.577682+00
3	admin	0001_initial	2017-01-15 07:20:33.598871+00
4	admin	0002_logentry_remove_auto_add	2017-01-15 07:20:33.609482+00
5	contenttypes	0002_remove_content_type_name	2017-01-15 07:20:33.63459+00
6	auth	0002_alter_permission_name_max_length	2017-01-15 07:20:33.644131+00
7	auth	0003_alter_user_email_max_length	2017-01-15 07:20:33.655103+00
8	auth	0004_alter_user_username_opts	2017-01-15 07:20:33.663931+00
9	auth	0005_alter_user_last_login_null	2017-01-15 07:20:33.675631+00
10	auth	0006_require_contenttypes_0002	2017-01-15 07:20:33.677519+00
11	auth	0007_alter_validators_add_error_messages	2017-01-15 07:20:33.697368+00
12	auth	0008_alter_user_username_max_length	2017-01-15 07:20:33.708531+00
13	sessions	0001_initial	2017-01-15 07:20:33.715348+00
14	dvor	0001_initial	2017-01-15 08:14:20.451568+00
15	dvor	0002_auto_20170115_0821	2017-01-15 08:21:55.698793+00
16	dvor	0003_auto_20170115_0824	2017-01-15 08:24:56.904051+00
17	thumbnail	0001_initial	2017-01-15 09:52:46.14644+00
18	dvor	0004_auto_20170115_1015	2017-01-15 10:15:20.983114+00
19	dvor	0005_auto_20170115_1406	2017-01-15 14:06:33.087981+00
22	dvor	0006_auto_20170119_1445	2017-01-19 15:21:43.382571+00
23	dvor	0007_auto_20170120_1342	2017-01-20 13:42:10.936861+00
24	dvor	0008_auto_20170121_0554	2017-01-21 05:55:28.473513+00
25	dvor	0009_auto_20170121_1413	2017-01-21 14:13:46.947768+00
26	dvor	0010_auto_20170122_1559	2017-01-22 16:00:26.196904+00
27	dvor	0011_auto_20170123_1438	2017-01-23 14:38:44.920174+00
28	dvor	0012_techno_main	2017-01-25 15:35:10.880094+00
29	dvor	0013_techno_show_in_menu	2017-01-27 05:28:36.146731+00
30	dvor	0014_calculation	2017-01-29 13:44:44.436989+00
31	dvor	0015_auto_20170202_1045	2017-02-02 10:45:34.948284+00
32	dvor	0016_auto_20170202_1154	2017-02-02 11:54:34.690022+00
33	dvor	0017_auto_20170204_0806	2017-02-04 08:06:35.700186+00
\.


--
-- Name: django_migrations_id_seq; Type: SEQUENCE SET; Schema: public; Owner: kd_admin
--

SELECT pg_catalog.setval('django_migrations_id_seq', 33, true);


--
-- Data for Name: django_session; Type: TABLE DATA; Schema: public; Owner: kd_admin
--

COPY django_session (session_key, session_data, expire_date) FROM stdin;
cni2gk1afzy752s7tjkoibtifc3jeotv	ZjZjNGY3ZDJmMmFiNjRiYjkzZTBmYzYzMDQzNGE3MWZkNWNiNTgyYTp7Il9hdXRoX3VzZXJfaGFzaCI6ImQ1MWMzNzM1NDNlZWViMWJhMTUyNDVmNTliMThkNjI2MTc3YzYwMDUiLCJfYXV0aF91c2VyX2lkIjoiMSIsIl9hdXRoX3VzZXJfYmFja2VuZCI6ImRqYW5nby5jb250cmliLmF1dGguYmFja2VuZHMuTW9kZWxCYWNrZW5kIn0=	2017-01-29 08:14:46.392226+00
x7354hmex924z2xg4us2je5ibo9v6jg6	Yjc1MmIxOTljMWRkYWE1NWM5N2EzM2EyMGI4YmZiODhjMjJkYmE4ZTp7Il9hdXRoX3VzZXJfaWQiOiIxIiwiX2F1dGhfdXNlcl9iYWNrZW5kIjoiZGphbmdvLmNvbnRyaWIuYXV0aC5iYWNrZW5kcy5Nb2RlbEJhY2tlbmQiLCJfYXV0aF91c2VyX2hhc2giOiJkNTFjMzczNTQzZWVlYjFiYTE1MjQ1ZjU5YjE4ZDYyNjE3N2M2MDA1In0=	2017-02-10 05:29:12.847546+00
hs9y7sj7oomfk1x1ay6s5ue5mvk1cekm	ODFkYTJhMGFkMzc0MmFhYTg2N2RjZDQzNWRlNmM3N2EwOTgwOWMzMzp7Il9hdXRoX3VzZXJfaWQiOiIxIiwiX2F1dGhfdXNlcl9oYXNoIjoiZDUxYzM3MzU0M2VlZWIxYmExNTI0NWY1OWIxOGQ2MjYxNzdjNjAwNSIsIl9hdXRoX3VzZXJfYmFja2VuZCI6ImRqYW5nby5jb250cmliLmF1dGguYmFja2VuZHMuTW9kZWxCYWNrZW5kIn0=	2017-02-12 11:23:33.239793+00
44pbcmkbyrd9039zmiujdx08wo7axfky	OWM5OTE2ZWJkZmM4NzY4NjBiMDYzMjI1NGVmMGI0ZDZkZWQxMThiODp7Il9hdXRoX3VzZXJfYmFja2VuZCI6ImRqYW5nby5jb250cmliLmF1dGguYmFja2VuZHMuTW9kZWxCYWNrZW5kIiwiX2F1dGhfdXNlcl9pZCI6IjEiLCJfYXV0aF91c2VyX2hhc2giOiJkNTFjMzczNTQzZWVlYjFiYTE1MjQ1ZjU5YjE4ZDYyNjE3N2M2MDA1In0=	2017-02-28 12:09:10.293614+00
tfhl1v6gffmz3ava6icjf9l2m0l5elck	OWM5OTE2ZWJkZmM4NzY4NjBiMDYzMjI1NGVmMGI0ZDZkZWQxMThiODp7Il9hdXRoX3VzZXJfYmFja2VuZCI6ImRqYW5nby5jb250cmliLmF1dGguYmFja2VuZHMuTW9kZWxCYWNrZW5kIiwiX2F1dGhfdXNlcl9pZCI6IjEiLCJfYXV0aF91c2VyX2hhc2giOiJkNTFjMzczNTQzZWVlYjFiYTE1MjQ1ZjU5YjE4ZDYyNjE3N2M2MDA1In0=	2017-02-28 17:25:08.89245+00
\.


--
-- Data for Name: dvor_article; Type: TABLE DATA; Schema: public; Owner: kd_admin
--

COPY dvor_article (id, name, slug, publish, description, body, metadesc, metakey, title) FROM stdin;
2	Преимущества Каркасных Домов По Канадской Технологии	preimushestva_karkasnih_domov	2017-01-19 06:31:06+00	КАРКАСНЫЕ ДОМА ПО КАНАДСКОЙ ТЕХНОЛОГИИ ИЗ ПАНЕЛЕЙ — ЭТО САМЫЙ ПРАКТИЧНЫЙ СПОСОБ ЗАБЫТЬ ПРО НЕДОСТАТКИ СТРОИТЕЛЬСТВА С ИСПОЛЬЗОВАНИЕМ ДРУГИХ СТРОЙМАТЕРИАЛОВ. К ТАКИМ МИНУСАМ ОТНОСЯТ:\r\nдорогостойкость и сложность возведения конструкции;\r\nнедолговечность и неэкологичность некоторых материалов;\r\nневозможность приступить к отделке непосредственно после окончания строительства;\r\nнеровные стены, которые также мешать сразу же начать отделку;\r\nнеобходимость применения тяжелой строительной техники;	Недостатки домов по канадской технологии\r\n\r\nНедостатки домов по канадской технологии. Как и любая другая технология, каркасные дома по канадской технологии имеют и свои недостатки. В основном к ним относятся пожароопасность, неэкологичность и неустойчивость к биологическим средам. Тем не менее, недостатки стен домов из СИП панелей, по сравнению с недостатками кирпичных стен, очень малы. Чтобы убедиться в этом, давайте поговорим о возможных минусах канадской технологии.\r\n\r\nПожарная безопасность\r\n\r\nПоследствия пожара могут быть катастрофическими независимо от материала стен. И кирпичные дома выгорают так, что стены трескаются. Часто люди боятся СИП-панелей, потому что думают, что при горении выделяются удушающие вредные вещества. Это не так. При горении пенополистирол выделяет такие же вещества, как и древесина. К тому же класс конструктивной пожарной опасности домов из СИП-панелей К3, как у деревянных домов. Однако материала, поддерживающего горение, в канадском доме из СИП панелей много меньше, чем в обычном деревянном. Дело в том, что в SIP-панелях в качестве утеплителя используется пенополистирол типа ПСБ-С, относящийся к группе самозатухающих. Благодаря этому существенно снижается воспламеняемость и распространяемость пламени на поверхности пенополистирола. При горении ПСБ-С выделяется в 8 раз меньше тепловой энергии, чем при горении сухой древесины того же объема. Поэтому для индивидуального (малоэтажного) строительства современные пенополистиролы с точки зрения пожарной опасности — совершенно безопасны.\r\n\r\nНедостатки домов по канадской технологии Пожарная безопасность любого дома в целом обеспечивается рядом мероприятий: огнезащита — конструктивная или обработка огнезащитными красками или составами, соблюдение требований устройства электропроводки, соблюдение пожарных требований устройства нагревательных приборов, печей, каминов и т. п., соблюдение пожарных требований к застройке (противопожарные разрывы, брандмауэры и т. д.) и просто соблюдение правил пожарной безопасности.\r\n\r\nДля каркасного дома по канадской технологии обычно рекомендуют отделку стен гипсокартоном (ГКЛ), причем без направляющих профилей. Стены из SIP панелей это позволяют. Отсутствие продуха между панелями и гипсокартоном затрудняет распространение пламени. Такая стена противостоит открытому огню более 45 минут!\r\n\r\nЭлектропроводку по правилам необходимо, как в любом деревянном доме, делать открытой. Благодаря богатому выбору стройматериалов в настоящее время открытую проводку легко выполнить так, что она станет украшением интерьера.\r\n\r\nГрызуны\r\n\r\nЧто касается грызунов. Это характерно не только для России. Их полно и в развитых странах, где канадские дома эксплуатируются уже более полувека не только как жилища, но и как склады, магазины и т. п. Грызуны проникают в жилище человека самыми разными путями — не обязательно через стены. В SIP панели пенополистирол наглухо закрыт досками и плитами OSB. Это препятствует доступу грызунов к утеплителю. Утверждается, что особая структура плиты OSB-3 создает непреодолимый барьер для грызунов. Пропитанная щепа в составе OSB твердая и хрупкая, как стекло, и работать с OSB приходится в перчатках. Обсуждая безопасность SIP в отношении грызунов, следует помнить, что последние предпочитают использовать в качестве материала своих гнезд мягкие минераловатные утеплители и иные утеплители на основе волокон.\r\n\r\nВывод: пожары, как и грызуны не есть проблема канадских домов. Это проблема любых домов, и меры профилактики здесь абсолютно одинаковы.\r\n\r\nЭкологичность\r\n\r\nЕсли говорить о вредности для здоровья, то речь идет в основном о плитах OSB, применяемых для изготовления SIP. У многих они ассоциируются с ДСП с их фенолами и формальдегидами. Однако уже в самой технологии производства OSB (ОСП) заложено использование на порядок меньшего количества связующего, чем при производстве ДСП.\r\n\r\nПрименение смол, состоящих из собственно смолы, наполнителя и отвердителя, позволяет производить экологически безопасную строительную плиту, поскольку процесс полимеризации окончательно завершается через несколько месяцев после прессования, и эмиссия формальдегидов, по истечении этого времени, не обнаруживается существующими измерительными приборами («Egger», Германия).\r\n\r\nКоличество формальдегида, излучаемого OSB, которые используются в SIP составляет менее 0,1 ppm (частей на миллион). Это значительно ниже допустимого министерством жилищного строительства и городского развития США (HUD) уровня (Structural Insulated Panel Association — SIPA). Отношение американцев и канадцев к экологической чистоте всего, что их окружает, очень трепетное. Придирчивые и взыскательные американские и европейские потребители всерьез озаботились проблемой экологии еще задолго до того, как россиянам стало известно слово «экология». А из SIP за рубежом строят даже больницы, детские учреждения и т. п.\r\n\r\nНедостатки домов по канадской технологииВ России в нормах безопасности разбираются только специалисты. Мало кто сможет объяснить, что означает класс Е1 или Е2 в отношении уровня эмиссии формальдегида. Формальдегид содержится во многих природных объектах, в том числе и в древесине. Плиты OSB, соответствующие уровню эмиссии Е1, испускают свободного формальдегида чуть больше, чем массив древесины. Соответствие Европейскому Е1 (российский менее строг) делает всякие опасения в отношении вреда для здоровья беспочвенными. Безопасным для здоровья в Европе считается и класс Е2 допускающий в два раза большую эмиссию формальдегида, чем Е1. Кстати, класс Е1 присваивается иногда материалам, не содержащим формальдегид в принципе. Если Вы заботитесь о своем здоровье, внимательно ищите эти буковки на упаковке отделочных материалов и мебели.\r\n\r\nПрочность конструкции\r\n\r\nТакже следует заметить, что канадские дома невероятно прочные. Панельно-каркасные дома, пожалуй, самое надежное убежище на время природных катаклизмов.\r\n\r\nБесспорно, малоэтажное строительство из SIP панелей в большинстве случаев на сегодняшний день является самым лучшим решением.\r\n\r\nC анализом российского рынка OSB плит в России можно познакомиться в отчете Академии Конъюнктуры Промышленных Рынков «Рынок OSB плит в России».			
1	Виды пиломатериалов	pilomaterial	2017-01-19 06:16:28+00	<div class="container">\r\n<div class="row">\r\n<div class="col-md-4">\r\n<p>Современная вагонка заметно от отличается от старой по технологии производства форме и качеству изготовления. Оборудование для производства вагонки стало сложнее, появилась евровагонка с еще более сложным профилем, но функция вагонки осталась такой же &mdash; получение красивой, ровной деревянной поверхности без щелей.</p>\r\n</div>\r\n\r\n<div class="col-md-5">\r\n<p>тес блока</p>\r\n</div>\r\n</div>\r\n</div>	<p>ДОСКА ОБРЕЗНАЯ Изготавливается из бревна путем его продольной распиловки при этом кромки покрытые корой, обрезаются (отсюда &laquo;обрезная&raquo;). Таким образом, это доска обрезная не имеет поверхностей, покрытых корой и поэтому она пользуется гораздо большим спросом, чем доска не обрезная. Обрезная доска широко используется в строительстве для внешней и внутренней отделки домов, изготовлении перегородок, полов, перекрытий, потолков, обрешетки (для крыши) и т. п.Обрезная доска изготавливается из хвойных пород дерева, это, как правило ель и сосна следующих размеров: толщина 25, 40, 50 мм, длина 3 и 6 м. Доску толщиной 30мм довольно редко встретишь на рынке т.к. ее делают в основном на заказ рачитильным хозяевам, которые хотят иметь черновой пол потолще, потеплей и одновременно экономить на кубатуре. Сосна прочнее и тяжелее ( 1 м3 &mdash; 700-800кг.) т. к. имеет большую плотность, ель не такая прочная и тяжелая (1м3 &mdash; 500-600кг.), но лучше сохраняет тепло. Поэтому для внутренней и внешней отделки домов обычно используется пиломатериал из ели. Для изготовления перекрытий обрешетки и других несущих элементов конструкций используется сосновый пиломатериал. Для изготовления ступений, и усиленной стропильной части крыши используется доска сечением 250х50, 300х50, 400х50 и изготавливается на заказ. Цена варируется от 12000 до 16000 руб за 1м3 т.е. цена 1500 до 2000 руб за одну 6м доску не предел. ДОСКА НЕ ОБРЕЗНАЯ Изготавливается из бревна путем его продольной распиловки при этом кромки покрытые корой, не обрезаются (отсюда &laquo;не обрезная&raquo;). Необрезная доска делается из хвойных, реже из лиственных пород дерева следующих размеров: толщина 25, 40, 50 мм, длина 3 и 6 м. Не обрезная доска не используются для декоративных целей, а также для покрытия видимых поверхностей, поэтому дополнительная обработка просто-напросто не требуется. Используется она чаще всего для изготовления различных настилов, обшивки, обрешетки крыши, элементов несущих конструкций и других работ, где нет особых требований к внешнему виду. БРУС Бру, также как доска, изготавливается из бревна путем его продольной распиловки, при этом его толщина составляет 100мм или более. При изготовлении бруса опиливание производится с четырех сторон. Из бруса изготавливаются стены о многие другие элементы деревянных домов: дверные и оконные проемы, конструкции крыши, лаги для настилки полов и т. п. Качество бруса прямо зависит технологии его изготовления и влажности. Влажность просушенного бруса не должна превышать 10-12%. К сожалению такие параметры влажности сейчас врядли встретишь т.к. ГОСТ уже уходит в прошлое и многие нарушают технологию т.к. на естественную просушку уходит много времени. 150 дней нужно сушить кругляк чтобы напилить брус сечением 150х150. Сечение бруса 250х100, 250х200, 250х250 и длинной 6,7,8 изготавливается на заказ и служит для усиления несущих деталей строения, и стоит очень дорого. Связано это прежде всего с трудностью заготовки, распиловки, транспортировки, да и просто зависит от мастерства мастера. ВАГОНКА Обшивочная доска &mdash; широко распространенный материал для внутренней и внешней отделки поверхностей деревом. Название &laquo;вагонка&raquo; закрепилось за этим видом доски со времен, когда ей обшивали стены товарных вагонов. Это была специальная доска обшивки вагонов с особенными выборками по краям для устранения щелей и плотной подгонки друг к другу. Так называемая &laquo;четверть&raquo;. Современная вагонка заметно от отличается от старой по технологии производства форме и качеству изготовления. Оборудование для производства вагонки стало сложнее, появилась евровагонка с еще более сложным профилем, но функция вагонки осталась такой же &mdash; получение красивой, ровной деревянной поверхности без щелей. Размеры обычной вагонки по ГОСТу установлены от 12 до 25 мм, шириной до 150 мм, длиной до 6000 мм. Для наружной обшивки поверхностей применяется вагонка хвойных пород и осина, для внутренней обшивки &mdash; вагонка хвойных и лиственных пород. Соответственно, вагонка толщиной от 18 мм используется снаружи, а вагонка 12 &mdash; 16 мм внутри помещений. ГОСТом 8242-88 регулируются профили вагонки, размеры пазов и гребней, допуски, углы и отклонения элементов. Евровагонка имеет стандартные размеры по толщине &mdash; 13, 16 и 19 мм, при ширине 80, 100, 110 и 120 мм, длиной до 6000 мм. Стандартами устанавливается влажность евровагонки в районе 10 &mdash; 15%. Профили евровагонки могут отличаться, но ее характерными элементами являются более глубокое пазогребневое соединение и выборка с внутренней строны доски. Сегодня на рынке строительных материалов представлены несколько видов профилей евровагонки &mdash; это &laquo;стандарт&raquo;, &laquo;американка&raquo;, &laquo;софтлайн&raquo;, &laquo;ландхау&raquo;, &laquo;блокхаус&raquo;.</p>	Хотите узнать подробнее о видах пиломатериалов для строительства, а также их качествах? Тогда вам непременно стоит прочитать данную статью!	Виды пиломатериалов, применение пиломатериалов	Виды пиломатериалов
\.


--
-- Name: dvor_article_id_seq; Type: SEQUENCE SET; Schema: public; Owner: kd_admin
--

SELECT pg_catalog.setval('dvor_article_id_seq', 2, true);


--
-- Data for Name: dvor_article_techs; Type: TABLE DATA; Schema: public; Owner: kd_admin
--

COPY dvor_article_techs (id, article_id, techno_id) FROM stdin;
1	1	1
2	1	2
3	1	3
4	1	4
5	1	5
6	2	3
\.


--
-- Name: dvor_article_techs_id_seq; Type: SEQUENCE SET; Schema: public; Owner: kd_admin
--

SELECT pg_catalog.setval('dvor_article_techs_id_seq', 6, true);


--
-- Data for Name: dvor_calculation; Type: TABLE DATA; Schema: public; Owner: kd_admin
--

COPY dvor_calculation (id, fio, created, email, phone, note, file, kit_numb, kit_id) FROM stdin;
22	Гуслицер Александр Юрьевич	2017-02-02 10:17:17.601159+00	polgur@inbox.ru	9273933646	fddggd		1	17
23	Гуслицер Александр Юрьевич	2017-02-02 10:23:01.8984+00	polgur@inbox.ru	9273933646	fdfdfdf		1	16
24	Гуслицер Александр Юрьевич	2017-02-02 10:29:35.892317+00	polgur@inbox.ru	9273933646	fdfdggd		1	16
25	Гуслицер Александр Юрьевич	2017-02-02 11:28:46.994382+00	polgur@inbox.ru	9273933646	ава		\N	\N
26	Гуслицер Александр Юрьевич	2017-02-02 11:33:46.523399+00	polgur@inbox.ru	9273933646	авава		\N	\N
27	Гуслицер Александр Юрьевич	2017-02-02 11:34:20.204847+00	polgur@inbox.ru	9273933646	вавав		\N	\N
28	Гуслицер Александр Юрьевич	2017-02-02 11:34:32.073224+00	polgur@inbox.ru	9273933646	кувкук		\N	\N
29	Гуслицер Александр Юрьевич	2017-02-02 11:35:46.005758+00	polgur@inbox.ru	9273933646	fdfdfd		\N	\N
30	Гуслицер Александр Юрьевич	2017-02-02 12:21:18.351564+00	polgur@inbox.ru	9273933646	fdfdf		2	16
31	Гуслицер	2017-02-02 15:08:04.064166+00	Polgur@inbox.ru	9273933646	аопралп	calc_files/icon_sip.png	\N	\N
32	Гуслицер	2017-02-02 15:09:46.804647+00	polgur@inbox.ru	9273933646	авауккауа		1	16
33	иван	2017-02-02 15:26:44.992176+00	test@inbox.ru	9273933646	впвраррамрпррарт	calc_files/navarovo.jpg	\N	\N
34	Гуслицер	2017-02-02 15:27:49.850243+00	polgur999@gmail.com	9273933646	апрар		1	16
35	Гуслицер	2017-02-04 07:32:46.108643+00	Polgur@inbox.ru	9273933646	ававав\r\nавауав\r\nау1\r\n\r\n2\r\n\r\n3	calc_files/11.jpg	1	16
36	иван	2017-02-04 07:39:55.755999+00	Polgur@inbox.ru	9273933646	ывава		\N	\N
37	Гуслицер	2017-02-04 07:40:09.954553+00	polgur@inbox.ru	9273933646	авава		\N	\N
38	Гуслицер	2017-02-12 12:32:28.804093+00	polgur@inbox.ru	9273933646	dfdfdfdf		1	16
39	Гуслицер	2017-02-12 12:32:43.909375+00	polgur@inbox.ru	9273933646	fdfee		2	16
\.


--
-- Name: dvor_calculation_id_seq; Type: SEQUENCE SET; Schema: public; Owner: kd_admin
--

SELECT pg_catalog.setval('dvor_calculation_id_seq', 39, true);


--
-- Data for Name: dvor_phonecall; Type: TABLE DATA; Schema: public; Owner: kd_admin
--

COPY dvor_phonecall (id, fio, created, email, phone, wtime) FROM stdin;
\.


--
-- Name: dvor_phonecall_id_seq; Type: SEQUENCE SET; Schema: public; Owner: kd_admin
--

SELECT pg_catalog.setval('dvor_phonecall_id_seq', 9, true);


--
-- Data for Name: dvor_prjkit; Type: TABLE DATA; Schema: public; Owner: kd_admin
--

COPY dvor_prjkit (id, price1, price2, kit1, kit2, prn_id, tech_id) FROM stdin;
4	1135000	1140000	<p>11</p>	<p>11</p>	5	1
5	1147000	1152000	<p>11</p>	<p>11</p>	5	2
6	1160000	1165000	<p>11</p>	<p>11</p>	5	3
7	1164000	1169000	<p>11</p>	<p>11</p>	3	1
8	1175000	1179000	<p>11</p>	<p>11</p>	3	2
9	1200000	1210000	<p>11</p>	<p>11</p>	3	3
1	1250000	1260000	<p>ff</p>	<p>ff</p>	4	1
2	1265000	1270000	<p>11</p>	<p>11</p>	4	2
3	1273000	1280000	<p>11</p>	<p>11</p>	4	3
10	1420000	1425000	<p>11</p>	<p>11</p>	7	1
11	1432000	1438000	<p>11</p>	<p>11</p>	7	2
12	1440000	1445000	<p>1</p>	<p>1</p>	7	3
13	1190000	1195000	<p>1</p>	<p>1</p>	6	1
14	1200000	1210000	<p>1</p>	<p>1</p>	6	2
15	1215000	1219000	<p>1</p>	<p>1</p>	6	3
17	1430000	1440000	<table style="border-collapse:collapse; width:420pt; border:none" width="560">\r\n\t<tbody>\r\n\t\t<tr height="21" style="height:15.75pt">\r\n\t\t\t<td class="xl65" height="21" style="height: 15.75pt; width: 181pt; text-align: center;" width="241">Наименование</td>\r\n\t\t\t<td class="xl65" style="border-left: none; width: 239pt; text-align: center;" width="319">Используемый материал</td>\r\n\t\t</tr>\r\n\t\t<tr height="84" style="height:63.0pt">\r\n\t\t\t<td class="xl66" height="84" style="height: 63pt; border-top: none; width: 181pt; text-align: center;" width="241">Фундамент</td>\r\n\t\t\t<td class="xl66" style="border-top: none; border-left: none; width: 239pt; text-align: center;" width="319">Свайно-винтовой,(черный металл) диаметром = 108 мм, длиной = 2.5м, закручиваемые спецтехникой с засыпкой песко-бетонной смесью.</td>\r\n\t\t</tr>\r\n\t\t<tr height="21" style="height:15.75pt">\r\n\t\t\t<td class="xl66" height="21" style="height: 15.75pt; border-top: none; width: 181pt; text-align: center;" width="241">Обвязочный брус</td>\r\n\t\t\t<td class="xl66" style="border-top: none; border-left: none; width: 239pt; text-align: center;" width="319">200 x 200</td>\r\n\t\t</tr>\r\n\t\t<tr height="63" style="height:47.25pt">\r\n\t\t\t<td class="xl66" height="63" style="height: 47.25pt; border-top: none; width: 181pt; text-align: center;" width="241">Цокольное перекрытие</td>\r\n\t\t\t<td class="xl66" style="border-top: none; border-left: none; width: 239pt; text-align: center;" width="319">СИП панели 224 мм, уложенные с шагом 625 мм. <font class="font5">( OSB 12 мм + ПСБ 25Ф +OSB 12 мм.)</font><font class="font6">&nbsp;</font></td>\r\n\t\t</tr>\r\n\t\t<tr height="21" style="height:15.75pt">\r\n\t\t\t<td class="xl66" height="42" rowspan="2" style="height: 31.5pt; border-top: none; width: 181pt; text-align: center;" width="241">Наружные стены 1 этажа</td>\r\n\t\t\t<td class="xl66" style="border-top: none; border-left: none; width: 239pt; text-align: center;" width="319">СИП панели 174 мм, высотой 2.8 м.</td>\r\n\t\t</tr>\r\n\t\t<tr height="21" style="height:15.75pt">\r\n\t\t\t<td class="xl66" height="21" style="border-top: none; border-left: none; width: 239pt; text-align: center;" width="319">&nbsp;( OSB 12 мм + ПСБ 25Ф +OSB 12 мм.)</td>\r\n\t\t</tr>\r\n\t\t<tr height="42" style="height:31.5pt">\r\n\t\t\t<td class="xl66" height="42" style="height: 31.5pt; border-top: none; width: 181pt; text-align: center;" width="241">Внутренние стены 1 этажа</td>\r\n\t\t\t<td class="xl67" style="border-top: none; border-left: none; width: 239pt; text-align: center;" width="319">Несущие стены, перегородки Сип панели&nbsp;&nbsp;&nbsp;&nbsp;&nbsp;&nbsp;&nbsp;&nbsp;&nbsp;&nbsp;&nbsp;&nbsp;&nbsp;&nbsp;&nbsp;&nbsp;&nbsp;&nbsp;&nbsp;&nbsp;&nbsp;&nbsp;&nbsp;&nbsp; 174 мм, 124 мм.&nbsp;</td>\r\n\t\t</tr>\r\n\t\t<tr height="42" style="height:31.5pt">\r\n\t\t\t<td class="xl66" height="42" style="height: 31.5pt; border-top: none; width: 181pt; text-align: center;" width="241">Междуэтажное перекрытие</td>\r\n\t\t\t<td class="xl66" style="border-top: none; border-left: none; width: 239pt; text-align: center;" width="319">Доска 45 x195 с настилом OSB 22мм. Утепление 200 мм (по контуру).</td>\r\n\t\t</tr>\r\n\t\t<tr height="21" style="height:15.75pt">\r\n\t\t\t<td class="xl66" height="42" rowspan="2" style="height: 31.5pt; border-top: none; width: 181pt; text-align: center;" width="241">Наружные стены 2 этажа</td>\r\n\t\t\t<td class="xl66" style="border-top: none; border-left: none; width: 239pt; text-align: center;" width="319">СИП панели 174 мм, высотой 2.5 м.&nbsp;</td>\r\n\t\t</tr>\r\n\t\t<tr height="21" style="height:15.75pt">\r\n\t\t\t<td class="xl66" height="21" style="height: 15.75pt; border-top: none; border-left: none; width: 239pt; text-align: center;" width="319">( OSB 12 мм +ПСБ 25Ф +OSB 12 мм.)</td>\r\n\t\t</tr>\r\n\t\t<tr height="42" style="height:31.5pt">\r\n\t\t\t<td class="xl66" height="42" style="height: 31.5pt; border-top: none; width: 181pt; text-align: center;" width="241">Внутренние стены 2 этажа</td>\r\n\t\t\t<td class="xl66" style="border-top: none; border-left: none; width: 239pt; text-align: center;" width="319">Несущие стены, перегородки Сип панели&nbsp;&nbsp;&nbsp;&nbsp;&nbsp;&nbsp;&nbsp;&nbsp;&nbsp;&nbsp;&nbsp;&nbsp;&nbsp;&nbsp;&nbsp;&nbsp;&nbsp;&nbsp;&nbsp;&nbsp;&nbsp;&nbsp;&nbsp;&nbsp; 174 мм, 124 мм. Высотой до конька.</td>\r\n\t\t</tr>\r\n\t\t<tr height="21" style="height:15.75pt">\r\n\t\t\t<td class="xl66" height="21" style="height: 15.75pt; border-top: none; width: 181pt; text-align: center;" width="241">Кровля</td>\r\n\t\t\t<td class="xl66" style="border-top: none; border-left: none; width: 239pt; text-align: center;" width="319">Металлочерепица с утеплением 150 мм.</td>\r\n\t\t</tr>\r\n\t\t<tr height="21" style="height:15.75pt">\r\n\t\t\t<td class="xl66" height="63" rowspan="2" style="height: 47.25pt; border-top: none; width: 181pt; text-align: center;" width="241">Окна</td>\r\n\t\t\t<td class="xl66" style="border-top: none; border-left: none; width: 239pt; text-align: center;" width="319">ПВХ<font class="font6">&nbsp; &laquo;Штерн&raquo;&nbsp;</font></td>\r\n\t\t</tr>\r\n\t\t<tr height="42" style="height:31.5pt">\r\n\t\t\t<td class="xl66" height="42" style="border-top: none; border-left: none; width: 239pt; text-align: center;" width="319">70-коробка. Двухкамерные, поворотно-откидные. Фурнитура-<font class="font6"><font style="height:31.5pt"> Roto</font></font><font class="font5"><font style="height:31.5pt">.</font></font></td>\r\n\t\t</tr>\r\n\t\t<tr height="20" style="height:15.0pt">\r\n\t\t\t<td class="xl66" height="80" rowspan="4" style="height: 60pt; border-top: none; width: 181pt; text-align: center;" width="241">Дверь входная</td>\r\n\t\t\t<td class="xl66" rowspan="4" style="border-top: none; width: 239pt; text-align: center;" width="319">Металлическая. Производство-Россия. Утепленная, наружная отделка- молотковая эмаль, внутренняя- ламинация. Два замка, глазок, резиновый уплотнитель.</td>\r\n\t\t</tr>\r\n\t\t<tr height="20" style="height: 15pt; text-align: center;">\r\n\t\t</tr>\r\n\t\t<tr height="20" style="height: 15pt; text-align: center;">\r\n\t\t</tr>\r\n\t\t<tr height="20" style="height: 15pt; text-align: center;">\r\n\t\t</tr>\r\n\t\t<tr height="21" style="height:15.75pt">\r\n\t\t\t<td class="xl66" height="21" style="height: 15.75pt; border-top: none; width: 181pt; text-align: center;" width="241">Балкон, крыльцо</td>\r\n\t\t\t<td class="xl66" style="border-top: none; border-left: none; width: 239pt; text-align: center;" width="319">Входит в стоимость.</td>\r\n\t\t</tr>\r\n\t\t<tr height="21" style="height:15.75pt">\r\n\t\t\t<td class="xl66" height="21" style="height: 15.75pt; border-top: none; width: 181pt; text-align: center;" width="241">Доставка</td>\r\n\t\t\t<td class="xl66" style="border-top: none; border-left: none; width: 239pt; text-align: center;" width="319">50 км.&nbsp; От&nbsp; г. Бронницы - бесплатно</td>\r\n\t\t</tr>\r\n\t\t<tr height="42" style="height:31.5pt">\r\n\t\t\t<td class="xl66" height="42" style="height: 31.5pt; border-top: none; width: 181pt; text-align: center;" width="241">Монтаж, проект, бытовка для строителей</td>\r\n\t\t\t<td class="xl66" style="border-top: none; border-left: none; width: 239pt; text-align: center;" width="319">Входит в стоимость</td>\r\n\t\t</tr>\r\n\t</tbody>\r\n</table>	<table style="border-collapse:collapse; width:420pt; border:none" width="560">\r\n\t<tbody>\r\n\t\t<tr height="21" style="height:15.75pt">\r\n\t\t\t<td class="xl65" height="21" style="height: 15.75pt; width: 181pt; text-align: center;" width="241">Наименование</td>\r\n\t\t\t<td class="xl65" style="border-left: none; width: 239pt; text-align: center;" width="319">Используемый материал</td>\r\n\t\t</tr>\r\n\t\t<tr height="84" style="height:63.0pt">\r\n\t\t\t<td class="xl66" height="84" style="height: 63pt; border-top: none; width: 181pt; text-align: center;" width="241">Фундамент</td>\r\n\t\t\t<td class="xl66" style="border-top: none; border-left: none; width: 239pt; text-align: center;" width="319">Свайно-винтовой,(черный металл) диаметром = 108 мм, длиной = 2.5м, закручиваемые спецтехникой с засыпкой песко-бетонной смесью.</td>\r\n\t\t</tr>\r\n\t\t<tr height="21" style="height:15.75pt">\r\n\t\t\t<td class="xl66" height="21" style="height: 15.75pt; border-top: none; width: 181pt; text-align: center;" width="241">Обвязочный брус</td>\r\n\t\t\t<td class="xl66" style="border-top: none; border-left: none; width: 239pt; text-align: center;" width="319">200 x 200</td>\r\n\t\t</tr>\r\n\t\t<tr height="63" style="height:47.25pt">\r\n\t\t\t<td class="xl66" height="63" style="height: 47.25pt; border-top: none; width: 181pt; text-align: center;" width="241">Цокольное перекрытие</td>\r\n\t\t\t<td class="xl66" style="border-top: none; border-left: none; width: 239pt; text-align: center;" width="319">СИП панели 224 мм, уложенные с шагом 625 мм. <font class="font5">( OSB 12 мм + ПСБ 25Ф +OSB 12 мм.)</font><font class="font6">&nbsp;</font></td>\r\n\t\t</tr>\r\n\t\t<tr height="21" style="height:15.75pt">\r\n\t\t\t<td class="xl66" height="42" rowspan="2" style="height: 31.5pt; border-top: none; width: 181pt; text-align: center;" width="241">Наружные стены 1 этажа</td>\r\n\t\t\t<td class="xl66" style="border-top: none; border-left: none; width: 239pt; text-align: center;" width="319">СИП панели 174 мм, высотой 2.8 м.</td>\r\n\t\t</tr>\r\n\t\t<tr height="21" style="height:15.75pt">\r\n\t\t\t<td class="xl66" height="21" style="border-top: none; border-left: none; width: 239pt; text-align: center;" width="319">&nbsp;( OSB 12 мм + ПСБ 25Ф +OSB 12 мм.)</td>\r\n\t\t</tr>\r\n\t\t<tr height="42" style="height:31.5pt">\r\n\t\t\t<td class="xl66" height="42" style="height: 31.5pt; border-top: none; width: 181pt; text-align: center;" width="241">Внутренние стены 1 этажа</td>\r\n\t\t\t<td class="xl67" style="border-top: none; border-left: none; width: 239pt; text-align: center;" width="319">Несущие стены, перегородки Сип панели&nbsp;&nbsp;&nbsp;&nbsp;&nbsp;&nbsp;&nbsp;&nbsp;&nbsp;&nbsp;&nbsp;&nbsp;&nbsp;&nbsp;&nbsp;&nbsp;&nbsp;&nbsp;&nbsp;&nbsp;&nbsp;&nbsp;&nbsp;&nbsp; 174 мм, 124 мм.&nbsp;</td>\r\n\t\t</tr>\r\n\t\t<tr height="42" style="height:31.5pt">\r\n\t\t\t<td class="xl66" height="42" style="height: 31.5pt; border-top: none; width: 181pt; text-align: center;" width="241">Междуэтажное перекрытие</td>\r\n\t\t\t<td class="xl66" style="border-top: none; border-left: none; width: 239pt; text-align: center;" width="319">Доска 45 x195 с настилом OSB 22мм. Утепление 200 мм (по контуру).</td>\r\n\t\t</tr>\r\n\t\t<tr height="21" style="height:15.75pt">\r\n\t\t\t<td class="xl66" height="42" rowspan="2" style="height: 31.5pt; border-top: none; width: 181pt; text-align: center;" width="241">Наружные стены 2 этажа</td>\r\n\t\t\t<td class="xl66" style="border-top: none; border-left: none; width: 239pt; text-align: center;" width="319">СИП панели 174 мм, высотой 2.5 м.&nbsp;</td>\r\n\t\t</tr>\r\n\t\t<tr height="21" style="height:15.75pt">\r\n\t\t\t<td class="xl66" height="21" style="height: 15.75pt; border-top: none; border-left: none; width: 239pt; text-align: center;" width="319">( OSB 12 мм +ПСБ 25Ф +OSB 12 мм.)</td>\r\n\t\t</tr>\r\n\t\t<tr height="42" style="height:31.5pt">\r\n\t\t\t<td class="xl66" height="42" style="height: 31.5pt; border-top: none; width: 181pt; text-align: center;" width="241">Внутренние стены 2 этажа</td>\r\n\t\t\t<td class="xl66" style="border-top: none; border-left: none; width: 239pt; text-align: center;" width="319">Несущие стены, перегородки Сип панели&nbsp;&nbsp;&nbsp;&nbsp;&nbsp;&nbsp;&nbsp;&nbsp;&nbsp;&nbsp;&nbsp;&nbsp;&nbsp;&nbsp;&nbsp;&nbsp;&nbsp;&nbsp;&nbsp;&nbsp;&nbsp;&nbsp;&nbsp;&nbsp; 174 мм, 124 мм. Высотой до конька.</td>\r\n\t\t</tr>\r\n\t\t<tr height="21" style="height:15.75pt">\r\n\t\t\t<td class="xl66" height="21" style="height: 15.75pt; border-top: none; width: 181pt; text-align: center;" width="241">Кровля</td>\r\n\t\t\t<td class="xl66" style="border-top: none; border-left: none; width: 239pt; text-align: center;" width="319">Металлочерепица с утеплением 150 мм.</td>\r\n\t\t</tr>\r\n\t\t<tr height="21" style="height:15.75pt">\r\n\t\t\t<td class="xl66" height="63" rowspan="2" style="height: 47.25pt; border-top: none; width: 181pt; text-align: center;" width="241">Окна</td>\r\n\t\t\t<td class="xl66" style="border-top: none; border-left: none; width: 239pt; text-align: center;" width="319">ПВХ<font class="font6">&nbsp; &laquo;Штерн&raquo;&nbsp;</font></td>\r\n\t\t</tr>\r\n\t\t<tr height="42" style="height:31.5pt">\r\n\t\t\t<td class="xl66" height="42" style="border-top: none; border-left: none; width: 239pt; text-align: center;" width="319">70-коробка. Двухкамерные, поворотно-откидные. Фурнитура-<font class="font6"><font style="height:31.5pt"> Roto</font></font><font class="font5"><font style="height:31.5pt">.</font></font></td>\r\n\t\t</tr>\r\n\t\t<tr height="20" style="height:15.0pt">\r\n\t\t\t<td class="xl66" height="80" rowspan="4" style="height: 60pt; border-top: none; width: 181pt; text-align: center;" width="241">Дверь входная</td>\r\n\t\t\t<td class="xl66" rowspan="4" style="border-top: none; width: 239pt; text-align: center;" width="319">Металлическая. Производство-Россия. Утепленная, наружная отделка- молотковая эмаль, внутренняя- ламинация. Два замка, глазок, резиновый уплотнитель.</td>\r\n\t\t</tr>\r\n\t\t<tr height="20" style="height: 15pt; text-align: center;">\r\n\t\t</tr>\r\n\t\t<tr height="20" style="height: 15pt; text-align: center;">\r\n\t\t</tr>\r\n\t\t<tr height="20" style="height: 15pt; text-align: center;">\r\n\t\t</tr>\r\n\t\t<tr height="21" style="height:15.75pt">\r\n\t\t\t<td class="xl66" height="21" style="height: 15.75pt; border-top: none; width: 181pt; text-align: center;" width="241">Балкон, крыльцо</td>\r\n\t\t\t<td class="xl66" style="border-top: none; border-left: none; width: 239pt; text-align: center;" width="319">Входит в стоимость.</td>\r\n\t\t</tr>\r\n\t\t<tr height="21" style="height:15.75pt">\r\n\t\t\t<td class="xl66" height="21" style="height: 15.75pt; border-top: none; width: 181pt; text-align: center;" width="241">Доставка</td>\r\n\t\t\t<td class="xl66" style="border-top: none; border-left: none; width: 239pt; text-align: center;" width="319">50 км.&nbsp; От&nbsp; г. Бронницы - бесплатно</td>\r\n\t\t</tr>\r\n\t\t<tr height="42" style="height:31.5pt">\r\n\t\t\t<td class="xl66" height="42" style="height: 31.5pt; border-top: none; width: 181pt; text-align: center;" width="241">Монтаж, проект, бытовка для строителей</td>\r\n\t\t\t<td class="xl66" style="border-top: none; border-left: none; width: 239pt; text-align: center;" width="319">Входит в стоимость</td>\r\n\t\t</tr>\r\n\t</tbody>\r\n</table>	8	2
18	1445000	1450000	<table style="border-collapse:collapse; width:420pt; border:none" width="560">\r\n\t<tbody>\r\n\t\t<tr height="21" style="height:15.75pt">\r\n\t\t\t<td class="xl65" height="21" style="height: 15.75pt; width: 181pt; text-align: center;" width="241">Наименование</td>\r\n\t\t\t<td class="xl65" style="border-left: none; width: 239pt; text-align: center;" width="319">Используемый материал</td>\r\n\t\t</tr>\r\n\t\t<tr height="84" style="height:63.0pt">\r\n\t\t\t<td class="xl66" height="84" style="height: 63pt; border-top: none; width: 181pt; text-align: center;" width="241">Фундамент</td>\r\n\t\t\t<td class="xl66" style="border-top: none; border-left: none; width: 239pt; text-align: center;" width="319">Свайно-винтовой,(черный металл) диаметром = 108 мм, длиной = 2.5м, закручиваемые спецтехникой с засыпкой песко-бетонной смесью.</td>\r\n\t\t</tr>\r\n\t\t<tr height="21" style="height:15.75pt">\r\n\t\t\t<td class="xl66" height="21" style="height: 15.75pt; border-top: none; width: 181pt; text-align: center;" width="241">Обвязочный брус</td>\r\n\t\t\t<td class="xl66" style="border-top: none; border-left: none; width: 239pt; text-align: center;" width="319">200 x 200</td>\r\n\t\t</tr>\r\n\t\t<tr height="63" style="height:47.25pt">\r\n\t\t\t<td class="xl66" height="63" style="height: 47.25pt; border-top: none; width: 181pt; text-align: center;" width="241">Цокольное перекрытие</td>\r\n\t\t\t<td class="xl66" style="border-top: none; border-left: none; width: 239pt; text-align: center;" width="319">СИП панели 224 мм, уложенные с шагом 625 мм. <font class="font5">( OSB 12 мм + ПСБ 25Ф +OSB 12 мм.)</font><font class="font6">&nbsp;</font></td>\r\n\t\t</tr>\r\n\t\t<tr height="21" style="height:15.75pt">\r\n\t\t\t<td class="xl66" height="42" rowspan="2" style="height: 31.5pt; border-top: none; width: 181pt; text-align: center;" width="241">Наружные стены 1 этажа</td>\r\n\t\t\t<td class="xl66" style="border-top: none; border-left: none; width: 239pt; text-align: center;" width="319">СИП панели 174 мм, высотой 2.8 м.</td>\r\n\t\t</tr>\r\n\t\t<tr height="21" style="height:15.75pt">\r\n\t\t\t<td class="xl66" height="21" style="border-top: none; border-left: none; width: 239pt; text-align: center;" width="319">&nbsp;( OSB 12 мм + ПСБ 25Ф +OSB 12 мм.)</td>\r\n\t\t</tr>\r\n\t\t<tr height="42" style="height:31.5pt">\r\n\t\t\t<td class="xl66" height="42" style="height: 31.5pt; border-top: none; width: 181pt; text-align: center;" width="241">Внутренние стены 1 этажа</td>\r\n\t\t\t<td class="xl67" style="border-top: none; border-left: none; width: 239pt; text-align: center;" width="319">Несущие стены, перегородки Сип панели&nbsp;&nbsp;&nbsp;&nbsp;&nbsp;&nbsp;&nbsp;&nbsp;&nbsp;&nbsp;&nbsp;&nbsp;&nbsp;&nbsp;&nbsp;&nbsp;&nbsp;&nbsp;&nbsp;&nbsp;&nbsp;&nbsp;&nbsp;&nbsp; 174 мм, 124 мм.&nbsp;</td>\r\n\t\t</tr>\r\n\t\t<tr height="42" style="height:31.5pt">\r\n\t\t\t<td class="xl66" height="42" style="height: 31.5pt; border-top: none; width: 181pt; text-align: center;" width="241">Междуэтажное перекрытие</td>\r\n\t\t\t<td class="xl66" style="border-top: none; border-left: none; width: 239pt; text-align: center;" width="319">Доска 45 x195 с настилом OSB 22мм. Утепление 200 мм (по контуру).</td>\r\n\t\t</tr>\r\n\t\t<tr height="21" style="height:15.75pt">\r\n\t\t\t<td class="xl66" height="42" rowspan="2" style="height: 31.5pt; border-top: none; width: 181pt; text-align: center;" width="241">Наружные стены 2 этажа</td>\r\n\t\t\t<td class="xl66" style="border-top: none; border-left: none; width: 239pt; text-align: center;" width="319">СИП панели 174 мм, высотой 2.5 м.&nbsp;</td>\r\n\t\t</tr>\r\n\t\t<tr height="21" style="height:15.75pt">\r\n\t\t\t<td class="xl66" height="21" style="height: 15.75pt; border-top: none; border-left: none; width: 239pt; text-align: center;" width="319">( OSB 12 мм +ПСБ 25Ф +OSB 12 мм.)</td>\r\n\t\t</tr>\r\n\t\t<tr height="42" style="height:31.5pt">\r\n\t\t\t<td class="xl66" height="42" style="height: 31.5pt; border-top: none; width: 181pt; text-align: center;" width="241">Внутренние стены 2 этажа</td>\r\n\t\t\t<td class="xl66" style="border-top: none; border-left: none; width: 239pt; text-align: center;" width="319">Несущие стены, перегородки Сип панели&nbsp;&nbsp;&nbsp;&nbsp;&nbsp;&nbsp;&nbsp;&nbsp;&nbsp;&nbsp;&nbsp;&nbsp;&nbsp;&nbsp;&nbsp;&nbsp;&nbsp;&nbsp;&nbsp;&nbsp;&nbsp;&nbsp;&nbsp;&nbsp; 174 мм, 124 мм. Высотой до конька.</td>\r\n\t\t</tr>\r\n\t\t<tr height="21" style="height:15.75pt">\r\n\t\t\t<td class="xl66" height="21" style="height: 15.75pt; border-top: none; width: 181pt; text-align: center;" width="241">Кровля</td>\r\n\t\t\t<td class="xl66" style="border-top: none; border-left: none; width: 239pt; text-align: center;" width="319">Металлочерепица с утеплением 150 мм.</td>\r\n\t\t</tr>\r\n\t\t<tr height="21" style="height:15.75pt">\r\n\t\t\t<td class="xl66" height="63" rowspan="2" style="height: 47.25pt; border-top: none; width: 181pt; text-align: center;" width="241">Окна</td>\r\n\t\t\t<td class="xl66" style="border-top: none; border-left: none; width: 239pt; text-align: center;" width="319">ПВХ<font class="font6">&nbsp; &laquo;Штерн&raquo;&nbsp;</font></td>\r\n\t\t</tr>\r\n\t\t<tr height="42" style="height:31.5pt">\r\n\t\t\t<td class="xl66" height="42" style="border-top: none; border-left: none; width: 239pt; text-align: center;" width="319">70-коробка. Двухкамерные, поворотно-откидные. Фурнитура-<font class="font6"><font style="height:31.5pt"> Roto</font></font><font class="font5"><font style="height:31.5pt">.</font></font></td>\r\n\t\t</tr>\r\n\t\t<tr height="20" style="height:15.0pt">\r\n\t\t\t<td class="xl66" height="80" rowspan="4" style="height: 60pt; border-top: none; width: 181pt; text-align: center;" width="241">Дверь входная</td>\r\n\t\t\t<td class="xl66" rowspan="4" style="border-top: none; width: 239pt; text-align: center;" width="319">Металлическая. Производство-Россия. Утепленная, наружная отделка- молотковая эмаль, внутренняя- ламинация. Два замка, глазок, резиновый уплотнитель.</td>\r\n\t\t</tr>\r\n\t\t<tr height="20" style="height: 15pt; text-align: center;">\r\n\t\t</tr>\r\n\t\t<tr height="20" style="height: 15pt; text-align: center;">\r\n\t\t</tr>\r\n\t\t<tr height="20" style="height: 15pt; text-align: center;">\r\n\t\t</tr>\r\n\t\t<tr height="21" style="height:15.75pt">\r\n\t\t\t<td class="xl66" height="21" style="height: 15.75pt; border-top: none; width: 181pt; text-align: center;" width="241">Балкон, крыльцо</td>\r\n\t\t\t<td class="xl66" style="border-top: none; border-left: none; width: 239pt; text-align: center;" width="319">Входит в стоимость.</td>\r\n\t\t</tr>\r\n\t\t<tr height="21" style="height:15.75pt">\r\n\t\t\t<td class="xl66" height="21" style="height: 15.75pt; border-top: none; width: 181pt; text-align: center;" width="241">Доставка</td>\r\n\t\t\t<td class="xl66" style="border-top: none; border-left: none; width: 239pt; text-align: center;" width="319">50 км.&nbsp; От&nbsp; г. Бронницы - бесплатно</td>\r\n\t\t</tr>\r\n\t\t<tr height="42" style="height:31.5pt">\r\n\t\t\t<td class="xl66" height="42" style="height: 31.5pt; border-top: none; width: 181pt; text-align: center;" width="241">Монтаж, проект, бытовка для строителей</td>\r\n\t\t\t<td class="xl66" style="border-top: none; border-left: none; width: 239pt; text-align: center;" width="319">Входит в стоимость</td>\r\n\t\t</tr>\r\n\t</tbody>\r\n</table>	<table style="border-collapse:collapse; width:420pt; border:none" width="560">\r\n\t<tbody>\r\n\t\t<tr height="21" style="height:15.75pt">\r\n\t\t\t<td class="xl65" height="21" style="height: 15.75pt; width: 181pt; text-align: center;" width="241">Наименование</td>\r\n\t\t\t<td class="xl65" style="border-left: none; width: 239pt; text-align: center;" width="319">Используемый материал</td>\r\n\t\t</tr>\r\n\t\t<tr height="84" style="height:63.0pt">\r\n\t\t\t<td class="xl66" height="84" style="height: 63pt; border-top: none; width: 181pt; text-align: center;" width="241">Фундамент</td>\r\n\t\t\t<td class="xl66" style="border-top: none; border-left: none; width: 239pt; text-align: center;" width="319">Свайно-винтовой,(черный металл) диаметром = 108 мм, длиной = 2.5м, закручиваемые спецтехникой с засыпкой песко-бетонной смесью.</td>\r\n\t\t</tr>\r\n\t\t<tr height="21" style="height:15.75pt">\r\n\t\t\t<td class="xl66" height="21" style="height: 15.75pt; border-top: none; width: 181pt; text-align: center;" width="241">Обвязочный брус</td>\r\n\t\t\t<td class="xl66" style="border-top: none; border-left: none; width: 239pt; text-align: center;" width="319">200 x 200</td>\r\n\t\t</tr>\r\n\t\t<tr height="63" style="height:47.25pt">\r\n\t\t\t<td class="xl66" height="63" style="height: 47.25pt; border-top: none; width: 181pt; text-align: center;" width="241">Цокольное перекрытие</td>\r\n\t\t\t<td class="xl66" style="border-top: none; border-left: none; width: 239pt; text-align: center;" width="319">СИП панели 224 мм, уложенные с шагом 625 мм. <font class="font5">( OSB 12 мм + ПСБ 25Ф +OSB 12 мм.)</font><font class="font6">&nbsp;</font></td>\r\n\t\t</tr>\r\n\t\t<tr height="21" style="height:15.75pt">\r\n\t\t\t<td class="xl66" height="42" rowspan="2" style="height: 31.5pt; border-top: none; width: 181pt; text-align: center;" width="241">Наружные стены 1 этажа</td>\r\n\t\t\t<td class="xl66" style="border-top: none; border-left: none; width: 239pt; text-align: center;" width="319">СИП панели 174 мм, высотой 2.8 м.</td>\r\n\t\t</tr>\r\n\t\t<tr height="21" style="height:15.75pt">\r\n\t\t\t<td class="xl66" height="21" style="border-top: none; border-left: none; width: 239pt; text-align: center;" width="319">&nbsp;( OSB 12 мм + ПСБ 25Ф +OSB 12 мм.)</td>\r\n\t\t</tr>\r\n\t\t<tr height="42" style="height:31.5pt">\r\n\t\t\t<td class="xl66" height="42" style="height: 31.5pt; border-top: none; width: 181pt; text-align: center;" width="241">Внутренние стены 1 этажа</td>\r\n\t\t\t<td class="xl67" style="border-top: none; border-left: none; width: 239pt; text-align: center;" width="319">Несущие стены, перегородки Сип панели&nbsp;&nbsp;&nbsp;&nbsp;&nbsp;&nbsp;&nbsp;&nbsp;&nbsp;&nbsp;&nbsp;&nbsp;&nbsp;&nbsp;&nbsp;&nbsp;&nbsp;&nbsp;&nbsp;&nbsp;&nbsp;&nbsp;&nbsp;&nbsp; 174 мм, 124 мм.&nbsp;</td>\r\n\t\t</tr>\r\n\t\t<tr height="42" style="height:31.5pt">\r\n\t\t\t<td class="xl66" height="42" style="height: 31.5pt; border-top: none; width: 181pt; text-align: center;" width="241">Междуэтажное перекрытие</td>\r\n\t\t\t<td class="xl66" style="border-top: none; border-left: none; width: 239pt; text-align: center;" width="319">Доска 45 x195 с настилом OSB 22мм. Утепление 200 мм (по контуру).</td>\r\n\t\t</tr>\r\n\t\t<tr height="21" style="height:15.75pt">\r\n\t\t\t<td class="xl66" height="42" rowspan="2" style="height: 31.5pt; border-top: none; width: 181pt; text-align: center;" width="241">Наружные стены 2 этажа</td>\r\n\t\t\t<td class="xl66" style="border-top: none; border-left: none; width: 239pt; text-align: center;" width="319">СИП панели 174 мм, высотой 2.5 м.&nbsp;</td>\r\n\t\t</tr>\r\n\t\t<tr height="21" style="height:15.75pt">\r\n\t\t\t<td class="xl66" height="21" style="height: 15.75pt; border-top: none; border-left: none; width: 239pt; text-align: center;" width="319">( OSB 12 мм +ПСБ 25Ф +OSB 12 мм.)</td>\r\n\t\t</tr>\r\n\t\t<tr height="42" style="height:31.5pt">\r\n\t\t\t<td class="xl66" height="42" style="height: 31.5pt; border-top: none; width: 181pt; text-align: center;" width="241">Внутренние стены 2 этажа</td>\r\n\t\t\t<td class="xl66" style="border-top: none; border-left: none; width: 239pt; text-align: center;" width="319">Несущие стены, перегородки Сип панели&nbsp;&nbsp;&nbsp;&nbsp;&nbsp;&nbsp;&nbsp;&nbsp;&nbsp;&nbsp;&nbsp;&nbsp;&nbsp;&nbsp;&nbsp;&nbsp;&nbsp;&nbsp;&nbsp;&nbsp;&nbsp;&nbsp;&nbsp;&nbsp; 174 мм, 124 мм. Высотой до конька.</td>\r\n\t\t</tr>\r\n\t\t<tr height="21" style="height:15.75pt">\r\n\t\t\t<td class="xl66" height="21" style="height: 15.75pt; border-top: none; width: 181pt; text-align: center;" width="241">Кровля</td>\r\n\t\t\t<td class="xl66" style="border-top: none; border-left: none; width: 239pt; text-align: center;" width="319">Металлочерепица с утеплением 150 мм.</td>\r\n\t\t</tr>\r\n\t\t<tr height="21" style="height:15.75pt">\r\n\t\t\t<td class="xl66" height="63" rowspan="2" style="height: 47.25pt; border-top: none; width: 181pt; text-align: center;" width="241">Окна</td>\r\n\t\t\t<td class="xl66" style="border-top: none; border-left: none; width: 239pt; text-align: center;" width="319">ПВХ<font class="font6">&nbsp; &laquo;Штерн&raquo;&nbsp;</font></td>\r\n\t\t</tr>\r\n\t\t<tr height="42" style="height:31.5pt">\r\n\t\t\t<td class="xl66" height="42" style="border-top: none; border-left: none; width: 239pt; text-align: center;" width="319">70-коробка. Двухкамерные, поворотно-откидные. Фурнитура-<font class="font6"><font style="height:31.5pt"> Roto</font></font><font class="font5"><font style="height:31.5pt">.</font></font></td>\r\n\t\t</tr>\r\n\t\t<tr height="20" style="height:15.0pt">\r\n\t\t\t<td class="xl66" height="80" rowspan="4" style="height: 60pt; border-top: none; width: 181pt; text-align: center;" width="241">Дверь входная</td>\r\n\t\t\t<td class="xl66" rowspan="4" style="border-top: none; width: 239pt; text-align: center;" width="319">Металлическая. Производство-Россия. Утепленная, наружная отделка- молотковая эмаль, внутренняя- ламинация. Два замка, глазок, резиновый уплотнитель.</td>\r\n\t\t</tr>\r\n\t\t<tr height="20" style="height: 15pt; text-align: center;">\r\n\t\t</tr>\r\n\t\t<tr height="20" style="height: 15pt; text-align: center;">\r\n\t\t</tr>\r\n\t\t<tr height="20" style="height: 15pt; text-align: center;">\r\n\t\t</tr>\r\n\t\t<tr height="21" style="height:15.75pt">\r\n\t\t\t<td class="xl66" height="21" style="height: 15.75pt; border-top: none; width: 181pt; text-align: center;" width="241">Балкон, крыльцо</td>\r\n\t\t\t<td class="xl66" style="border-top: none; border-left: none; width: 239pt; text-align: center;" width="319">Входит в стоимость.</td>\r\n\t\t</tr>\r\n\t\t<tr height="21" style="height:15.75pt">\r\n\t\t\t<td class="xl66" height="21" style="height: 15.75pt; border-top: none; width: 181pt; text-align: center;" width="241">Доставка</td>\r\n\t\t\t<td class="xl66" style="border-top: none; border-left: none; width: 239pt; text-align: center;" width="319">50 км.&nbsp; От&nbsp; г. Бронницы - бесплатно</td>\r\n\t\t</tr>\r\n\t\t<tr height="42" style="height:31.5pt">\r\n\t\t\t<td class="xl66" height="42" style="height: 31.5pt; border-top: none; width: 181pt; text-align: center;" width="241">Монтаж, проект, бытовка для строителей</td>\r\n\t\t\t<td class="xl66" style="border-top: none; border-left: none; width: 239pt; text-align: center;" width="319">Входит в стоимость</td>\r\n\t\t</tr>\r\n\t</tbody>\r\n</table>	8	3
16	1400000	1420000	<p><span class="icon"><img src="/static/img/icon_door.png" /></span> <span class="name">Двери</span> <span class="info">Свайно-винтовой,(черный металл) диаметром = 108 мм, длиной = 2.5м, закручиваемые спецтехникой с засыпкой песко-бетонной смесью.</span></p>\r\n\r\n<p><span class="icon"><img src="/static/img/icon_window.png" /></span> <span class="name">Окна</span> <span class="info">Свайно-винтовой,(черный металл) диаметром = 108 мм, длиной = 2.5м, закручиваемые спецтехникой с засыпкой песко-бетонной смесью.</span></p>	<div><b><img alt="" src="/static/icon_fundament.png" />Фундамент:</b></div>\r\n\r\n<div>Свайно-винтовой,(черный металл) диаметром = 108 мм, длиной = 2.5м, закручиваемые спецтехникой с засыпкой песко-бетонной смесью.</div>\r\n\r\n<div><b>Обвязочный брус: </b>200 x 200</div>\r\n\r\n<div><b>Цокольное перекрытие: </b>СИП панели 224 мм, уложенные с шагом 625 мм. ( OSB 12 мм + ПСБ 25Ф +OSB 12 мм.)</div>\r\n\r\n<div><b><img alt="" src="\\static\\icon_sip.png" style="width: 25px; height: 35px;" />Наружные стены 1 этажа: </b></div>\r\n\r\n<div>СИП панели 174 мм, высотой 2.8 м. ( OSB 12 мм + ПСБ 25Ф +OSB 12 мм.)</div>\r\n\r\n<div><b>Внутренние стены 1 этажа: </b>Несущие стены, перегородки Сип панели 174 мм, 124 мм.</div>\r\n\r\n<div><b>Междуэтажное перекрытие: </b>Доска 45 x195 с настилом OSB 22мм. Утепление 200 мм (по контуру).</div>\r\n\r\n<div><b>Наружные стены 2 этажа: </b>СИП панели 174 мм, высотой 2.5 м. ( OSB 12 мм +ПСБ 25Ф +OSB 12 мм.)</div>\r\n\r\n<div><b>Внутренние стены 2 этажа: </b>Несущие стены, перегородки Сип панели 174 мм, 124 мм. Высотой до конька.</div>\r\n\r\n<div><b>Кровля: </b>Металлочерепица с утеплением 150 мм.</div>\r\n\r\n<div><b><img alt="" src="\\static\\icon_okno.png" style="width: 25px; height: 35px;" />Окна: </b></div>\r\n\r\n<div>ПВХ &laquo;Штерн&raquo; 70-коробка. Двухкамерные, поворотно-откидные. Фурнитура - Roto.</div>\r\n\r\n<div><b>Дверь входная: </b>Металлическая. Производство-Россия. Утепленная, наружная отделка- молотковая эмаль, внутренняя- ламинация. Два замка, глазок, резиновый уплотнитель.</div>\r\n\r\n<div><b>Балкон, крыльцо: </b>Входит в стоимость.</div>\r\n\r\n<div><b>Монтаж, проект, бытовка для строителей: </b>Входит в стоимость.</div>	8	1
\.


--
-- Name: dvor_prjkit_id_seq; Type: SEQUENCE SET; Schema: public; Owner: kd_admin
--

SELECT pg_catalog.setval('dvor_prjkit_id_seq', 18, true);


--
-- Data for Name: dvor_prjphoto; Type: TABLE DATA; Schema: public; Owner: kd_admin
--

COPY dvor_prjphoto (id, type, img, prn_id) FROM stdin;
1	1	projects/jevnevo_1.jpg	3
2	1	projects/jevnevo_2.jpg	3
3	1	projects/jevnevo_3.jpg	3
4	1	projects/jevnevo_4.jpg	3
5	2	projects/jevnevo_fl1.jpg	3
6	3	projects/jevnevo_fl2.jpg	3
7	1	projects/Ikarus_1.jpg	8
8	1	projects/Ikarus_2.jpg	8
9	1	projects/Ikarus_3.jpg	8
10	1	projects/Ikarus_4.jpg	8
11	2	projects/Ikarus_fl1.jpg	8
12	3	projects/Ikarus_fl2.jpg	8
\.


--
-- Name: dvor_prjphoto_id_seq; Type: SEQUENCE SET; Schema: public; Owner: kd_admin
--

SELECT pg_catalog.setval('dvor_prjphoto_id_seq', 12, true);


--
-- Data for Name: dvor_project; Type: TABLE DATA; Schema: public; Owner: kd_admin
--

COPY dvor_project (id, name, slug, img, size, description, price, square, vid) FROM stdin;
5	Саввино	savvino	projects/savvino.jpg	8 х 7	Описание 3	1135000	115	1
3	Жевнево	jevnevo	projects/jevnevo.jpg	7 х 8	Вместительный одноэтажный дом, в котором, несмотря на небольшую площадь, удачно расположились: три полноценные спальни, просторная кухня-гостиная, два с/у и кладовая. Высота потолков 2,8 м добавляет ощущения простора, а чердак с высотой 2 м может выполнять не только технические функции, но, и быть самостоятельным помещением.	1164000	112	1
4	Спасское	spasskoe	projects/spasskoe.jpg	7,5 х 7,5	Описание 2	1250000	112	1
7	Ивино	ivino	projects/ivino.jpg	7.5 х 10	тест 5	1420000	150	2
6	Назарово	nazarovo	projects/navarovo.jpg	7.85 х 8.10	Описание 4	1190000	127	1
8	Икарус	ikarus	projects/Ikarus.jpg	8 x 8	* Площадь дома – 80 м2\r\n\r\n* Этажность дома – 1 этаж\r\n\r\n* Количество комнат – 3\r\n\r\n* Количество подсобных помещений – 6\r\n\r\n* Высота потолков 1-го этажа – 2,50 м	1420000	162	1
\.


--
-- Name: dvor_project_id_seq; Type: SEQUENCE SET; Schema: public; Owner: kd_admin
--

SELECT pg_catalog.setval('dvor_project_id_seq', 8, true);


--
-- Data for Name: dvor_project_techs; Type: TABLE DATA; Schema: public; Owner: kd_admin
--

COPY dvor_project_techs (id, project_id, techno_id) FROM stdin;
1	7	1
2	7	2
3	6	1
4	6	2
5	6	3
6	5	2
7	4	1
8	4	2
9	4	3
10	3	1
11	3	2
12	8	1
13	8	2
14	8	3
\.


--
-- Name: dvor_project_techs_id_seq; Type: SEQUENCE SET; Schema: public; Owner: kd_admin
--

SELECT pg_catalog.setval('dvor_project_techs_id_seq', 14, true);


--
-- Data for Name: dvor_techno; Type: TABLE DATA; Schema: public; Owner: kd_admin
--

COPY dvor_techno (id, mnemo, name, main, show_in_menu) FROM stdin;
1	Термопанели	Комбинированные термопанели	t	t
2	СИП-панели	СИП-панели	t	t
3	Каркасные	Каркасные дома	t	t
4	Дачи	Дачи	f	f
5	Бани	Бани	f	f
\.


--
-- Name: dvor_techno_id_seq; Type: SEQUENCE SET; Schema: public; Owner: kd_admin
--

SELECT pg_catalog.setval('dvor_techno_id_seq', 5, true);


--
-- Data for Name: thumbnail_kvstore; Type: TABLE DATA; Schema: public; Owner: kd_admin
--

COPY thumbnail_kvstore (key, value) FROM stdin;
sorl-thumbnail||image||a61a9fa2168eeafaae9d6f5b142d6669	{"name": "projects/Ikarus.jpg", "size": [1920, 1080], "storage": "django.core.files.storage.FileSystemStorage"}
sorl-thumbnail||image||c34657b2352bec17191db0cc885b0f15	{"name": "cache/3c/ce/3cce53d24c712783899071568ed3fac7.png", "size": [258, 187], "storage": "django.core.files.storage.FileSystemStorage"}
sorl-thumbnail||thumbnails||a61a9fa2168eeafaae9d6f5b142d6669	["c34657b2352bec17191db0cc885b0f15"]
sorl-thumbnail||image||9796d780cdc85bffa83618d055d7d511	{"name": "cache/4f/82/4f82087adbf92652d603a6244c8ec79c.png", "size": [508, 286], "storage": "django.core.files.storage.FileSystemStorage"}
sorl-thumbnail||image||904a370b748d30fddfe407caf907e54f	{"name": "projects/Ikarus_1.jpg", "size": [1920, 1080], "storage": "django.core.files.storage.FileSystemStorage"}
sorl-thumbnail||image||93817ddee4e7f255b146ff81f17acbe2	{"name": "cache/75/0d/750d7980627c426a0c8f6087c64742a3.png", "size": [196, 110], "storage": "django.core.files.storage.FileSystemStorage"}
sorl-thumbnail||thumbnails||904a370b748d30fddfe407caf907e54f	["93817ddee4e7f255b146ff81f17acbe2"]
sorl-thumbnail||image||c7f973f7c35fb342a6f43989f522abdc	{"name": "projects/Ikarus_2.jpg", "size": [1920, 1080], "storage": "django.core.files.storage.FileSystemStorage"}
sorl-thumbnail||image||cb9faa460f8918cf671a7f15c546624d	{"name": "cache/0a/dd/0addc4eb309dd0142e1ee3b4ced7d6f1.png", "size": [196, 110], "storage": "django.core.files.storage.FileSystemStorage"}
sorl-thumbnail||thumbnails||c7f973f7c35fb342a6f43989f522abdc	["cb9faa460f8918cf671a7f15c546624d"]
sorl-thumbnail||image||c24b837a2949dc486fcdfeedf5cf0479	{"name": "projects/Ikarus_3.jpg", "size": [1920, 1080], "storage": "django.core.files.storage.FileSystemStorage"}
sorl-thumbnail||image||b644113e477b1d0c02103c5969f8a67e	{"name": "cache/38/83/3883f650255871d7379441eea90a9f5a.png", "size": [196, 110], "storage": "django.core.files.storage.FileSystemStorage"}
sorl-thumbnail||thumbnails||c24b837a2949dc486fcdfeedf5cf0479	["b644113e477b1d0c02103c5969f8a67e"]
sorl-thumbnail||image||4d6b7b124e37fab0e6740f68fcfff51b	{"name": "projects/Ikarus_4.jpg", "size": [1920, 1080], "storage": "django.core.files.storage.FileSystemStorage"}
sorl-thumbnail||image||e90f418c981860000c85eb654f64e045	{"name": "cache/1d/6b/1d6bc74adb79ee07bf36bb190189c6aa.png", "size": [196, 110], "storage": "django.core.files.storage.FileSystemStorage"}
sorl-thumbnail||thumbnails||4d6b7b124e37fab0e6740f68fcfff51b	["e90f418c981860000c85eb654f64e045"]
sorl-thumbnail||image||1f4686b4ed4f71b56a0da3d7ea8d14ec	{"name": "projects/Ikarus_fl1.jpg", "size": [2439, 2315], "storage": "django.core.files.storage.FileSystemStorage"}
sorl-thumbnail||image||af81212237fc84064b176dde5a68c40e	{"name": "cache/41/ca/41cae4af58b9d8a5ede9de98d6dc1008.png", "size": [382, 360], "storage": "django.core.files.storage.FileSystemStorage"}
sorl-thumbnail||thumbnails||1f4686b4ed4f71b56a0da3d7ea8d14ec	["af81212237fc84064b176dde5a68c40e"]
sorl-thumbnail||image||99206d04f1265f603f976e1d1cb425de	{"name": "projects/Ikarus_fl2.jpg", "size": [2159, 2267], "storage": "django.core.files.storage.FileSystemStorage"}
sorl-thumbnail||image||28f050048d617cabf92162f83564f146	{"name": "cache/57/1e/571e8a2cd88363239422f829c9603255.png", "size": [382, 360], "storage": "django.core.files.storage.FileSystemStorage"}
sorl-thumbnail||thumbnails||99206d04f1265f603f976e1d1cb425de	["28f050048d617cabf92162f83564f146"]
sorl-thumbnail||image||d4af646501a8009eb24c9a8e1359f5fa	{"name": "projects/savvino.jpg", "size": [1024, 576], "storage": "django.core.files.storage.FileSystemStorage"}
sorl-thumbnail||image||963858f2bb74c18eff8fe292169cbddd	{"name": "cache/f5/80/f58071bc099ed6b2eb09a7c724c48138.png", "size": [258, 187], "storage": "django.core.files.storage.FileSystemStorage"}
sorl-thumbnail||thumbnails||d4af646501a8009eb24c9a8e1359f5fa	["963858f2bb74c18eff8fe292169cbddd"]
sorl-thumbnail||image||537f0225bd83e3ad436b5a693c91ccb4	{"name": "projects/jevnevo.jpg", "size": [1024, 576], "storage": "django.core.files.storage.FileSystemStorage"}
sorl-thumbnail||image||19732e93775a09b3a4e1e9922281a6d4	{"name": "cache/3d/b9/3db97175939c0494229bdd8a6ba8750f.png", "size": [258, 187], "storage": "django.core.files.storage.FileSystemStorage"}
sorl-thumbnail||thumbnails||537f0225bd83e3ad436b5a693c91ccb4	["19732e93775a09b3a4e1e9922281a6d4"]
sorl-thumbnail||image||5f1b2d19e2c08bc1520cf39c643cfca5	{"name": "projects/spasskoe.jpg", "size": [1024, 576], "storage": "django.core.files.storage.FileSystemStorage"}
sorl-thumbnail||image||ff5f52a2e3167e05f53a00489b6f3047	{"name": "cache/72/f6/72f69a5b1f330be7f47c5e6f621ec242.png", "size": [258, 187], "storage": "django.core.files.storage.FileSystemStorage"}
sorl-thumbnail||thumbnails||5f1b2d19e2c08bc1520cf39c643cfca5	["ff5f52a2e3167e05f53a00489b6f3047"]
sorl-thumbnail||image||9b575a0364c0102690dfa071b7619aeb	{"name": "projects/ivino.jpg", "size": [949, 534], "storage": "django.core.files.storage.FileSystemStorage"}
sorl-thumbnail||image||651fdf53dba51abe5c664255a6875cdf	{"name": "cache/e9/11/e91177a3aa5268aca179ab66731e024a.png", "size": [258, 187], "storage": "django.core.files.storage.FileSystemStorage"}
sorl-thumbnail||thumbnails||9b575a0364c0102690dfa071b7619aeb	["651fdf53dba51abe5c664255a6875cdf"]
sorl-thumbnail||image||f709b4c83b17b757b2f2fe059904ed68	{"name": "projects/navarovo.jpg", "size": [1024, 576], "storage": "django.core.files.storage.FileSystemStorage"}
sorl-thumbnail||image||5afaabb39b0aae565d77d7559172fc46	{"name": "cache/c6/18/c618291ab3cb1044f2752018a2b4b83f.png", "size": [258, 187], "storage": "django.core.files.storage.FileSystemStorage"}
sorl-thumbnail||thumbnails||f709b4c83b17b757b2f2fe059904ed68	["5afaabb39b0aae565d77d7559172fc46"]
sorl-thumbnail||image||b44a8030d77e45b10339afb7a0e7a6ca	{"name": "content/content-img.png", "size": [1000, 732], "storage": "django.core.files.storage.FileSystemStorage"}
sorl-thumbnail||image||76204d9c738e415ab829f67a6665bd73	{"name": "cache/53/e3/53e38ddec9d2fef59de3a5a59ebe482d.png", "size": [262, 175], "storage": "django.core.files.storage.FileSystemStorage"}
sorl-thumbnail||thumbnails||b44a8030d77e45b10339afb7a0e7a6ca	["76204d9c738e415ab829f67a6665bd73"]
\.


--
-- Name: auth_group_name_key; Type: CONSTRAINT; Schema: public; Owner: kd_admin; Tablespace: 
--

ALTER TABLE ONLY auth_group
    ADD CONSTRAINT auth_group_name_key UNIQUE (name);


--
-- Name: auth_group_permissions_group_id_0cd325b0_uniq; Type: CONSTRAINT; Schema: public; Owner: kd_admin; Tablespace: 
--

ALTER TABLE ONLY auth_group_permissions
    ADD CONSTRAINT auth_group_permissions_group_id_0cd325b0_uniq UNIQUE (group_id, permission_id);


--
-- Name: auth_group_permissions_pkey; Type: CONSTRAINT; Schema: public; Owner: kd_admin; Tablespace: 
--

ALTER TABLE ONLY auth_group_permissions
    ADD CONSTRAINT auth_group_permissions_pkey PRIMARY KEY (id);


--
-- Name: auth_group_pkey; Type: CONSTRAINT; Schema: public; Owner: kd_admin; Tablespace: 
--

ALTER TABLE ONLY auth_group
    ADD CONSTRAINT auth_group_pkey PRIMARY KEY (id);


--
-- Name: auth_permission_content_type_id_01ab375a_uniq; Type: CONSTRAINT; Schema: public; Owner: kd_admin; Tablespace: 
--

ALTER TABLE ONLY auth_permission
    ADD CONSTRAINT auth_permission_content_type_id_01ab375a_uniq UNIQUE (content_type_id, codename);


--
-- Name: auth_permission_pkey; Type: CONSTRAINT; Schema: public; Owner: kd_admin; Tablespace: 
--

ALTER TABLE ONLY auth_permission
    ADD CONSTRAINT auth_permission_pkey PRIMARY KEY (id);


--
-- Name: auth_user_groups_pkey; Type: CONSTRAINT; Schema: public; Owner: kd_admin; Tablespace: 
--

ALTER TABLE ONLY auth_user_groups
    ADD CONSTRAINT auth_user_groups_pkey PRIMARY KEY (id);


--
-- Name: auth_user_groups_user_id_94350c0c_uniq; Type: CONSTRAINT; Schema: public; Owner: kd_admin; Tablespace: 
--

ALTER TABLE ONLY auth_user_groups
    ADD CONSTRAINT auth_user_groups_user_id_94350c0c_uniq UNIQUE (user_id, group_id);


--
-- Name: auth_user_pkey; Type: CONSTRAINT; Schema: public; Owner: kd_admin; Tablespace: 
--

ALTER TABLE ONLY auth_user
    ADD CONSTRAINT auth_user_pkey PRIMARY KEY (id);


--
-- Name: auth_user_user_permissions_pkey; Type: CONSTRAINT; Schema: public; Owner: kd_admin; Tablespace: 
--

ALTER TABLE ONLY auth_user_user_permissions
    ADD CONSTRAINT auth_user_user_permissions_pkey PRIMARY KEY (id);


--
-- Name: auth_user_user_permissions_user_id_14a6b632_uniq; Type: CONSTRAINT; Schema: public; Owner: kd_admin; Tablespace: 
--

ALTER TABLE ONLY auth_user_user_permissions
    ADD CONSTRAINT auth_user_user_permissions_user_id_14a6b632_uniq UNIQUE (user_id, permission_id);


--
-- Name: auth_user_username_key; Type: CONSTRAINT; Schema: public; Owner: kd_admin; Tablespace: 
--

ALTER TABLE ONLY auth_user
    ADD CONSTRAINT auth_user_username_key UNIQUE (username);


--
-- Name: django_admin_log_pkey; Type: CONSTRAINT; Schema: public; Owner: kd_admin; Tablespace: 
--

ALTER TABLE ONLY django_admin_log
    ADD CONSTRAINT django_admin_log_pkey PRIMARY KEY (id);


--
-- Name: django_content_type_app_label_76bd3d3b_uniq; Type: CONSTRAINT; Schema: public; Owner: kd_admin; Tablespace: 
--

ALTER TABLE ONLY django_content_type
    ADD CONSTRAINT django_content_type_app_label_76bd3d3b_uniq UNIQUE (app_label, model);


--
-- Name: django_content_type_pkey; Type: CONSTRAINT; Schema: public; Owner: kd_admin; Tablespace: 
--

ALTER TABLE ONLY django_content_type
    ADD CONSTRAINT django_content_type_pkey PRIMARY KEY (id);


--
-- Name: django_migrations_pkey; Type: CONSTRAINT; Schema: public; Owner: kd_admin; Tablespace: 
--

ALTER TABLE ONLY django_migrations
    ADD CONSTRAINT django_migrations_pkey PRIMARY KEY (id);


--
-- Name: django_session_pkey; Type: CONSTRAINT; Schema: public; Owner: kd_admin; Tablespace: 
--

ALTER TABLE ONLY django_session
    ADD CONSTRAINT django_session_pkey PRIMARY KEY (session_key);


--
-- Name: dvor_article_name_key; Type: CONSTRAINT; Schema: public; Owner: kd_admin; Tablespace: 
--

ALTER TABLE ONLY dvor_article
    ADD CONSTRAINT dvor_article_name_key UNIQUE (name);


--
-- Name: dvor_article_pkey; Type: CONSTRAINT; Schema: public; Owner: kd_admin; Tablespace: 
--

ALTER TABLE ONLY dvor_article
    ADD CONSTRAINT dvor_article_pkey PRIMARY KEY (id);


--
-- Name: dvor_article_techs_article_id_5431ff5e_uniq; Type: CONSTRAINT; Schema: public; Owner: kd_admin; Tablespace: 
--

ALTER TABLE ONLY dvor_article_techs
    ADD CONSTRAINT dvor_article_techs_article_id_5431ff5e_uniq UNIQUE (article_id, techno_id);


--
-- Name: dvor_article_techs_pkey; Type: CONSTRAINT; Schema: public; Owner: kd_admin; Tablespace: 
--

ALTER TABLE ONLY dvor_article_techs
    ADD CONSTRAINT dvor_article_techs_pkey PRIMARY KEY (id);


--
-- Name: dvor_calculation_pkey; Type: CONSTRAINT; Schema: public; Owner: kd_admin; Tablespace: 
--

ALTER TABLE ONLY dvor_calculation
    ADD CONSTRAINT dvor_calculation_pkey PRIMARY KEY (id);


--
-- Name: dvor_phonecall_pkey; Type: CONSTRAINT; Schema: public; Owner: kd_admin; Tablespace: 
--

ALTER TABLE ONLY dvor_phonecall
    ADD CONSTRAINT dvor_phonecall_pkey PRIMARY KEY (id);


--
-- Name: dvor_prjkit_pkey; Type: CONSTRAINT; Schema: public; Owner: kd_admin; Tablespace: 
--

ALTER TABLE ONLY dvor_prjkit
    ADD CONSTRAINT dvor_prjkit_pkey PRIMARY KEY (id);


--
-- Name: dvor_prjphoto_pkey; Type: CONSTRAINT; Schema: public; Owner: kd_admin; Tablespace: 
--

ALTER TABLE ONLY dvor_prjphoto
    ADD CONSTRAINT dvor_prjphoto_pkey PRIMARY KEY (id);


--
-- Name: dvor_project_name_key; Type: CONSTRAINT; Schema: public; Owner: kd_admin; Tablespace: 
--

ALTER TABLE ONLY dvor_project
    ADD CONSTRAINT dvor_project_name_key UNIQUE (name);


--
-- Name: dvor_project_pkey; Type: CONSTRAINT; Schema: public; Owner: kd_admin; Tablespace: 
--

ALTER TABLE ONLY dvor_project
    ADD CONSTRAINT dvor_project_pkey PRIMARY KEY (id);


--
-- Name: dvor_project_techs_pkey; Type: CONSTRAINT; Schema: public; Owner: kd_admin; Tablespace: 
--

ALTER TABLE ONLY dvor_project_techs
    ADD CONSTRAINT dvor_project_techs_pkey PRIMARY KEY (id);


--
-- Name: dvor_project_techs_project_id_a35a6d9b_uniq; Type: CONSTRAINT; Schema: public; Owner: kd_admin; Tablespace: 
--

ALTER TABLE ONLY dvor_project_techs
    ADD CONSTRAINT dvor_project_techs_project_id_a35a6d9b_uniq UNIQUE (project_id, techno_id);


--
-- Name: dvor_techno_mnemo_key; Type: CONSTRAINT; Schema: public; Owner: kd_admin; Tablespace: 
--

ALTER TABLE ONLY dvor_techno
    ADD CONSTRAINT dvor_techno_mnemo_key UNIQUE (mnemo);


--
-- Name: dvor_techno_name_key; Type: CONSTRAINT; Schema: public; Owner: kd_admin; Tablespace: 
--

ALTER TABLE ONLY dvor_techno
    ADD CONSTRAINT dvor_techno_name_key UNIQUE (name);


--
-- Name: dvor_techno_pkey; Type: CONSTRAINT; Schema: public; Owner: kd_admin; Tablespace: 
--

ALTER TABLE ONLY dvor_techno
    ADD CONSTRAINT dvor_techno_pkey PRIMARY KEY (id);


--
-- Name: thumbnail_kvstore_pkey; Type: CONSTRAINT; Schema: public; Owner: kd_admin; Tablespace: 
--

ALTER TABLE ONLY thumbnail_kvstore
    ADD CONSTRAINT thumbnail_kvstore_pkey PRIMARY KEY (key);


--
-- Name: auth_group_name_a6ea08ec_like; Type: INDEX; Schema: public; Owner: kd_admin; Tablespace: 
--

CREATE INDEX auth_group_name_a6ea08ec_like ON auth_group USING btree (name varchar_pattern_ops);


--
-- Name: auth_group_permissions_0e939a4f; Type: INDEX; Schema: public; Owner: kd_admin; Tablespace: 
--

CREATE INDEX auth_group_permissions_0e939a4f ON auth_group_permissions USING btree (group_id);


--
-- Name: auth_group_permissions_8373b171; Type: INDEX; Schema: public; Owner: kd_admin; Tablespace: 
--

CREATE INDEX auth_group_permissions_8373b171 ON auth_group_permissions USING btree (permission_id);


--
-- Name: auth_permission_417f1b1c; Type: INDEX; Schema: public; Owner: kd_admin; Tablespace: 
--

CREATE INDEX auth_permission_417f1b1c ON auth_permission USING btree (content_type_id);


--
-- Name: auth_user_groups_0e939a4f; Type: INDEX; Schema: public; Owner: kd_admin; Tablespace: 
--

CREATE INDEX auth_user_groups_0e939a4f ON auth_user_groups USING btree (group_id);


--
-- Name: auth_user_groups_e8701ad4; Type: INDEX; Schema: public; Owner: kd_admin; Tablespace: 
--

CREATE INDEX auth_user_groups_e8701ad4 ON auth_user_groups USING btree (user_id);


--
-- Name: auth_user_user_permissions_8373b171; Type: INDEX; Schema: public; Owner: kd_admin; Tablespace: 
--

CREATE INDEX auth_user_user_permissions_8373b171 ON auth_user_user_permissions USING btree (permission_id);


--
-- Name: auth_user_user_permissions_e8701ad4; Type: INDEX; Schema: public; Owner: kd_admin; Tablespace: 
--

CREATE INDEX auth_user_user_permissions_e8701ad4 ON auth_user_user_permissions USING btree (user_id);


--
-- Name: auth_user_username_6821ab7c_like; Type: INDEX; Schema: public; Owner: kd_admin; Tablespace: 
--

CREATE INDEX auth_user_username_6821ab7c_like ON auth_user USING btree (username varchar_pattern_ops);


--
-- Name: django_admin_log_417f1b1c; Type: INDEX; Schema: public; Owner: kd_admin; Tablespace: 
--

CREATE INDEX django_admin_log_417f1b1c ON django_admin_log USING btree (content_type_id);


--
-- Name: django_admin_log_e8701ad4; Type: INDEX; Schema: public; Owner: kd_admin; Tablespace: 
--

CREATE INDEX django_admin_log_e8701ad4 ON django_admin_log USING btree (user_id);


--
-- Name: django_session_de54fa62; Type: INDEX; Schema: public; Owner: kd_admin; Tablespace: 
--

CREATE INDEX django_session_de54fa62 ON django_session USING btree (expire_date);


--
-- Name: django_session_session_key_c0390e0f_like; Type: INDEX; Schema: public; Owner: kd_admin; Tablespace: 
--

CREATE INDEX django_session_session_key_c0390e0f_like ON django_session USING btree (session_key varchar_pattern_ops);


--
-- Name: dvor_article_2dbcba41; Type: INDEX; Schema: public; Owner: kd_admin; Tablespace: 
--

CREATE INDEX dvor_article_2dbcba41 ON dvor_article USING btree (slug);


--
-- Name: dvor_article_name_e402f6e5_like; Type: INDEX; Schema: public; Owner: kd_admin; Tablespace: 
--

CREATE INDEX dvor_article_name_e402f6e5_like ON dvor_article USING btree (name varchar_pattern_ops);


--
-- Name: dvor_article_slug_3abf0420_like; Type: INDEX; Schema: public; Owner: kd_admin; Tablespace: 
--

CREATE INDEX dvor_article_slug_3abf0420_like ON dvor_article USING btree (slug varchar_pattern_ops);


--
-- Name: dvor_article_techs_6e599368; Type: INDEX; Schema: public; Owner: kd_admin; Tablespace: 
--

CREATE INDEX dvor_article_techs_6e599368 ON dvor_article_techs USING btree (techno_id);


--
-- Name: dvor_article_techs_a00c1b00; Type: INDEX; Schema: public; Owner: kd_admin; Tablespace: 
--

CREATE INDEX dvor_article_techs_a00c1b00 ON dvor_article_techs USING btree (article_id);


--
-- Name: dvor_calculation_d59e59f7; Type: INDEX; Schema: public; Owner: kd_admin; Tablespace: 
--

CREATE INDEX dvor_calculation_d59e59f7 ON dvor_calculation USING btree (kit_id);


--
-- Name: dvor_prjkit_8e09a606; Type: INDEX; Schema: public; Owner: kd_admin; Tablespace: 
--

CREATE INDEX dvor_prjkit_8e09a606 ON dvor_prjkit USING btree (tech_id);


--
-- Name: dvor_prjkit_c52923b0; Type: INDEX; Schema: public; Owner: kd_admin; Tablespace: 
--

CREATE INDEX dvor_prjkit_c52923b0 ON dvor_prjkit USING btree (prn_id);


--
-- Name: dvor_prjphoto_c52923b0; Type: INDEX; Schema: public; Owner: kd_admin; Tablespace: 
--

CREATE INDEX dvor_prjphoto_c52923b0 ON dvor_prjphoto USING btree (prn_id);


--
-- Name: dvor_project_2dbcba41; Type: INDEX; Schema: public; Owner: kd_admin; Tablespace: 
--

CREATE INDEX dvor_project_2dbcba41 ON dvor_project USING btree (slug);


--
-- Name: dvor_project_name_06d80d5c_like; Type: INDEX; Schema: public; Owner: kd_admin; Tablespace: 
--

CREATE INDEX dvor_project_name_06d80d5c_like ON dvor_project USING btree (name varchar_pattern_ops);


--
-- Name: dvor_project_slug_f6d15e4a_like; Type: INDEX; Schema: public; Owner: kd_admin; Tablespace: 
--

CREATE INDEX dvor_project_slug_f6d15e4a_like ON dvor_project USING btree (slug varchar_pattern_ops);


--
-- Name: dvor_project_techs_6e599368; Type: INDEX; Schema: public; Owner: kd_admin; Tablespace: 
--

CREATE INDEX dvor_project_techs_6e599368 ON dvor_project_techs USING btree (techno_id);


--
-- Name: dvor_project_techs_b098ad43; Type: INDEX; Schema: public; Owner: kd_admin; Tablespace: 
--

CREATE INDEX dvor_project_techs_b098ad43 ON dvor_project_techs USING btree (project_id);


--
-- Name: dvor_techno_mnemo_6de65c7a_like; Type: INDEX; Schema: public; Owner: kd_admin; Tablespace: 
--

CREATE INDEX dvor_techno_mnemo_6de65c7a_like ON dvor_techno USING btree (mnemo varchar_pattern_ops);


--
-- Name: dvor_techno_name_e1f583fb_like; Type: INDEX; Schema: public; Owner: kd_admin; Tablespace: 
--

CREATE INDEX dvor_techno_name_e1f583fb_like ON dvor_techno USING btree (name varchar_pattern_ops);


--
-- Name: thumbnail_kvstore_key_3f850178_like; Type: INDEX; Schema: public; Owner: kd_admin; Tablespace: 
--

CREATE INDEX thumbnail_kvstore_key_3f850178_like ON thumbnail_kvstore USING btree (key varchar_pattern_ops);


--
-- Name: auth_group_permiss_permission_id_84c5c92e_fk_auth_permission_id; Type: FK CONSTRAINT; Schema: public; Owner: kd_admin
--

ALTER TABLE ONLY auth_group_permissions
    ADD CONSTRAINT auth_group_permiss_permission_id_84c5c92e_fk_auth_permission_id FOREIGN KEY (permission_id) REFERENCES auth_permission(id) DEFERRABLE INITIALLY DEFERRED;


--
-- Name: auth_group_permissions_group_id_b120cbf9_fk_auth_group_id; Type: FK CONSTRAINT; Schema: public; Owner: kd_admin
--

ALTER TABLE ONLY auth_group_permissions
    ADD CONSTRAINT auth_group_permissions_group_id_b120cbf9_fk_auth_group_id FOREIGN KEY (group_id) REFERENCES auth_group(id) DEFERRABLE INITIALLY DEFERRED;


--
-- Name: auth_permiss_content_type_id_2f476e4b_fk_django_content_type_id; Type: FK CONSTRAINT; Schema: public; Owner: kd_admin
--

ALTER TABLE ONLY auth_permission
    ADD CONSTRAINT auth_permiss_content_type_id_2f476e4b_fk_django_content_type_id FOREIGN KEY (content_type_id) REFERENCES django_content_type(id) DEFERRABLE INITIALLY DEFERRED;


--
-- Name: auth_user_groups_group_id_97559544_fk_auth_group_id; Type: FK CONSTRAINT; Schema: public; Owner: kd_admin
--

ALTER TABLE ONLY auth_user_groups
    ADD CONSTRAINT auth_user_groups_group_id_97559544_fk_auth_group_id FOREIGN KEY (group_id) REFERENCES auth_group(id) DEFERRABLE INITIALLY DEFERRED;


--
-- Name: auth_user_groups_user_id_6a12ed8b_fk_auth_user_id; Type: FK CONSTRAINT; Schema: public; Owner: kd_admin
--

ALTER TABLE ONLY auth_user_groups
    ADD CONSTRAINT auth_user_groups_user_id_6a12ed8b_fk_auth_user_id FOREIGN KEY (user_id) REFERENCES auth_user(id) DEFERRABLE INITIALLY DEFERRED;


--
-- Name: auth_user_user_per_permission_id_1fbb5f2c_fk_auth_permission_id; Type: FK CONSTRAINT; Schema: public; Owner: kd_admin
--

ALTER TABLE ONLY auth_user_user_permissions
    ADD CONSTRAINT auth_user_user_per_permission_id_1fbb5f2c_fk_auth_permission_id FOREIGN KEY (permission_id) REFERENCES auth_permission(id) DEFERRABLE INITIALLY DEFERRED;


--
-- Name: auth_user_user_permissions_user_id_a95ead1b_fk_auth_user_id; Type: FK CONSTRAINT; Schema: public; Owner: kd_admin
--

ALTER TABLE ONLY auth_user_user_permissions
    ADD CONSTRAINT auth_user_user_permissions_user_id_a95ead1b_fk_auth_user_id FOREIGN KEY (user_id) REFERENCES auth_user(id) DEFERRABLE INITIALLY DEFERRED;


--
-- Name: django_admin_content_type_id_c4bce8eb_fk_django_content_type_id; Type: FK CONSTRAINT; Schema: public; Owner: kd_admin
--

ALTER TABLE ONLY django_admin_log
    ADD CONSTRAINT django_admin_content_type_id_c4bce8eb_fk_django_content_type_id FOREIGN KEY (content_type_id) REFERENCES django_content_type(id) DEFERRABLE INITIALLY DEFERRED;


--
-- Name: django_admin_log_user_id_c564eba6_fk_auth_user_id; Type: FK CONSTRAINT; Schema: public; Owner: kd_admin
--

ALTER TABLE ONLY django_admin_log
    ADD CONSTRAINT django_admin_log_user_id_c564eba6_fk_auth_user_id FOREIGN KEY (user_id) REFERENCES auth_user(id) DEFERRABLE INITIALLY DEFERRED;


--
-- Name: dvor_article_techs_article_id_27f4f157_fk_dvor_article_id; Type: FK CONSTRAINT; Schema: public; Owner: kd_admin
--

ALTER TABLE ONLY dvor_article_techs
    ADD CONSTRAINT dvor_article_techs_article_id_27f4f157_fk_dvor_article_id FOREIGN KEY (article_id) REFERENCES dvor_article(id) DEFERRABLE INITIALLY DEFERRED;


--
-- Name: dvor_article_techs_techno_id_bdf34ebd_fk_dvor_techno_id; Type: FK CONSTRAINT; Schema: public; Owner: kd_admin
--

ALTER TABLE ONLY dvor_article_techs
    ADD CONSTRAINT dvor_article_techs_techno_id_bdf34ebd_fk_dvor_techno_id FOREIGN KEY (techno_id) REFERENCES dvor_techno(id) DEFERRABLE INITIALLY DEFERRED;


--
-- Name: dvor_calculation_kit_id_120dfbea_fk_dvor_prjkit_id; Type: FK CONSTRAINT; Schema: public; Owner: kd_admin
--

ALTER TABLE ONLY dvor_calculation
    ADD CONSTRAINT dvor_calculation_kit_id_120dfbea_fk_dvor_prjkit_id FOREIGN KEY (kit_id) REFERENCES dvor_prjkit(id) DEFERRABLE INITIALLY DEFERRED;


--
-- Name: dvor_prjkit_prn_id_933ea54b_fk_dvor_project_id; Type: FK CONSTRAINT; Schema: public; Owner: kd_admin
--

ALTER TABLE ONLY dvor_prjkit
    ADD CONSTRAINT dvor_prjkit_prn_id_933ea54b_fk_dvor_project_id FOREIGN KEY (prn_id) REFERENCES dvor_project(id) DEFERRABLE INITIALLY DEFERRED;


--
-- Name: dvor_prjkit_tech_id_a2f023eb_fk_dvor_techno_id; Type: FK CONSTRAINT; Schema: public; Owner: kd_admin
--

ALTER TABLE ONLY dvor_prjkit
    ADD CONSTRAINT dvor_prjkit_tech_id_a2f023eb_fk_dvor_techno_id FOREIGN KEY (tech_id) REFERENCES dvor_techno(id) DEFERRABLE INITIALLY DEFERRED;


--
-- Name: dvor_prjphoto_prn_id_b8a86221_fk_dvor_project_id; Type: FK CONSTRAINT; Schema: public; Owner: kd_admin
--

ALTER TABLE ONLY dvor_prjphoto
    ADD CONSTRAINT dvor_prjphoto_prn_id_b8a86221_fk_dvor_project_id FOREIGN KEY (prn_id) REFERENCES dvor_project(id) DEFERRABLE INITIALLY DEFERRED;


--
-- Name: dvor_project_techs_project_id_c79f6ab5_fk_dvor_project_id; Type: FK CONSTRAINT; Schema: public; Owner: kd_admin
--

ALTER TABLE ONLY dvor_project_techs
    ADD CONSTRAINT dvor_project_techs_project_id_c79f6ab5_fk_dvor_project_id FOREIGN KEY (project_id) REFERENCES dvor_project(id) DEFERRABLE INITIALLY DEFERRED;


--
-- Name: dvor_project_techs_techno_id_cf0bfa1d_fk_dvor_techno_id; Type: FK CONSTRAINT; Schema: public; Owner: kd_admin
--

ALTER TABLE ONLY dvor_project_techs
    ADD CONSTRAINT dvor_project_techs_techno_id_cf0bfa1d_fk_dvor_techno_id FOREIGN KEY (techno_id) REFERENCES dvor_techno(id) DEFERRABLE INITIALLY DEFERRED;


--
-- Name: public; Type: ACL; Schema: -; Owner: postgres
--

REVOKE ALL ON SCHEMA public FROM PUBLIC;
REVOKE ALL ON SCHEMA public FROM postgres;
GRANT ALL ON SCHEMA public TO postgres;
GRANT ALL ON SCHEMA public TO PUBLIC;


--
-- PostgreSQL database dump complete
--

