--
-- PostgreSQL database dump
--

SET statement_timeout = 0;
SET lock_timeout = 0;
SET client_encoding = 'UTF8';
SET standard_conforming_strings = on;
SET check_function_bodies = false;
SET client_min_messages = warning;

--
-- Name: plpgsql; Type: EXTENSION; Schema: -; Owner: 
--

CREATE EXTENSION IF NOT EXISTS plpgsql WITH SCHEMA pg_catalog;


--
-- Name: EXTENSION plpgsql; Type: COMMENT; Schema: -; Owner: 
--

COMMENT ON EXTENSION plpgsql IS 'PL/pgSQL procedural language';


SET search_path = public, pg_catalog;

SET default_tablespace = '';

SET default_with_oids = false;

--
-- Name: auth_group; Type: TABLE; Schema: public; Owner: kd_admin; Tablespace: 
--

CREATE TABLE auth_group (
    id integer NOT NULL,
    name character varying(80) NOT NULL
);


ALTER TABLE public.auth_group OWNER TO kd_admin;

--
-- Name: auth_group_id_seq; Type: SEQUENCE; Schema: public; Owner: kd_admin
--

CREATE SEQUENCE auth_group_id_seq
    START WITH 1
    INCREMENT BY 1
    NO MINVALUE
    NO MAXVALUE
    CACHE 1;


ALTER TABLE public.auth_group_id_seq OWNER TO kd_admin;

--
-- Name: auth_group_id_seq; Type: SEQUENCE OWNED BY; Schema: public; Owner: kd_admin
--

ALTER SEQUENCE auth_group_id_seq OWNED BY auth_group.id;


--
-- Name: auth_group_permissions; Type: TABLE; Schema: public; Owner: kd_admin; Tablespace: 
--

CREATE TABLE auth_group_permissions (
    id integer NOT NULL,
    group_id integer NOT NULL,
    permission_id integer NOT NULL
);


ALTER TABLE public.auth_group_permissions OWNER TO kd_admin;

--
-- Name: auth_group_permissions_id_seq; Type: SEQUENCE; Schema: public; Owner: kd_admin
--

CREATE SEQUENCE auth_group_permissions_id_seq
    START WITH 1
    INCREMENT BY 1
    NO MINVALUE
    NO MAXVALUE
    CACHE 1;


ALTER TABLE public.auth_group_permissions_id_seq OWNER TO kd_admin;

--
-- Name: auth_group_permissions_id_seq; Type: SEQUENCE OWNED BY; Schema: public; Owner: kd_admin
--

ALTER SEQUENCE auth_group_permissions_id_seq OWNED BY auth_group_permissions.id;


--
-- Name: auth_permission; Type: TABLE; Schema: public; Owner: kd_admin; Tablespace: 
--

CREATE TABLE auth_permission (
    id integer NOT NULL,
    name character varying(255) NOT NULL,
    content_type_id integer NOT NULL,
    codename character varying(100) NOT NULL
);


ALTER TABLE public.auth_permission OWNER TO kd_admin;

--
-- Name: auth_permission_id_seq; Type: SEQUENCE; Schema: public; Owner: kd_admin
--

CREATE SEQUENCE auth_permission_id_seq
    START WITH 1
    INCREMENT BY 1
    NO MINVALUE
    NO MAXVALUE
    CACHE 1;


ALTER TABLE public.auth_permission_id_seq OWNER TO kd_admin;

--
-- Name: auth_permission_id_seq; Type: SEQUENCE OWNED BY; Schema: public; Owner: kd_admin
--

ALTER SEQUENCE auth_permission_id_seq OWNED BY auth_permission.id;


--
-- Name: auth_user; Type: TABLE; Schema: public; Owner: kd_admin; Tablespace: 
--

CREATE TABLE auth_user (
    id integer NOT NULL,
    password character varying(128) NOT NULL,
    last_login timestamp with time zone,
    is_superuser boolean NOT NULL,
    username character varying(150) NOT NULL,
    first_name character varying(30) NOT NULL,
    last_name character varying(30) NOT NULL,
    email character varying(254) NOT NULL,
    is_staff boolean NOT NULL,
    is_active boolean NOT NULL,
    date_joined timestamp with time zone NOT NULL
);


ALTER TABLE public.auth_user OWNER TO kd_admin;

--
-- Name: auth_user_groups; Type: TABLE; Schema: public; Owner: kd_admin; Tablespace: 
--

CREATE TABLE auth_user_groups (
    id integer NOT NULL,
    user_id integer NOT NULL,
    group_id integer NOT NULL
);


ALTER TABLE public.auth_user_groups OWNER TO kd_admin;

--
-- Name: auth_user_groups_id_seq; Type: SEQUENCE; Schema: public; Owner: kd_admin
--

CREATE SEQUENCE auth_user_groups_id_seq
    START WITH 1
    INCREMENT BY 1
    NO MINVALUE
    NO MAXVALUE
    CACHE 1;


ALTER TABLE public.auth_user_groups_id_seq OWNER TO kd_admin;

--
-- Name: auth_user_groups_id_seq; Type: SEQUENCE OWNED BY; Schema: public; Owner: kd_admin
--

ALTER SEQUENCE auth_user_groups_id_seq OWNED BY auth_user_groups.id;


--
-- Name: auth_user_id_seq; Type: SEQUENCE; Schema: public; Owner: kd_admin
--

CREATE SEQUENCE auth_user_id_seq
    START WITH 1
    INCREMENT BY 1
    NO MINVALUE
    NO MAXVALUE
    CACHE 1;


ALTER TABLE public.auth_user_id_seq OWNER TO kd_admin;

--
-- Name: auth_user_id_seq; Type: SEQUENCE OWNED BY; Schema: public; Owner: kd_admin
--

ALTER SEQUENCE auth_user_id_seq OWNED BY auth_user.id;


--
-- Name: auth_user_user_permissions; Type: TABLE; Schema: public; Owner: kd_admin; Tablespace: 
--

CREATE TABLE auth_user_user_permissions (
    id integer NOT NULL,
    user_id integer NOT NULL,
    permission_id integer NOT NULL
);


ALTER TABLE public.auth_user_user_permissions OWNER TO kd_admin;

--
-- Name: auth_user_user_permissions_id_seq; Type: SEQUENCE; Schema: public; Owner: kd_admin
--

CREATE SEQUENCE auth_user_user_permissions_id_seq
    START WITH 1
    INCREMENT BY 1
    NO MINVALUE
    NO MAXVALUE
    CACHE 1;


ALTER TABLE public.auth_user_user_permissions_id_seq OWNER TO kd_admin;

--
-- Name: auth_user_user_permissions_id_seq; Type: SEQUENCE OWNED BY; Schema: public; Owner: kd_admin
--

ALTER SEQUENCE auth_user_user_permissions_id_seq OWNED BY auth_user_user_permissions.id;


--
-- Name: django_admin_log; Type: TABLE; Schema: public; Owner: kd_admin; Tablespace: 
--

CREATE TABLE django_admin_log (
    id integer NOT NULL,
    action_time timestamp with time zone NOT NULL,
    object_id text,
    object_repr character varying(200) NOT NULL,
    action_flag smallint NOT NULL,
    change_message text NOT NULL,
    content_type_id integer,
    user_id integer NOT NULL,
    CONSTRAINT django_admin_log_action_flag_check CHECK ((action_flag >= 0))
);


ALTER TABLE public.django_admin_log OWNER TO kd_admin;

--
-- Name: django_admin_log_id_seq; Type: SEQUENCE; Schema: public; Owner: kd_admin
--

CREATE SEQUENCE django_admin_log_id_seq
    START WITH 1
    INCREMENT BY 1
    NO MINVALUE
    NO MAXVALUE
    CACHE 1;


ALTER TABLE public.django_admin_log_id_seq OWNER TO kd_admin;

--
-- Name: django_admin_log_id_seq; Type: SEQUENCE OWNED BY; Schema: public; Owner: kd_admin
--

ALTER SEQUENCE django_admin_log_id_seq OWNED BY django_admin_log.id;


--
-- Name: django_content_type; Type: TABLE; Schema: public; Owner: kd_admin; Tablespace: 
--

CREATE TABLE django_content_type (
    id integer NOT NULL,
    app_label character varying(100) NOT NULL,
    model character varying(100) NOT NULL
);


ALTER TABLE public.django_content_type OWNER TO kd_admin;

--
-- Name: django_content_type_id_seq; Type: SEQUENCE; Schema: public; Owner: kd_admin
--

CREATE SEQUENCE django_content_type_id_seq
    START WITH 1
    INCREMENT BY 1
    NO MINVALUE
    NO MAXVALUE
    CACHE 1;


ALTER TABLE public.django_content_type_id_seq OWNER TO kd_admin;

--
-- Name: django_content_type_id_seq; Type: SEQUENCE OWNED BY; Schema: public; Owner: kd_admin
--

ALTER SEQUENCE django_content_type_id_seq OWNED BY django_content_type.id;


--
-- Name: django_migrations; Type: TABLE; Schema: public; Owner: kd_admin; Tablespace: 
--

CREATE TABLE django_migrations (
    id integer NOT NULL,
    app character varying(255) NOT NULL,
    name character varying(255) NOT NULL,
    applied timestamp with time zone NOT NULL
);


ALTER TABLE public.django_migrations OWNER TO kd_admin;

--
-- Name: django_migrations_id_seq; Type: SEQUENCE; Schema: public; Owner: kd_admin
--

CREATE SEQUENCE django_migrations_id_seq
    START WITH 1
    INCREMENT BY 1
    NO MINVALUE
    NO MAXVALUE
    CACHE 1;


ALTER TABLE public.django_migrations_id_seq OWNER TO kd_admin;

--
-- Name: django_migrations_id_seq; Type: SEQUENCE OWNED BY; Schema: public; Owner: kd_admin
--

ALTER SEQUENCE django_migrations_id_seq OWNED BY django_migrations.id;


--
-- Name: django_session; Type: TABLE; Schema: public; Owner: kd_admin; Tablespace: 
--

CREATE TABLE django_session (
    session_key character varying(40) NOT NULL,
    session_data text NOT NULL,
    expire_date timestamp with time zone NOT NULL
);


ALTER TABLE public.django_session OWNER TO kd_admin;

--
-- Name: dvor_article; Type: TABLE; Schema: public; Owner: kd_admin; Tablespace: 
--

CREATE TABLE dvor_article (
    id integer NOT NULL,
    name character varying(100) NOT NULL,
    slug character varying(50) NOT NULL,
    publish timestamp with time zone NOT NULL,
    description text NOT NULL,
    body text NOT NULL
);


ALTER TABLE public.dvor_article OWNER TO kd_admin;

--
-- Name: dvor_article_id_seq; Type: SEQUENCE; Schema: public; Owner: kd_admin
--

CREATE SEQUENCE dvor_article_id_seq
    START WITH 1
    INCREMENT BY 1
    NO MINVALUE
    NO MAXVALUE
    CACHE 1;


ALTER TABLE public.dvor_article_id_seq OWNER TO kd_admin;

--
-- Name: dvor_article_id_seq; Type: SEQUENCE OWNED BY; Schema: public; Owner: kd_admin
--

ALTER SEQUENCE dvor_article_id_seq OWNED BY dvor_article.id;


--
-- Name: dvor_article_techs; Type: TABLE; Schema: public; Owner: kd_admin; Tablespace: 
--

CREATE TABLE dvor_article_techs (
    id integer NOT NULL,
    article_id integer NOT NULL,
    techno_id integer NOT NULL
);


ALTER TABLE public.dvor_article_techs OWNER TO kd_admin;

--
-- Name: dvor_article_techs_id_seq; Type: SEQUENCE; Schema: public; Owner: kd_admin
--

CREATE SEQUENCE dvor_article_techs_id_seq
    START WITH 1
    INCREMENT BY 1
    NO MINVALUE
    NO MAXVALUE
    CACHE 1;


ALTER TABLE public.dvor_article_techs_id_seq OWNER TO kd_admin;

--
-- Name: dvor_article_techs_id_seq; Type: SEQUENCE OWNED BY; Schema: public; Owner: kd_admin
--

ALTER SEQUENCE dvor_article_techs_id_seq OWNED BY dvor_article_techs.id;


--
-- Name: dvor_project; Type: TABLE; Schema: public; Owner: kd_admin; Tablespace: 
--

CREATE TABLE dvor_project (
    id integer NOT NULL,
    name character varying(25) NOT NULL,
    slug character varying(50) NOT NULL,
    img character varying(100) NOT NULL,
    size character varying(25) NOT NULL
);


ALTER TABLE public.dvor_project OWNER TO kd_admin;

--
-- Name: dvor_project_id_seq; Type: SEQUENCE; Schema: public; Owner: kd_admin
--

CREATE SEQUENCE dvor_project_id_seq
    START WITH 1
    INCREMENT BY 1
    NO MINVALUE
    NO MAXVALUE
    CACHE 1;


ALTER TABLE public.dvor_project_id_seq OWNER TO kd_admin;

--
-- Name: dvor_project_id_seq; Type: SEQUENCE OWNED BY; Schema: public; Owner: kd_admin
--

ALTER SEQUENCE dvor_project_id_seq OWNED BY dvor_project.id;


--
-- Name: dvor_project_techs; Type: TABLE; Schema: public; Owner: kd_admin; Tablespace: 
--

CREATE TABLE dvor_project_techs (
    id integer NOT NULL,
    project_id integer NOT NULL,
    techno_id integer NOT NULL
);


ALTER TABLE public.dvor_project_techs OWNER TO kd_admin;

--
-- Name: dvor_project_techs_id_seq; Type: SEQUENCE; Schema: public; Owner: kd_admin
--

CREATE SEQUENCE dvor_project_techs_id_seq
    START WITH 1
    INCREMENT BY 1
    NO MINVALUE
    NO MAXVALUE
    CACHE 1;


ALTER TABLE public.dvor_project_techs_id_seq OWNER TO kd_admin;

--
-- Name: dvor_project_techs_id_seq; Type: SEQUENCE OWNED BY; Schema: public; Owner: kd_admin
--

ALTER SEQUENCE dvor_project_techs_id_seq OWNED BY dvor_project_techs.id;


--
-- Name: dvor_techno; Type: TABLE; Schema: public; Owner: kd_admin; Tablespace: 
--

CREATE TABLE dvor_techno (
    id integer NOT NULL,
    mnemo character varying(16) NOT NULL,
    name character varying(40) NOT NULL
);


ALTER TABLE public.dvor_techno OWNER TO kd_admin;

--
-- Name: dvor_techno_id_seq; Type: SEQUENCE; Schema: public; Owner: kd_admin
--

CREATE SEQUENCE dvor_techno_id_seq
    START WITH 1
    INCREMENT BY 1
    NO MINVALUE
    NO MAXVALUE
    CACHE 1;


ALTER TABLE public.dvor_techno_id_seq OWNER TO kd_admin;

--
-- Name: dvor_techno_id_seq; Type: SEQUENCE OWNED BY; Schema: public; Owner: kd_admin
--

ALTER SEQUENCE dvor_techno_id_seq OWNED BY dvor_techno.id;


--
-- Name: thumbnail_kvstore; Type: TABLE; Schema: public; Owner: kd_admin; Tablespace: 
--

CREATE TABLE thumbnail_kvstore (
    key character varying(200) NOT NULL,
    value text NOT NULL
);


ALTER TABLE public.thumbnail_kvstore OWNER TO kd_admin;

--
-- Name: id; Type: DEFAULT; Schema: public; Owner: kd_admin
--

ALTER TABLE ONLY auth_group ALTER COLUMN id SET DEFAULT nextval('auth_group_id_seq'::regclass);


--
-- Name: id; Type: DEFAULT; Schema: public; Owner: kd_admin
--

ALTER TABLE ONLY auth_group_permissions ALTER COLUMN id SET DEFAULT nextval('auth_group_permissions_id_seq'::regclass);


--
-- Name: id; Type: DEFAULT; Schema: public; Owner: kd_admin
--

ALTER TABLE ONLY auth_permission ALTER COLUMN id SET DEFAULT nextval('auth_permission_id_seq'::regclass);


--
-- Name: id; Type: DEFAULT; Schema: public; Owner: kd_admin
--

ALTER TABLE ONLY auth_user ALTER COLUMN id SET DEFAULT nextval('auth_user_id_seq'::regclass);


--
-- Name: id; Type: DEFAULT; Schema: public; Owner: kd_admin
--

ALTER TABLE ONLY auth_user_groups ALTER COLUMN id SET DEFAULT nextval('auth_user_groups_id_seq'::regclass);


--
-- Name: id; Type: DEFAULT; Schema: public; Owner: kd_admin
--

ALTER TABLE ONLY auth_user_user_permissions ALTER COLUMN id SET DEFAULT nextval('auth_user_user_permissions_id_seq'::regclass);


--
-- Name: id; Type: DEFAULT; Schema: public; Owner: kd_admin
--

ALTER TABLE ONLY django_admin_log ALTER COLUMN id SET DEFAULT nextval('django_admin_log_id_seq'::regclass);


--
-- Name: id; Type: DEFAULT; Schema: public; Owner: kd_admin
--

ALTER TABLE ONLY django_content_type ALTER COLUMN id SET DEFAULT nextval('django_content_type_id_seq'::regclass);


--
-- Name: id; Type: DEFAULT; Schema: public; Owner: kd_admin
--

ALTER TABLE ONLY django_migrations ALTER COLUMN id SET DEFAULT nextval('django_migrations_id_seq'::regclass);


--
-- Name: id; Type: DEFAULT; Schema: public; Owner: kd_admin
--

ALTER TABLE ONLY dvor_article ALTER COLUMN id SET DEFAULT nextval('dvor_article_id_seq'::regclass);


--
-- Name: id; Type: DEFAULT; Schema: public; Owner: kd_admin
--

ALTER TABLE ONLY dvor_article_techs ALTER COLUMN id SET DEFAULT nextval('dvor_article_techs_id_seq'::regclass);


--
-- Name: id; Type: DEFAULT; Schema: public; Owner: kd_admin
--

ALTER TABLE ONLY dvor_project ALTER COLUMN id SET DEFAULT nextval('dvor_project_id_seq'::regclass);


--
-- Name: id; Type: DEFAULT; Schema: public; Owner: kd_admin
--

ALTER TABLE ONLY dvor_project_techs ALTER COLUMN id SET DEFAULT nextval('dvor_project_techs_id_seq'::regclass);


--
-- Name: id; Type: DEFAULT; Schema: public; Owner: kd_admin
--

ALTER TABLE ONLY dvor_techno ALTER COLUMN id SET DEFAULT nextval('dvor_techno_id_seq'::regclass);


--
-- Data for Name: auth_group; Type: TABLE DATA; Schema: public; Owner: kd_admin
--

COPY auth_group (id, name) FROM stdin;
\.


--
-- Name: auth_group_id_seq; Type: SEQUENCE SET; Schema: public; Owner: kd_admin
--

SELECT pg_catalog.setval('auth_group_id_seq', 1, false);


--
-- Data for Name: auth_group_permissions; Type: TABLE DATA; Schema: public; Owner: kd_admin
--

COPY auth_group_permissions (id, group_id, permission_id) FROM stdin;
\.


--
-- Name: auth_group_permissions_id_seq; Type: SEQUENCE SET; Schema: public; Owner: kd_admin
--

SELECT pg_catalog.setval('auth_group_permissions_id_seq', 1, false);


--
-- Data for Name: auth_permission; Type: TABLE DATA; Schema: public; Owner: kd_admin
--

COPY auth_permission (id, name, content_type_id, codename) FROM stdin;
1	Can add log entry	1	add_logentry
2	Can change log entry	1	change_logentry
3	Can delete log entry	1	delete_logentry
4	Can add group	2	add_group
5	Can change group	2	change_group
6	Can delete group	2	delete_group
7	Can add user	3	add_user
8	Can change user	3	change_user
9	Can delete user	3	delete_user
10	Can add permission	4	add_permission
11	Can change permission	4	change_permission
12	Can delete permission	4	delete_permission
13	Can add content type	5	add_contenttype
14	Can change content type	5	change_contenttype
15	Can delete content type	5	delete_contenttype
16	Can add session	6	add_session
17	Can change session	6	change_session
18	Can delete session	6	delete_session
19	Can add kv store	7	add_kvstore
20	Can change kv store	7	change_kvstore
21	Can delete kv store	7	delete_kvstore
22	Can add project	8	add_project
23	Can change project	8	change_project
24	Can delete project	8	delete_project
25	Can add Технология	9	add_techno
26	Can change Технология	9	change_techno
27	Can delete Технология	9	delete_techno
28	Can add Статья	10	add_article
29	Can change Статья	10	change_article
30	Can delete Статья	10	delete_article
\.


--
-- Name: auth_permission_id_seq; Type: SEQUENCE SET; Schema: public; Owner: kd_admin
--

SELECT pg_catalog.setval('auth_permission_id_seq', 30, true);


--
-- Data for Name: auth_user; Type: TABLE DATA; Schema: public; Owner: kd_admin
--

COPY auth_user (id, password, last_login, is_superuser, username, first_name, last_name, email, is_staff, is_active, date_joined) FROM stdin;
1	pbkdf2_sha256$30000$jIInaCB0FOPH$TtxLX+xcYAwlgK6Smcvb9AA34HuRTbHYsFOFpgt54zs=	2017-01-19 05:41:57.523526+00	t	Polgur			polgur@inbox.ru	t	t	2017-01-19 05:38:07.648313+00
\.


--
-- Data for Name: auth_user_groups; Type: TABLE DATA; Schema: public; Owner: kd_admin
--

COPY auth_user_groups (id, user_id, group_id) FROM stdin;
\.


--
-- Name: auth_user_groups_id_seq; Type: SEQUENCE SET; Schema: public; Owner: kd_admin
--

SELECT pg_catalog.setval('auth_user_groups_id_seq', 1, false);


--
-- Name: auth_user_id_seq; Type: SEQUENCE SET; Schema: public; Owner: kd_admin
--

SELECT pg_catalog.setval('auth_user_id_seq', 1, true);


--
-- Data for Name: auth_user_user_permissions; Type: TABLE DATA; Schema: public; Owner: kd_admin
--

COPY auth_user_user_permissions (id, user_id, permission_id) FROM stdin;
\.


--
-- Name: auth_user_user_permissions_id_seq; Type: SEQUENCE SET; Schema: public; Owner: kd_admin
--

SELECT pg_catalog.setval('auth_user_user_permissions_id_seq', 1, false);


--
-- Data for Name: django_admin_log; Type: TABLE DATA; Schema: public; Owner: kd_admin
--

COPY django_admin_log (id, action_time, object_id, object_repr, action_flag, change_message, content_type_id, user_id) FROM stdin;
1	2017-01-15 08:25:19.232475+00	1	Project object	1	[{"added": {}}]	7	1
2	2017-01-15 09:47:48.620219+00	1	Жевнево	2	[{"changed": {"fields": ["img"]}}]	7	1
3	2017-01-15 10:13:46.35917+00	1	Жевнево	3		7	1
4	2017-01-15 10:14:10.738559+00	2	Жевнево	1	[{"added": {}}]	7	1
5	2017-01-15 10:14:44.509799+00	2	Жевнево	3		7	1
6	2017-01-15 10:15:48.788205+00	3	Жевнево	1	[{"added": {}}]	7	1
7	2017-01-15 14:07:48.129042+00	3	Жевнево	2	[{"changed": {"fields": ["img"]}}]	7	1
8	2017-01-15 14:08:01.535612+00	3	Жевнево	2	[{"changed": {"fields": ["img"]}}]	7	1
9	2017-01-15 14:33:06.050646+00	4	Спасское	1	[{"added": {}}]	7	1
10	2017-01-15 14:34:31.932461+00	5	Саввино	1	[{"added": {}}]	7	1
11	2017-01-15 14:36:16.889976+00	6	Назарово	1	[{"added": {}}]	7	1
12	2017-01-17 15:42:29.633956+00	7	Ивино	1	[{"added": {}}]	7	1
13	2017-01-19 06:03:11.32345+00	1	Комбинированные Термопанели	1	[{"added": {}}]	9	1
14	2017-01-19 06:03:20.380525+00	1	Комбинированные Термопанели	2	[]	9	1
15	2017-01-19 06:03:31.166196+00	2	Сип-Панели	1	[{"added": {}}]	9	1
16	2017-01-19 06:03:41.433537+00	3	Каркасные Дома	1	[{"added": {}}]	9	1
17	2017-01-19 06:03:53.419973+00	4	Дачи	1	[{"added": {}}]	9	1
18	2017-01-19 06:04:01.25075+00	5	Бани	1	[{"added": {}}]	9	1
19	2017-01-19 06:04:30.520111+00	7	Ивино	2	[]	8	1
20	2017-01-19 06:04:34.022006+00	7	Ивино	2	[]	8	1
21	2017-01-19 06:04:39.100645+00	6	Назарово	2	[]	8	1
22	2017-01-19 06:04:42.699978+00	5	Саввино	2	[]	8	1
23	2017-01-19 06:04:46.73531+00	4	Спасское	2	[]	8	1
24	2017-01-19 06:04:53.76863+00	3	Жевнево	2	[]	8	1
25	2017-01-19 06:30:48.220723+00	1	Виды Пиломатериалов	1	[{"added": {}}]	10	1
26	2017-01-19 06:32:53.817555+00	2	Преимущества Каркасных Домов По Канадской Технологии	1	[{"added": {}}]	10	1
\.


--
-- Name: django_admin_log_id_seq; Type: SEQUENCE SET; Schema: public; Owner: kd_admin
--

SELECT pg_catalog.setval('django_admin_log_id_seq', 26, true);


--
-- Data for Name: django_content_type; Type: TABLE DATA; Schema: public; Owner: kd_admin
--

COPY django_content_type (id, app_label, model) FROM stdin;
1	admin	logentry
2	auth	group
3	auth	user
4	auth	permission
5	contenttypes	contenttype
6	sessions	session
7	thumbnail	kvstore
8	dvor	project
9	dvor	techno
10	dvor	article
\.


--
-- Name: django_content_type_id_seq; Type: SEQUENCE SET; Schema: public; Owner: kd_admin
--

SELECT pg_catalog.setval('django_content_type_id_seq', 10, true);


--
-- Data for Name: django_migrations; Type: TABLE DATA; Schema: public; Owner: kd_admin
--

COPY django_migrations (id, app, name, applied) FROM stdin;
1	contenttypes	0001_initial	2017-01-17 10:12:29.454403+00
2	auth	0001_initial	2017-01-17 10:12:29.573941+00
3	admin	0001_initial	2017-01-17 10:12:29.609828+00
4	admin	0002_logentry_remove_auto_add	2017-01-17 10:12:29.646071+00
5	contenttypes	0002_remove_content_type_name	2017-01-17 10:12:29.698448+00
6	auth	0002_alter_permission_name_max_length	2017-01-17 10:12:29.714508+00
7	auth	0003_alter_user_email_max_length	2017-01-17 10:12:29.747346+00
8	auth	0004_alter_user_username_opts	2017-01-17 10:12:29.759215+00
9	auth	0005_alter_user_last_login_null	2017-01-17 10:12:29.7762+00
10	auth	0006_require_contenttypes_0002	2017-01-17 10:12:29.778379+00
11	auth	0007_alter_validators_add_error_messages	2017-01-17 10:12:29.790617+00
12	auth	0008_alter_user_username_max_length	2017-01-17 10:12:29.806787+00
13	dvor	0001_initial	2017-01-17 10:12:29.819584+00
14	dvor	0002_auto_20170115_0821	2017-01-17 10:12:29.885548+00
15	dvor	0003_auto_20170115_0824	2017-01-17 10:12:29.964044+00
16	dvor	0004_auto_20170115_1015	2017-01-17 10:12:29.969898+00
17	dvor	0005_auto_20170115_1406	2017-01-17 10:12:29.975287+00
18	sessions	0001_initial	2017-01-17 10:12:30.005008+00
20	dvor	0006_auto_20170119_0600	2017-01-19 06:01:02.262175+00
21	dvor	0007_auto_20170119_0602	2017-01-19 06:02:33.362561+00
\.


--
-- Name: django_migrations_id_seq; Type: SEQUENCE SET; Schema: public; Owner: kd_admin
--

SELECT pg_catalog.setval('django_migrations_id_seq', 21, true);


--
-- Data for Name: django_session; Type: TABLE DATA; Schema: public; Owner: kd_admin
--

COPY django_session (session_key, session_data, expire_date) FROM stdin;
kfcr0uobmc3cyyqdgma8zx66vzbnb464	ZGZmZmVmNWMyZmIyMjZlOTE4OWI3MGZiOWI1ODUxZTdiOTlmZTZjYTp7Il9hdXRoX3VzZXJfaWQiOiIxIiwiX2F1dGhfdXNlcl9iYWNrZW5kIjoiZGphbmdvLmNvbnRyaWIuYXV0aC5iYWNrZW5kcy5Nb2RlbEJhY2tlbmQiLCJfYXV0aF91c2VyX2hhc2giOiI2YzlmMmZjZGFiY2I1YjM5YzUwN2I5Y2Q3MjllNjA1MGFhMTAyZjYwIn0=	2017-02-02 05:41:57.534254+00
cni2gk1afzy752s7tjkoibtifc3jeotv	ZjZjNGY3ZDJmMmFiNjRiYjkzZTBmYzYzMDQzNGE3MWZkNWNiNTgyYTp7Il9hdXRoX3VzZXJfaGFzaCI6ImQ1MWMzNzM1NDNlZWViMWJhMTUyNDVmNTliMThkNjI2MTc3YzYwMDUiLCJfYXV0aF91c2VyX2lkIjoiMSIsIl9hdXRoX3VzZXJfYmFja2VuZCI6ImRqYW5nby5jb250cmliLmF1dGguYmFja2VuZHMuTW9kZWxCYWNrZW5kIn0=	2017-01-29 08:14:46.392226+00
\.


--
-- Data for Name: dvor_article; Type: TABLE DATA; Schema: public; Owner: kd_admin
--

COPY dvor_article (id, name, slug, publish, description, body) FROM stdin;
1	Виды пиломатериалов	pilomaterial	2017-01-19 06:16:28+00	Современная вагонка заметно от отличается от старой по технологии производства форме и качеству изготовления. Оборудование для производства вагонки стало сложнее, появилась евровагонка с еще более сложным профилем, но функция вагонки осталась такой же — получение красивой, ровной деревянной поверхности без щелей.	ДОСКА ОБРЕЗНАЯ\r\n\r\nИзготавливается из бревна путем его продольной распиловки при этом кромки покрытые корой, обрезаются (отсюда «обрезная»). Таким образом, это доска обрезная не имеет поверхностей, покрытых корой и поэтому она пользуется гораздо большим спросом, чем доска не обрезная. Обрезная доска широко используется в строительстве для внешней и внутренней отделки домов, изготовлении перегородок, полов, перекрытий, потолков, обрешетки (для крыши) и т. п.Обрезная доска изготавливается из хвойных пород дерева, это, как правило ель и сосна следующих размеров: толщина 25, 40, 50 мм, длина 3 и 6 м. Доску толщиной 30мм довольно редко встретишь на рынке т.к. ее делают в основном на заказ рачитильным хозяевам, которые хотят иметь черновой пол потолще, потеплей и одновременно экономить на кубатуре.\r\nСосна прочнее и тяжелее ( 1 м3 — 700-800кг.) т. к. имеет большую плотность, ель не такая прочная и тяжелая (1м3 — 500-600кг.), но лучше сохраняет тепло. Поэтому для внутренней и внешней отделки домов обычно используется пиломатериал из ели. Для изготовления перекрытий обрешетки и других несущих элементов конструкций используется сосновый пиломатериал. Для изготовления ступений, и усиленной стропильной части крыши используется доска сечением 250х50, 300х50, 400х50 и изготавливается на заказ. Цена варируется от 12000 до 16000 руб за 1м3 т.е. цена 1500 до 2000 руб за одну 6м доску не предел.\r\n\r\nДОСКА НЕ ОБРЕЗНАЯ\r\n\r\nИзготавливается из бревна путем его продольной распиловки при этом кромки покрытые корой, не обрезаются (отсюда «не обрезная»). Необрезная доска делается из хвойных, реже из лиственных пород дерева следующих размеров: толщина 25, 40, 50 мм, длина 3 и 6 м.\r\nНе обрезная доска не используются для декоративных целей, а также для покрытия видимых поверхностей, поэтому дополнительная обработка просто-напросто не требуется. Используется она чаще всего для изготовления различных настилов, обшивки, обрешетки крыши, элементов несущих конструкций и других работ, где нет особых требований к внешнему виду.\r\nБРУС\r\nБру, также как доска, изготавливается из бревна путем его продольной распиловки, при этом его толщина составляет 100мм или более. При изготовлении бруса опиливание производится с четырех сторон. Из бруса изготавливаются стены о многие другие элементы деревянных домов: дверные и оконные проемы, конструкции крыши, лаги для настилки полов и т. п.\r\nКачество бруса прямо зависит технологии его изготовления и влажности. Влажность просушенного бруса не должна превышать 10-12%. К сожалению такие параметры влажности сейчас врядли встретишь т.к. ГОСТ уже уходит в прошлое и многие нарушают технологию т.к. на естественную просушку уходит много времени. 150 дней нужно сушить кругляк чтобы напилить брус сечением 150х150. Сечение бруса 250х100, 250х200, 250х250 и длинной 6,7,8 изготавливается на заказ и служит для усиления несущих деталей строения, и стоит очень дорого. Связано это прежде всего с трудностью заготовки, распиловки, транспортировки, да и просто зависит от мастерства мастера.\r\n\r\nВАГОНКА\r\n\r\nОбшивочная доска — широко распространенный материал для внутренней и внешней отделки поверхностей деревом. Название «вагонка» закрепилось за этим видом доски со времен, когда ей обшивали стены товарных вагонов. Это была специальная доска обшивки вагонов с особенными выборками по краям для устранения щелей и плотной подгонки друг к другу. Так называемая «четверть».\r\nСовременная вагонка заметно от отличается от старой по технологии производства форме и качеству изготовления. Оборудование для производства вагонки стало сложнее, появилась евровагонка с еще более сложным профилем, но функция вагонки осталась такой же — получение красивой, ровной деревянной поверхности без щелей.\r\nРазмеры обычной вагонки по ГОСТу установлены от 12 до 25 мм, шириной до 150 мм, длиной до 6000 мм. Для наружной обшивки поверхностей применяется вагонка хвойных пород и осина, для внутренней обшивки — вагонка хвойных и лиственных пород. Соответственно, вагонка толщиной от 18 мм используется снаружи, а вагонка 12 — 16 мм внутри помещений. ГОСТом 8242-88 регулируются профили вагонки, размеры пазов и гребней, допуски, углы и отклонения элементов.\r\nЕвровагонка имеет стандартные размеры по толщине — 13, 16 и 19 мм, при ширине 80, 100, 110 и 120 мм, длиной до 6000 мм. Стандартами устанавливается влажность евровагонки в районе 10 — 15%. Профили евровагонки могут отличаться, но ее характерными элементами являются более глубокое пазогребневое соединение и выборка с внутренней строны доски. Сегодня на рынке строительных материалов представлены несколько видов профилей евровагонки — это «стандарт», «американка», «софтлайн», «ландхау», «блокхаус».
2	Преимущества Каркасных Домов По Канадской Технологии	preimushestva_karkasnih_domov	2017-01-19 06:31:06+00	КАРКАСНЫЕ ДОМА ПО КАНАДСКОЙ ТЕХНОЛОГИИ ИЗ ПАНЕЛЕЙ — ЭТО САМЫЙ ПРАКТИЧНЫЙ СПОСОБ ЗАБЫТЬ ПРО НЕДОСТАТКИ СТРОИТЕЛЬСТВА С ИСПОЛЬЗОВАНИЕМ ДРУГИХ СТРОЙМАТЕРИАЛОВ. К ТАКИМ МИНУСАМ ОТНОСЯТ:\r\nдорогостойкость и сложность возведения конструкции;\r\nнедолговечность и неэкологичность некоторых материалов;\r\nневозможность приступить к отделке непосредственно после окончания строительства;\r\nнеровные стены, которые также мешать сразу же начать отделку;\r\nнеобходимость применения тяжелой строительной техники;	Недостатки домов по канадской технологии\r\n\r\nНедостатки домов по канадской технологии. Как и любая другая технология, каркасные дома по канадской технологии имеют и свои недостатки. В основном к ним относятся пожароопасность, неэкологичность и неустойчивость к биологическим средам. Тем не менее, недостатки стен домов из СИП панелей, по сравнению с недостатками кирпичных стен, очень малы. Чтобы убедиться в этом, давайте поговорим о возможных минусах канадской технологии.\r\n\r\nПожарная безопасность\r\n\r\nПоследствия пожара могут быть катастрофическими независимо от материала стен. И кирпичные дома выгорают так, что стены трескаются. Часто люди боятся СИП-панелей, потому что думают, что при горении выделяются удушающие вредные вещества. Это не так. При горении пенополистирол выделяет такие же вещества, как и древесина. К тому же класс конструктивной пожарной опасности домов из СИП-панелей К3, как у деревянных домов. Однако материала, поддерживающего горение, в канадском доме из СИП панелей много меньше, чем в обычном деревянном. Дело в том, что в SIP-панелях в качестве утеплителя используется пенополистирол типа ПСБ-С, относящийся к группе самозатухающих. Благодаря этому существенно снижается воспламеняемость и распространяемость пламени на поверхности пенополистирола. При горении ПСБ-С выделяется в 8 раз меньше тепловой энергии, чем при горении сухой древесины того же объема. Поэтому для индивидуального (малоэтажного) строительства современные пенополистиролы с точки зрения пожарной опасности — совершенно безопасны.\r\n\r\nНедостатки домов по канадской технологии Пожарная безопасность любого дома в целом обеспечивается рядом мероприятий: огнезащита — конструктивная или обработка огнезащитными красками или составами, соблюдение требований устройства электропроводки, соблюдение пожарных требований устройства нагревательных приборов, печей, каминов и т. п., соблюдение пожарных требований к застройке (противопожарные разрывы, брандмауэры и т. д.) и просто соблюдение правил пожарной безопасности.\r\n\r\nДля каркасного дома по канадской технологии обычно рекомендуют отделку стен гипсокартоном (ГКЛ), причем без направляющих профилей. Стены из SIP панелей это позволяют. Отсутствие продуха между панелями и гипсокартоном затрудняет распространение пламени. Такая стена противостоит открытому огню более 45 минут!\r\n\r\nЭлектропроводку по правилам необходимо, как в любом деревянном доме, делать открытой. Благодаря богатому выбору стройматериалов в настоящее время открытую проводку легко выполнить так, что она станет украшением интерьера.\r\n\r\nГрызуны\r\n\r\nЧто касается грызунов. Это характерно не только для России. Их полно и в развитых странах, где канадские дома эксплуатируются уже более полувека не только как жилища, но и как склады, магазины и т. п. Грызуны проникают в жилище человека самыми разными путями — не обязательно через стены. В SIP панели пенополистирол наглухо закрыт досками и плитами OSB. Это препятствует доступу грызунов к утеплителю. Утверждается, что особая структура плиты OSB-3 создает непреодолимый барьер для грызунов. Пропитанная щепа в составе OSB твердая и хрупкая, как стекло, и работать с OSB приходится в перчатках. Обсуждая безопасность SIP в отношении грызунов, следует помнить, что последние предпочитают использовать в качестве материала своих гнезд мягкие минераловатные утеплители и иные утеплители на основе волокон.\r\n\r\nВывод: пожары, как и грызуны не есть проблема канадских домов. Это проблема любых домов, и меры профилактики здесь абсолютно одинаковы.\r\n\r\nЭкологичность\r\n\r\nЕсли говорить о вредности для здоровья, то речь идет в основном о плитах OSB, применяемых для изготовления SIP. У многих они ассоциируются с ДСП с их фенолами и формальдегидами. Однако уже в самой технологии производства OSB (ОСП) заложено использование на порядок меньшего количества связующего, чем при производстве ДСП.\r\n\r\nПрименение смол, состоящих из собственно смолы, наполнителя и отвердителя, позволяет производить экологически безопасную строительную плиту, поскольку процесс полимеризации окончательно завершается через несколько месяцев после прессования, и эмиссия формальдегидов, по истечении этого времени, не обнаруживается существующими измерительными приборами («Egger», Германия).\r\n\r\nКоличество формальдегида, излучаемого OSB, которые используются в SIP составляет менее 0,1 ppm (частей на миллион). Это значительно ниже допустимого министерством жилищного строительства и городского развития США (HUD) уровня (Structural Insulated Panel Association — SIPA). Отношение американцев и канадцев к экологической чистоте всего, что их окружает, очень трепетное. Придирчивые и взыскательные американские и европейские потребители всерьез озаботились проблемой экологии еще задолго до того, как россиянам стало известно слово «экология». А из SIP за рубежом строят даже больницы, детские учреждения и т. п.\r\n\r\nНедостатки домов по канадской технологииВ России в нормах безопасности разбираются только специалисты. Мало кто сможет объяснить, что означает класс Е1 или Е2 в отношении уровня эмиссии формальдегида. Формальдегид содержится во многих природных объектах, в том числе и в древесине. Плиты OSB, соответствующие уровню эмиссии Е1, испускают свободного формальдегида чуть больше, чем массив древесины. Соответствие Европейскому Е1 (российский менее строг) делает всякие опасения в отношении вреда для здоровья беспочвенными. Безопасным для здоровья в Европе считается и класс Е2 допускающий в два раза большую эмиссию формальдегида, чем Е1. Кстати, класс Е1 присваивается иногда материалам, не содержащим формальдегид в принципе. Если Вы заботитесь о своем здоровье, внимательно ищите эти буковки на упаковке отделочных материалов и мебели.\r\n\r\nПрочность конструкции\r\n\r\nТакже следует заметить, что канадские дома невероятно прочные. Панельно-каркасные дома, пожалуй, самое надежное убежище на время природных катаклизмов.\r\n\r\nБесспорно, малоэтажное строительство из SIP панелей в большинстве случаев на сегодняшний день является самым лучшим решением.\r\n\r\nC анализом российского рынка OSB плит в России можно познакомиться в отчете Академии Конъюнктуры Промышленных Рынков «Рынок OSB плит в России».
\.


--
-- Name: dvor_article_id_seq; Type: SEQUENCE SET; Schema: public; Owner: kd_admin
--

SELECT pg_catalog.setval('dvor_article_id_seq', 2, true);


--
-- Data for Name: dvor_article_techs; Type: TABLE DATA; Schema: public; Owner: kd_admin
--

COPY dvor_article_techs (id, article_id, techno_id) FROM stdin;
1	1	1
2	1	2
3	1	3
4	1	4
5	1	5
6	2	3
\.


--
-- Name: dvor_article_techs_id_seq; Type: SEQUENCE SET; Schema: public; Owner: kd_admin
--

SELECT pg_catalog.setval('dvor_article_techs_id_seq', 6, true);


--
-- Data for Name: dvor_project; Type: TABLE DATA; Schema: public; Owner: kd_admin
--

COPY dvor_project (id, name, slug, img, size) FROM stdin;
7	Ивино	ivino	projects/ivino.jpg	7.5 х 10
6	Назарово	nazarovo	projects/navarovo.jpg	7.85 х 8.10
5	Саввино	savvino	projects/savvino.jpg	8 х 7
4	Спасское	spasskoe	projects/spasskoe.jpg	7,5 х 7,5
3	Жевнево	jevnevo	projects/jevnevo.jpg	7 х 8
\.


--
-- Name: dvor_project_id_seq; Type: SEQUENCE SET; Schema: public; Owner: kd_admin
--

SELECT pg_catalog.setval('dvor_project_id_seq', 7, true);


--
-- Data for Name: dvor_project_techs; Type: TABLE DATA; Schema: public; Owner: kd_admin
--

COPY dvor_project_techs (id, project_id, techno_id) FROM stdin;
1	7	1
2	7	2
3	6	1
4	6	2
5	6	3
6	5	2
7	4	1
8	4	2
9	4	3
10	3	1
11	3	2
\.


--
-- Name: dvor_project_techs_id_seq; Type: SEQUENCE SET; Schema: public; Owner: kd_admin
--

SELECT pg_catalog.setval('dvor_project_techs_id_seq', 11, true);


--
-- Data for Name: dvor_techno; Type: TABLE DATA; Schema: public; Owner: kd_admin
--

COPY dvor_techno (id, mnemo, name) FROM stdin;
1	Термопанели	Комбинированные термопанели
2	СИП-панели	СИП-панели
3	Каркасные	Каркасные дома
4	Дачи	Дачи
5	Бани	Бани
\.


--
-- Name: dvor_techno_id_seq; Type: SEQUENCE SET; Schema: public; Owner: kd_admin
--

SELECT pg_catalog.setval('dvor_techno_id_seq', 5, true);


--
-- Data for Name: thumbnail_kvstore; Type: TABLE DATA; Schema: public; Owner: kd_admin
--

COPY thumbnail_kvstore (key, value) FROM stdin;
sorl-thumbnail||image||537f0225bd83e3ad436b5a693c91ccb4	{"storage": "django.core.files.storage.FileSystemStorage", "name": "projects/jevnevo.jpg", "size": [1024, 576]}
sorl-thumbnail||image||623755a2d3236291125fbeb81b2a1742	{"storage": "django.core.files.storage.FileSystemStorage", "name": "cache/c6/4e/c64e814a80ecdcfbb9a07f8041acbfed.png", "size": [300, 200]}
sorl-thumbnail||thumbnails||537f0225bd83e3ad436b5a693c91ccb4	["623755a2d3236291125fbeb81b2a1742"]
sorl-thumbnail||image||5f1b2d19e2c08bc1520cf39c643cfca5	{"storage": "django.core.files.storage.FileSystemStorage", "name": "projects/spasskoe.jpg", "size": [1024, 576]}
sorl-thumbnail||image||e0eaadc103ed26513a19fa26ff6d2ab6	{"storage": "django.core.files.storage.FileSystemStorage", "name": "cache/6c/a8/6ca8a0cbd4c7a9f2d4cec5e427200d77.png", "size": [300, 200]}
sorl-thumbnail||thumbnails||5f1b2d19e2c08bc1520cf39c643cfca5	["e0eaadc103ed26513a19fa26ff6d2ab6"]
sorl-thumbnail||image||d4af646501a8009eb24c9a8e1359f5fa	{"storage": "django.core.files.storage.FileSystemStorage", "name": "projects/savvino.jpg", "size": [1024, 576]}
sorl-thumbnail||image||c56382fced2cfabbe93fee6349cbac7d	{"storage": "django.core.files.storage.FileSystemStorage", "name": "cache/6a/f3/6af3a76a493d6d9d829954b14637125a.png", "size": [300, 200]}
sorl-thumbnail||thumbnails||d4af646501a8009eb24c9a8e1359f5fa	["c56382fced2cfabbe93fee6349cbac7d"]
sorl-thumbnail||image||f709b4c83b17b757b2f2fe059904ed68	{"storage": "django.core.files.storage.FileSystemStorage", "name": "projects/navarovo.jpg", "size": [1024, 576]}
sorl-thumbnail||image||41c87373e133f59b0f00f03c80ea7674	{"storage": "django.core.files.storage.FileSystemStorage", "name": "cache/72/71/7271807aaf67dcb83832e16aac257747.png", "size": [300, 200]}
sorl-thumbnail||thumbnails||f709b4c83b17b757b2f2fe059904ed68	["41c87373e133f59b0f00f03c80ea7674"]
sorl-thumbnail||image||9b575a0364c0102690dfa071b7619aeb	{"storage": "django.core.files.storage.FileSystemStorage", "name": "projects/ivino.jpg", "size": [949, 534]}
sorl-thumbnail||image||8be45cbfb1d225381fb876a576ea79da	{"storage": "django.core.files.storage.FileSystemStorage", "name": "cache/0a/bd/0abdc11b99d2f51857f6d800f39d35ff.png", "size": [300, 200]}
sorl-thumbnail||thumbnails||9b575a0364c0102690dfa071b7619aeb	["8be45cbfb1d225381fb876a576ea79da"]
\.


--
-- Name: auth_group_name_key; Type: CONSTRAINT; Schema: public; Owner: kd_admin; Tablespace: 
--

ALTER TABLE ONLY auth_group
    ADD CONSTRAINT auth_group_name_key UNIQUE (name);


--
-- Name: auth_group_permissions_group_id_0cd325b0_uniq; Type: CONSTRAINT; Schema: public; Owner: kd_admin; Tablespace: 
--

ALTER TABLE ONLY auth_group_permissions
    ADD CONSTRAINT auth_group_permissions_group_id_0cd325b0_uniq UNIQUE (group_id, permission_id);


--
-- Name: auth_group_permissions_pkey; Type: CONSTRAINT; Schema: public; Owner: kd_admin; Tablespace: 
--

ALTER TABLE ONLY auth_group_permissions
    ADD CONSTRAINT auth_group_permissions_pkey PRIMARY KEY (id);


--
-- Name: auth_group_pkey; Type: CONSTRAINT; Schema: public; Owner: kd_admin; Tablespace: 
--

ALTER TABLE ONLY auth_group
    ADD CONSTRAINT auth_group_pkey PRIMARY KEY (id);


--
-- Name: auth_permission_content_type_id_01ab375a_uniq; Type: CONSTRAINT; Schema: public; Owner: kd_admin; Tablespace: 
--

ALTER TABLE ONLY auth_permission
    ADD CONSTRAINT auth_permission_content_type_id_01ab375a_uniq UNIQUE (content_type_id, codename);


--
-- Name: auth_permission_pkey; Type: CONSTRAINT; Schema: public; Owner: kd_admin; Tablespace: 
--

ALTER TABLE ONLY auth_permission
    ADD CONSTRAINT auth_permission_pkey PRIMARY KEY (id);


--
-- Name: auth_user_groups_pkey; Type: CONSTRAINT; Schema: public; Owner: kd_admin; Tablespace: 
--

ALTER TABLE ONLY auth_user_groups
    ADD CONSTRAINT auth_user_groups_pkey PRIMARY KEY (id);


--
-- Name: auth_user_groups_user_id_94350c0c_uniq; Type: CONSTRAINT; Schema: public; Owner: kd_admin; Tablespace: 
--

ALTER TABLE ONLY auth_user_groups
    ADD CONSTRAINT auth_user_groups_user_id_94350c0c_uniq UNIQUE (user_id, group_id);


--
-- Name: auth_user_pkey; Type: CONSTRAINT; Schema: public; Owner: kd_admin; Tablespace: 
--

ALTER TABLE ONLY auth_user
    ADD CONSTRAINT auth_user_pkey PRIMARY KEY (id);


--
-- Name: auth_user_user_permissions_pkey; Type: CONSTRAINT; Schema: public; Owner: kd_admin; Tablespace: 
--

ALTER TABLE ONLY auth_user_user_permissions
    ADD CONSTRAINT auth_user_user_permissions_pkey PRIMARY KEY (id);


--
-- Name: auth_user_user_permissions_user_id_14a6b632_uniq; Type: CONSTRAINT; Schema: public; Owner: kd_admin; Tablespace: 
--

ALTER TABLE ONLY auth_user_user_permissions
    ADD CONSTRAINT auth_user_user_permissions_user_id_14a6b632_uniq UNIQUE (user_id, permission_id);


--
-- Name: auth_user_username_key; Type: CONSTRAINT; Schema: public; Owner: kd_admin; Tablespace: 
--

ALTER TABLE ONLY auth_user
    ADD CONSTRAINT auth_user_username_key UNIQUE (username);


--
-- Name: django_admin_log_pkey; Type: CONSTRAINT; Schema: public; Owner: kd_admin; Tablespace: 
--

ALTER TABLE ONLY django_admin_log
    ADD CONSTRAINT django_admin_log_pkey PRIMARY KEY (id);


--
-- Name: django_content_type_app_label_76bd3d3b_uniq; Type: CONSTRAINT; Schema: public; Owner: kd_admin; Tablespace: 
--

ALTER TABLE ONLY django_content_type
    ADD CONSTRAINT django_content_type_app_label_76bd3d3b_uniq UNIQUE (app_label, model);


--
-- Name: django_content_type_pkey; Type: CONSTRAINT; Schema: public; Owner: kd_admin; Tablespace: 
--

ALTER TABLE ONLY django_content_type
    ADD CONSTRAINT django_content_type_pkey PRIMARY KEY (id);


--
-- Name: django_migrations_pkey; Type: CONSTRAINT; Schema: public; Owner: kd_admin; Tablespace: 
--

ALTER TABLE ONLY django_migrations
    ADD CONSTRAINT django_migrations_pkey PRIMARY KEY (id);


--
-- Name: django_session_pkey; Type: CONSTRAINT; Schema: public; Owner: kd_admin; Tablespace: 
--

ALTER TABLE ONLY django_session
    ADD CONSTRAINT django_session_pkey PRIMARY KEY (session_key);


--
-- Name: dvor_article_name_key; Type: CONSTRAINT; Schema: public; Owner: kd_admin; Tablespace: 
--

ALTER TABLE ONLY dvor_article
    ADD CONSTRAINT dvor_article_name_key UNIQUE (name);


--
-- Name: dvor_article_pkey; Type: CONSTRAINT; Schema: public; Owner: kd_admin; Tablespace: 
--

ALTER TABLE ONLY dvor_article
    ADD CONSTRAINT dvor_article_pkey PRIMARY KEY (id);


--
-- Name: dvor_article_techs_article_id_5431ff5e_uniq; Type: CONSTRAINT; Schema: public; Owner: kd_admin; Tablespace: 
--

ALTER TABLE ONLY dvor_article_techs
    ADD CONSTRAINT dvor_article_techs_article_id_5431ff5e_uniq UNIQUE (article_id, techno_id);


--
-- Name: dvor_article_techs_pkey; Type: CONSTRAINT; Schema: public; Owner: kd_admin; Tablespace: 
--

ALTER TABLE ONLY dvor_article_techs
    ADD CONSTRAINT dvor_article_techs_pkey PRIMARY KEY (id);


--
-- Name: dvor_project_name_key; Type: CONSTRAINT; Schema: public; Owner: kd_admin; Tablespace: 
--

ALTER TABLE ONLY dvor_project
    ADD CONSTRAINT dvor_project_name_key UNIQUE (name);


--
-- Name: dvor_project_pkey; Type: CONSTRAINT; Schema: public; Owner: kd_admin; Tablespace: 
--

ALTER TABLE ONLY dvor_project
    ADD CONSTRAINT dvor_project_pkey PRIMARY KEY (id);


--
-- Name: dvor_project_techs_pkey; Type: CONSTRAINT; Schema: public; Owner: kd_admin; Tablespace: 
--

ALTER TABLE ONLY dvor_project_techs
    ADD CONSTRAINT dvor_project_techs_pkey PRIMARY KEY (id);


--
-- Name: dvor_project_techs_project_id_a35a6d9b_uniq; Type: CONSTRAINT; Schema: public; Owner: kd_admin; Tablespace: 
--

ALTER TABLE ONLY dvor_project_techs
    ADD CONSTRAINT dvor_project_techs_project_id_a35a6d9b_uniq UNIQUE (project_id, techno_id);


--
-- Name: dvor_techno_mnemo_key; Type: CONSTRAINT; Schema: public; Owner: kd_admin; Tablespace: 
--

ALTER TABLE ONLY dvor_techno
    ADD CONSTRAINT dvor_techno_mnemo_key UNIQUE (mnemo);


--
-- Name: dvor_techno_name_key; Type: CONSTRAINT; Schema: public; Owner: kd_admin; Tablespace: 
--

ALTER TABLE ONLY dvor_techno
    ADD CONSTRAINT dvor_techno_name_key UNIQUE (name);


--
-- Name: dvor_techno_pkey; Type: CONSTRAINT; Schema: public; Owner: kd_admin; Tablespace: 
--

ALTER TABLE ONLY dvor_techno
    ADD CONSTRAINT dvor_techno_pkey PRIMARY KEY (id);


--
-- Name: thumbnail_kvstore_pkey; Type: CONSTRAINT; Schema: public; Owner: kd_admin; Tablespace: 
--

ALTER TABLE ONLY thumbnail_kvstore
    ADD CONSTRAINT thumbnail_kvstore_pkey PRIMARY KEY (key);


--
-- Name: auth_group_name_a6ea08ec_like; Type: INDEX; Schema: public; Owner: kd_admin; Tablespace: 
--

CREATE INDEX auth_group_name_a6ea08ec_like ON auth_group USING btree (name varchar_pattern_ops);


--
-- Name: auth_group_permissions_0e939a4f; Type: INDEX; Schema: public; Owner: kd_admin; Tablespace: 
--

CREATE INDEX auth_group_permissions_0e939a4f ON auth_group_permissions USING btree (group_id);


--
-- Name: auth_group_permissions_8373b171; Type: INDEX; Schema: public; Owner: kd_admin; Tablespace: 
--

CREATE INDEX auth_group_permissions_8373b171 ON auth_group_permissions USING btree (permission_id);


--
-- Name: auth_permission_417f1b1c; Type: INDEX; Schema: public; Owner: kd_admin; Tablespace: 
--

CREATE INDEX auth_permission_417f1b1c ON auth_permission USING btree (content_type_id);


--
-- Name: auth_user_groups_0e939a4f; Type: INDEX; Schema: public; Owner: kd_admin; Tablespace: 
--

CREATE INDEX auth_user_groups_0e939a4f ON auth_user_groups USING btree (group_id);


--
-- Name: auth_user_groups_e8701ad4; Type: INDEX; Schema: public; Owner: kd_admin; Tablespace: 
--

CREATE INDEX auth_user_groups_e8701ad4 ON auth_user_groups USING btree (user_id);


--
-- Name: auth_user_user_permissions_8373b171; Type: INDEX; Schema: public; Owner: kd_admin; Tablespace: 
--

CREATE INDEX auth_user_user_permissions_8373b171 ON auth_user_user_permissions USING btree (permission_id);


--
-- Name: auth_user_user_permissions_e8701ad4; Type: INDEX; Schema: public; Owner: kd_admin; Tablespace: 
--

CREATE INDEX auth_user_user_permissions_e8701ad4 ON auth_user_user_permissions USING btree (user_id);


--
-- Name: auth_user_username_6821ab7c_like; Type: INDEX; Schema: public; Owner: kd_admin; Tablespace: 
--

CREATE INDEX auth_user_username_6821ab7c_like ON auth_user USING btree (username varchar_pattern_ops);


--
-- Name: django_admin_log_417f1b1c; Type: INDEX; Schema: public; Owner: kd_admin; Tablespace: 
--

CREATE INDEX django_admin_log_417f1b1c ON django_admin_log USING btree (content_type_id);


--
-- Name: django_admin_log_e8701ad4; Type: INDEX; Schema: public; Owner: kd_admin; Tablespace: 
--

CREATE INDEX django_admin_log_e8701ad4 ON django_admin_log USING btree (user_id);


--
-- Name: django_session_de54fa62; Type: INDEX; Schema: public; Owner: kd_admin; Tablespace: 
--

CREATE INDEX django_session_de54fa62 ON django_session USING btree (expire_date);


--
-- Name: django_session_session_key_c0390e0f_like; Type: INDEX; Schema: public; Owner: kd_admin; Tablespace: 
--

CREATE INDEX django_session_session_key_c0390e0f_like ON django_session USING btree (session_key varchar_pattern_ops);


--
-- Name: dvor_article_2dbcba41; Type: INDEX; Schema: public; Owner: kd_admin; Tablespace: 
--

CREATE INDEX dvor_article_2dbcba41 ON dvor_article USING btree (slug);


--
-- Name: dvor_article_name_e402f6e5_like; Type: INDEX; Schema: public; Owner: kd_admin; Tablespace: 
--

CREATE INDEX dvor_article_name_e402f6e5_like ON dvor_article USING btree (name varchar_pattern_ops);


--
-- Name: dvor_article_slug_3abf0420_like; Type: INDEX; Schema: public; Owner: kd_admin; Tablespace: 
--

CREATE INDEX dvor_article_slug_3abf0420_like ON dvor_article USING btree (slug varchar_pattern_ops);


--
-- Name: dvor_article_techs_6e599368; Type: INDEX; Schema: public; Owner: kd_admin; Tablespace: 
--

CREATE INDEX dvor_article_techs_6e599368 ON dvor_article_techs USING btree (techno_id);


--
-- Name: dvor_article_techs_a00c1b00; Type: INDEX; Schema: public; Owner: kd_admin; Tablespace: 
--

CREATE INDEX dvor_article_techs_a00c1b00 ON dvor_article_techs USING btree (article_id);


--
-- Name: dvor_project_2dbcba41; Type: INDEX; Schema: public; Owner: kd_admin; Tablespace: 
--

CREATE INDEX dvor_project_2dbcba41 ON dvor_project USING btree (slug);


--
-- Name: dvor_project_name_06d80d5c_like; Type: INDEX; Schema: public; Owner: kd_admin; Tablespace: 
--

CREATE INDEX dvor_project_name_06d80d5c_like ON dvor_project USING btree (name varchar_pattern_ops);


--
-- Name: dvor_project_slug_f6d15e4a_like; Type: INDEX; Schema: public; Owner: kd_admin; Tablespace: 
--

CREATE INDEX dvor_project_slug_f6d15e4a_like ON dvor_project USING btree (slug varchar_pattern_ops);


--
-- Name: dvor_project_techs_6e599368; Type: INDEX; Schema: public; Owner: kd_admin; Tablespace: 
--

CREATE INDEX dvor_project_techs_6e599368 ON dvor_project_techs USING btree (techno_id);


--
-- Name: dvor_project_techs_b098ad43; Type: INDEX; Schema: public; Owner: kd_admin; Tablespace: 
--

CREATE INDEX dvor_project_techs_b098ad43 ON dvor_project_techs USING btree (project_id);


--
-- Name: dvor_techno_mnemo_6de65c7a_like; Type: INDEX; Schema: public; Owner: kd_admin; Tablespace: 
--

CREATE INDEX dvor_techno_mnemo_6de65c7a_like ON dvor_techno USING btree (mnemo varchar_pattern_ops);


--
-- Name: dvor_techno_name_e1f583fb_like; Type: INDEX; Schema: public; Owner: kd_admin; Tablespace: 
--

CREATE INDEX dvor_techno_name_e1f583fb_like ON dvor_techno USING btree (name varchar_pattern_ops);


--
-- Name: thumbnail_kvstore_key_3f850178_like; Type: INDEX; Schema: public; Owner: kd_admin; Tablespace: 
--

CREATE INDEX thumbnail_kvstore_key_3f850178_like ON thumbnail_kvstore USING btree (key varchar_pattern_ops);


--
-- Name: auth_group_permiss_permission_id_84c5c92e_fk_auth_permission_id; Type: FK CONSTRAINT; Schema: public; Owner: kd_admin
--

ALTER TABLE ONLY auth_group_permissions
    ADD CONSTRAINT auth_group_permiss_permission_id_84c5c92e_fk_auth_permission_id FOREIGN KEY (permission_id) REFERENCES auth_permission(id) DEFERRABLE INITIALLY DEFERRED;


--
-- Name: auth_group_permissions_group_id_b120cbf9_fk_auth_group_id; Type: FK CONSTRAINT; Schema: public; Owner: kd_admin
--

ALTER TABLE ONLY auth_group_permissions
    ADD CONSTRAINT auth_group_permissions_group_id_b120cbf9_fk_auth_group_id FOREIGN KEY (group_id) REFERENCES auth_group(id) DEFERRABLE INITIALLY DEFERRED;


--
-- Name: auth_permiss_content_type_id_2f476e4b_fk_django_content_type_id; Type: FK CONSTRAINT; Schema: public; Owner: kd_admin
--

ALTER TABLE ONLY auth_permission
    ADD CONSTRAINT auth_permiss_content_type_id_2f476e4b_fk_django_content_type_id FOREIGN KEY (content_type_id) REFERENCES django_content_type(id) DEFERRABLE INITIALLY DEFERRED;


--
-- Name: auth_user_groups_group_id_97559544_fk_auth_group_id; Type: FK CONSTRAINT; Schema: public; Owner: kd_admin
--

ALTER TABLE ONLY auth_user_groups
    ADD CONSTRAINT auth_user_groups_group_id_97559544_fk_auth_group_id FOREIGN KEY (group_id) REFERENCES auth_group(id) DEFERRABLE INITIALLY DEFERRED;


--
-- Name: auth_user_groups_user_id_6a12ed8b_fk_auth_user_id; Type: FK CONSTRAINT; Schema: public; Owner: kd_admin
--

ALTER TABLE ONLY auth_user_groups
    ADD CONSTRAINT auth_user_groups_user_id_6a12ed8b_fk_auth_user_id FOREIGN KEY (user_id) REFERENCES auth_user(id) DEFERRABLE INITIALLY DEFERRED;


--
-- Name: auth_user_user_per_permission_id_1fbb5f2c_fk_auth_permission_id; Type: FK CONSTRAINT; Schema: public; Owner: kd_admin
--

ALTER TABLE ONLY auth_user_user_permissions
    ADD CONSTRAINT auth_user_user_per_permission_id_1fbb5f2c_fk_auth_permission_id FOREIGN KEY (permission_id) REFERENCES auth_permission(id) DEFERRABLE INITIALLY DEFERRED;


--
-- Name: auth_user_user_permissions_user_id_a95ead1b_fk_auth_user_id; Type: FK CONSTRAINT; Schema: public; Owner: kd_admin
--

ALTER TABLE ONLY auth_user_user_permissions
    ADD CONSTRAINT auth_user_user_permissions_user_id_a95ead1b_fk_auth_user_id FOREIGN KEY (user_id) REFERENCES auth_user(id) DEFERRABLE INITIALLY DEFERRED;


--
-- Name: django_admin_content_type_id_c4bce8eb_fk_django_content_type_id; Type: FK CONSTRAINT; Schema: public; Owner: kd_admin
--

ALTER TABLE ONLY django_admin_log
    ADD CONSTRAINT django_admin_content_type_id_c4bce8eb_fk_django_content_type_id FOREIGN KEY (content_type_id) REFERENCES django_content_type(id) DEFERRABLE INITIALLY DEFERRED;


--
-- Name: django_admin_log_user_id_c564eba6_fk_auth_user_id; Type: FK CONSTRAINT; Schema: public; Owner: kd_admin
--

ALTER TABLE ONLY django_admin_log
    ADD CONSTRAINT django_admin_log_user_id_c564eba6_fk_auth_user_id FOREIGN KEY (user_id) REFERENCES auth_user(id) DEFERRABLE INITIALLY DEFERRED;


--
-- Name: dvor_article_techs_article_id_27f4f157_fk_dvor_article_id; Type: FK CONSTRAINT; Schema: public; Owner: kd_admin
--

ALTER TABLE ONLY dvor_article_techs
    ADD CONSTRAINT dvor_article_techs_article_id_27f4f157_fk_dvor_article_id FOREIGN KEY (article_id) REFERENCES dvor_article(id) DEFERRABLE INITIALLY DEFERRED;


--
-- Name: dvor_article_techs_techno_id_bdf34ebd_fk_dvor_techno_id; Type: FK CONSTRAINT; Schema: public; Owner: kd_admin
--

ALTER TABLE ONLY dvor_article_techs
    ADD CONSTRAINT dvor_article_techs_techno_id_bdf34ebd_fk_dvor_techno_id FOREIGN KEY (techno_id) REFERENCES dvor_techno(id) DEFERRABLE INITIALLY DEFERRED;


--
-- Name: dvor_project_techs_project_id_c79f6ab5_fk_dvor_project_id; Type: FK CONSTRAINT; Schema: public; Owner: kd_admin
--

ALTER TABLE ONLY dvor_project_techs
    ADD CONSTRAINT dvor_project_techs_project_id_c79f6ab5_fk_dvor_project_id FOREIGN KEY (project_id) REFERENCES dvor_project(id) DEFERRABLE INITIALLY DEFERRED;


--
-- Name: dvor_project_techs_techno_id_cf0bfa1d_fk_dvor_techno_id; Type: FK CONSTRAINT; Schema: public; Owner: kd_admin
--

ALTER TABLE ONLY dvor_project_techs
    ADD CONSTRAINT dvor_project_techs_techno_id_cf0bfa1d_fk_dvor_techno_id FOREIGN KEY (techno_id) REFERENCES dvor_techno(id) DEFERRABLE INITIALLY DEFERRED;


--
-- Name: public; Type: ACL; Schema: -; Owner: postgres
--

REVOKE ALL ON SCHEMA public FROM PUBLIC;
REVOKE ALL ON SCHEMA public FROM postgres;
GRANT ALL ON SCHEMA public TO postgres;
GRANT ALL ON SCHEMA public TO PUBLIC;


--
-- PostgreSQL database dump complete
--

